system:index,CBI,def,dmirbi,dndvi,lat,post_mirbi,rbr,unique_id,.geo
00000000000000001d38,1.24,144.0,49.0,-49.0,30.0,2907.0,-50.0,4944.0,"{""type"":""MultiPoint"",""coordinates"":[]}"
00000000000000001d39,1.15,144.0,56.0,-36.0,30.0,2864.0,-37.0,4945.0,"{""type"":""MultiPoint"",""coordinates"":[]}"
00000000000000001d3a,1.0,144.0,19.0,-31.0,30.0,2898.0,-30.0,4946.0,"{""type"":""MultiPoint"",""coordinates"":[]}"
00000000000000001d3b,1.0,144.0,55.0,25.0,30.0,2830.0,-34.0,4947.0,"{""type"":""MultiPoint"",""coordinates"":[]}"
00000000000000001d3c,1.21,144.0,140.0,0.0,30.0,2806.0,-44.0,4948.0,"{""type"":""MultiPoint"",""coordinates"":[]}"
00000000000000001d3d,0.86,144.0,-17.0,-18.0,30.0,2942.0,-28.0,4949.0,"{""type"":""MultiPoint"",""coordinates"":[]}"
00000000000000001d3e,1.02,144.0,-7.0,-16.0,30.0,2984.0,-9.0,4950.0,"{""type"":""MultiPoint"",""coordinates"":[]}"
00000000000000001d3f,1.02,144.0,-46.0,-37.0,30.0,2913.0,-49.0,4951.0,"{""type"":""MultiPoint"",""coordinates"":[]}"
00000000000000001d40,0.74,144.0,108.0,-57.0,30.0,2892.0,-53.0,4952.0,"{""type"":""MultiPoint"",""coordinates"":[]}"
00000000000000001d41,0.83,144.0,15.0,-60.0,30.0,2903.0,-86.0,4953.0,"{""type"":""MultiPoint"",""coordinates"":[]}"
00000000000000001d44,1.93,144.0,28.0,-36.0,30.0,2901.0,9.0,4956.0,"{""type"":""MultiPoint"",""coordinates"":[]}"
00000000000000001d45,1.78,144.0,65.0,-63.0,30.0,2872.0,-11.0,4957.0,"{""type"":""MultiPoint"",""coordinates"":[]}"
00000000000000001d58,1.68,144.0,127.0,28.0,30.0,2996.0,61.0,4976.0,"{""type"":""MultiPoint"",""coordinates"":[]}"
00000000000000001d62,0.54,144.0,70.0,-92.0,30.0,2911.0,-30.0,4986.0,"{""type"":""MultiPoint"",""coordinates"":[]}"
00000000000000001d63,1.18,144.0,150.0,10.0,30.0,2866.0,-2.0,4987.0,"{""type"":""MultiPoint"",""coordinates"":[]}"
00000000000000001d64,0.61,144.0,112.0,-31.0,30.0,2921.0,-5.0,4988.0,"{""type"":""MultiPoint"",""coordinates"":[]}"
00000000000000001d7d,0.75,144.0,64.0,-36.0,30.0,2920.0,12.0,5013.0,"{""type"":""MultiPoint"",""coordinates"":[]}"
00000000000000001dc2,1.32,144.0,115.0,102.0,30.0,3048.0,96.0,5082.0,"{""type"":""MultiPoint"",""coordinates"":[]}"
00000000000000001dc3,1.23,144.0,57.0,86.0,30.0,2962.0,83.0,5083.0,"{""type"":""MultiPoint"",""coordinates"":[]}"
00000000000000001dc4,1.23,144.0,95.0,25.0,30.0,2831.0,6.0,5084.0,"{""type"":""MultiPoint"",""coordinates"":[]}"
00000000000000001dc5,1.4,144.0,-39.0,13.0,30.0,2958.0,27.0,5085.0,"{""type"":""MultiPoint"",""coordinates"":[]}"
00000000000000001dca,1.11,144.0,267.0,132.0,30.0,3117.0,91.0,5090.0,"{""type"":""MultiPoint"",""coordinates"":[]}"
00000000000000001dcb,1.69,144.0,158.0,147.0,30.0,3062.0,136.0,5091.0,"{""type"":""MultiPoint"",""coordinates"":[]}"
00000000000000001dcc,1.42,144.0,69.0,128.0,30.0,2994.0,111.0,5092.0,"{""type"":""MultiPoint"",""coordinates"":[]}"
00000000000000001dd9,1.15,144.0,11.0,137.0,30.0,2976.0,129.0,5105.0,"{""type"":""MultiPoint"",""coordinates"":[]}"
00000000000000001dda,1.42,144.0,-51.0,216.0,30.0,3012.0,165.0,5106.0,"{""type"":""MultiPoint"",""coordinates"":[]}"
00000000000000001ddb,1.06,144.0,88.0,146.0,30.0,3100.0,141.0,5107.0,"{""type"":""MultiPoint"",""coordinates"":[]}"
00000000000000001ddc,0.86,144.0,-76.0,108.0,30.0,3146.0,80.0,5108.0,"{""type"":""MultiPoint"",""coordinates"":[]}"
00000000000000001de5,0.93,144.0,201.0,103.0,30.0,2967.0,109.0,5117.0,"{""type"":""MultiPoint"",""coordinates"":[]}"
00000000000000001de6,0.74,144.0,9.0,95.0,30.0,3012.0,76.0,5118.0,"{""type"":""MultiPoint"",""coordinates"":[]}"
00000000000000001de7,0.79,144.0,218.0,113.0,30.0,2827.0,87.0,5119.0,"{""type"":""MultiPoint"",""coordinates"":[]}"
00000000000000001de8,1.04,144.0,198.0,110.0,30.0,2732.0,83.0,5120.0,"{""type"":""MultiPoint"",""coordinates"":[]}"
00000000000000001e04,0.58,144.0,217.0,123.0,30.0,3000.0,118.0,5148.0,"{""type"":""MultiPoint"",""coordinates"":[]}"
00000000000000001e05,0.73,144.0,51.0,96.0,30.0,2974.0,78.0,5149.0,"{""type"":""MultiPoint"",""coordinates"":[]}"
00000000000000001e06,0.88,144.0,207.0,120.0,30.0,2844.0,96.0,5150.0,"{""type"":""MultiPoint"",""coordinates"":[]}"
00000000000000001dc7,1.86,145.0,14.0,129.0,30.0,2955.0,170.0,5087.0,"{""type"":""MultiPoint"",""coordinates"":[]}"
00000000000000001dc8,1.99,145.0,132.0,97.0,30.0,3071.0,91.0,5088.0,"{""type"":""MultiPoint"",""coordinates"":[]}"
00000000000000001dc9,1.63,145.0,212.0,131.0,30.0,2944.0,91.0,5089.0,"{""type"":""MultiPoint"",""coordinates"":[]}"
00000000000000001dcd,1.4,145.0,111.0,129.0,30.0,2954.0,153.0,5093.0,"{""type"":""MultiPoint"",""coordinates"":[]}"
00000000000000001dce,1.58,145.0,208.0,152.0,30.0,2968.0,101.0,5094.0,"{""type"":""MultiPoint"",""coordinates"":[]}"
00000000000000001ddf,1.31,145.0,-59.0,116.0,30.0,2951.0,173.0,5111.0,"{""type"":""MultiPoint"",""coordinates"":[]}"
00000000000000001de0,1.25,145.0,20.0,87.0,30.0,2955.0,106.0,5112.0,"{""type"":""MultiPoint"",""coordinates"":[]}"
00000000000000001de1,1.35,145.0,79.0,102.0,30.0,2856.0,142.0,5113.0,"{""type"":""MultiPoint"",""coordinates"":[]}"
00000000000000001de2,1.28,145.0,93.0,165.0,30.0,2992.0,181.0,5114.0,"{""type"":""MultiPoint"",""coordinates"":[]}"
00000000000000001de3,1.15,145.0,157.0,172.0,30.0,2997.0,154.0,5115.0,"{""type"":""MultiPoint"",""coordinates"":[]}"
00000000000000001df8,1.21,145.0,-58.0,136.0,30.0,2893.0,190.0,5136.0,"{""type"":""MultiPoint"",""coordinates"":[]}"
00000000000000001df9,1.38,145.0,74.0,114.0,30.0,2945.0,136.0,5137.0,"{""type"":""MultiPoint"",""coordinates"":[]}"
00000000000000001dfa,1.19,145.0,65.0,103.0,30.0,2865.0,147.0,5138.0,"{""type"":""MultiPoint"",""coordinates"":[]}"
00000000000000001dfb,1.34,145.0,216.0,94.0,30.0,2874.0,130.0,5139.0,"{""type"":""MultiPoint"",""coordinates"":[]}"
00000000000000001d2b,1.07,146.0,128.0,41.0,30.0,2809.0,84.0,4931.0,"{""type"":""MultiPoint"",""coordinates"":[]}"
00000000000000001d2e,1.54,146.0,-58.0,-67.0,30.0,2758.0,-41.0,4934.0,"{""type"":""MultiPoint"",""coordinates"":[]}"
00000000000000001d2f,1.7,146.0,3.0,-33.0,30.0,2774.0,-22.0,4935.0,"{""type"":""MultiPoint"",""coordinates"":[]}"
00000000000000001d31,2.11,146.0,-48.0,-32.0,30.0,2798.0,9.0,4937.0,"{""type"":""MultiPoint"",""coordinates"":[]}"
00000000000000001d32,1.99,146.0,-54.0,-42.0,30.0,2824.0,1.0,4938.0,"{""type"":""MultiPoint"",""coordinates"":[]}"
00000000000000001d36,1.65,146.0,-2.0,-65.0,30.0,2866.0,-62.0,4942.0,"{""type"":""MultiPoint"",""coordinates"":[]}"
00000000000000001d37,1.72,146.0,-33.0,-64.0,30.0,2877.0,-61.0,4943.0,"{""type"":""MultiPoint"",""coordinates"":[]}"
00000000000000001d90,1.51,146.0,191.0,-41.0,30.0,2840.0,9.0,5032.0,"{""type"":""MultiPoint"",""coordinates"":[]}"
00000000000000001dc6,1.65,146.0,19.0,135.0,30.0,2874.0,175.0,5086.0,"{""type"":""MultiPoint"",""coordinates"":[]}"
00000000000000001dde,1.19,146.0,-97.0,138.0,30.0,2874.0,180.0,5110.0,"{""type"":""MultiPoint"",""coordinates"":[]}"
00000000000000001df7,1.14,146.0,33.0,129.0,30.0,2874.0,145.0,5135.0,"{""type"":""MultiPoint"",""coordinates"":[]}"
00000000000000001d27,1.96,147.0,41.0,231.0,30.0,2843.0,255.0,4927.0,"{""type"":""MultiPoint"",""coordinates"":[]}"
00000000000000001d28,1.08,147.0,162.0,88.0,30.0,3035.0,98.0,4928.0,"{""type"":""MultiPoint"",""coordinates"":[]}"
00000000000000001d29,1.7,147.0,203.0,86.0,30.0,2938.0,118.0,4929.0,"{""type"":""MultiPoint"",""coordinates"":[]}"
00000000000000001d2a,1.67,147.0,188.0,75.0,30.0,2913.0,108.0,4930.0,"{""type"":""MultiPoint"",""coordinates"":[]}"
00000000000000001d2c,1.48,147.0,146.0,109.0,30.0,2864.0,144.0,4932.0,"{""type"":""MultiPoint"",""coordinates"":[]}"
00000000000000001d33,1.61,147.0,-39.0,-58.0,30.0,2820.0,-55.0,4939.0,"{""type"":""MultiPoint"",""coordinates"":[]}"
00000000000000001d34,1.4,147.0,43.0,-75.0,30.0,2812.0,-74.0,4940.0,"{""type"":""MultiPoint"",""coordinates"":[]}"
00000000000000001d35,1.4,147.0,-55.0,-63.0,30.0,2846.0,-64.0,4941.0,"{""type"":""MultiPoint"",""coordinates"":[]}"
00000000000000001d85,1.95,147.0,189.0,-54.0,30.0,2877.0,26.0,5021.0,"{""type"":""MultiPoint"",""coordinates"":[]}"
00000000000000001d86,2.01,147.0,194.0,-47.0,30.0,2854.0,36.0,5022.0,"{""type"":""MultiPoint"",""coordinates"":[]}"
00000000000000001d87,2.06,147.0,196.0,-16.0,30.0,2909.0,62.0,5023.0,"{""type"":""MultiPoint"",""coordinates"":[]}"
00000000000000001d88,1.32,147.0,94.0,-32.0,30.0,3051.0,6.0,5024.0,"{""type"":""MultiPoint"",""coordinates"":[]}"
00000000000000001d89,1.73,147.0,243.0,-8.0,30.0,2804.0,8.0,5025.0,"{""type"":""MultiPoint"",""coordinates"":[]}"
00000000000000001d8a,1.76,147.0,149.0,-11.0,30.0,2848.0,40.0,5026.0,"{""type"":""MultiPoint"",""coordinates"":[]}"
00000000000000001d8b,1.78,147.0,137.0,-7.0,30.0,2964.0,37.0,5027.0,"{""type"":""MultiPoint"",""coordinates"":[]}"
00000000000000001d8c,0.97,147.0,155.0,-14.0,30.0,2983.0,24.0,5028.0,"{""type"":""MultiPoint"",""coordinates"":[]}"
00000000000000001d8d,1.4,147.0,22.0,-9.0,30.0,2898.0,19.0,5029.0,"{""type"":""MultiPoint"",""coordinates"":[]}"
00000000000000001d8e,1.57,147.0,100.0,11.0,30.0,2925.0,46.0,5030.0,"{""type"":""MultiPoint"",""coordinates"":[]}"
00000000000000001d8f,1.76,147.0,132.0,-13.0,30.0,2892.0,42.0,5031.0,"{""type"":""MultiPoint"",""coordinates"":[]}"
00000000000000001d91,1.74,147.0,142.0,-4.0,30.0,2940.0,52.0,5033.0,"{""type"":""MultiPoint"",""coordinates"":[]}"
00000000000000001d92,1.61,147.0,94.0,-44.0,30.0,2935.0,17.0,5034.0,"{""type"":""MultiPoint"",""coordinates"":[]}"
00000000000000001d98,1.92,147.0,88.0,7.0,30.0,2874.0,80.0,5040.0,"{""type"":""MultiPoint"",""coordinates"":[]}"
00000000000000001d99,1.82,147.0,68.0,8.0,30.0,2881.0,67.0,5041.0,"{""type"":""MultiPoint"",""coordinates"":[]}"
00000000000000001d9d,1.85,147.0,86.0,-32.0,30.0,2896.0,5.0,5045.0,"{""type"":""MultiPoint"",""coordinates"":[]}"
00000000000000001d9e,1.98,147.0,216.0,-10.0,30.0,2831.0,55.0,5046.0,"{""type"":""MultiPoint"",""coordinates"":[]}"
00000000000000001da0,1.2,147.0,140.0,-90.0,30.0,2902.0,-55.0,5048.0,"{""type"":""MultiPoint"",""coordinates"":[]}"
00000000000000001da1,0.97,147.0,41.0,-47.0,30.0,3023.0,-28.0,5049.0,"{""type"":""MultiPoint"",""coordinates"":[]}"
00000000000000001da2,1.29,147.0,127.0,-68.0,30.0,3026.0,-36.0,5050.0,"{""type"":""MultiPoint"",""coordinates"":[]}"
00000000000000001da3,1.67,147.0,66.0,-46.0,30.0,2904.0,10.0,5051.0,"{""type"":""MultiPoint"",""coordinates"":[]}"
00000000000000001d95,0.98,148.0,41.0,-40.0,30.0,2936.0,0.0,5037.0,"{""type"":""MultiPoint"",""coordinates"":[]}"
00000000000000001d96,1.66,148.0,36.0,-24.0,30.0,2913.0,41.0,5038.0,"{""type"":""MultiPoint"",""coordinates"":[]}"
00000000000000001d97,1.91,148.0,66.0,-9.0,30.0,2878.0,64.0,5039.0,"{""type"":""MultiPoint"",""coordinates"":[]}"
00000000000000001d9a,1.5,148.0,83.0,-70.0,30.0,3031.0,-29.0,5042.0,"{""type"":""MultiPoint"",""coordinates"":[]}"
00000000000000001d9b,1.58,148.0,64.0,-54.0,30.0,2961.0,11.0,5043.0,"{""type"":""MultiPoint"",""coordinates"":[]}"
00000000000000001d9c,1.35,148.0,81.0,-74.0,30.0,3001.0,-35.0,5044.0,"{""type"":""MultiPoint"",""coordinates"":[]}"
00000000000000001d9f,1.35,148.0,49.0,-79.0,30.0,2940.0,-2.0,5047.0,"{""type"":""MultiPoint"",""coordinates"":[]}"
00000000000000001da4,1.52,148.0,56.0,-64.0,30.0,2929.0,20.0,5052.0,"{""type"":""MultiPoint"",""coordinates"":[]}"
00000000000000001da5,1.21,148.0,87.0,-71.0,30.0,3067.0,-12.0,5053.0,"{""type"":""MultiPoint"",""coordinates"":[]}"
00000000000000001da6,1.51,148.0,74.0,-30.0,30.0,2964.0,30.0,5054.0,"{""type"":""MultiPoint"",""coordinates"":[]}"
00000000000000001da7,1.52,148.0,139.0,-24.0,30.0,2967.0,33.0,5055.0,"{""type"":""MultiPoint"",""coordinates"":[]}"
00000000000000001da8,1.29,148.0,21.0,-82.0,30.0,3034.0,-44.0,5056.0,"{""type"":""MultiPoint"",""coordinates"":[]}"
00000000000000001da9,1.23,148.0,47.0,-55.0,30.0,3018.0,-21.0,5057.0,"{""type"":""MultiPoint"",""coordinates"":[]}"
00000000000000001daa,1.49,148.0,53.0,-26.0,30.0,3036.0,27.0,5058.0,"{""type"":""MultiPoint"",""coordinates"":[]}"
00000000000000001dab,1.08,148.0,-2.0,-60.0,30.0,3035.0,-5.0,5059.0,"{""type"":""MultiPoint"",""coordinates"":[]}"
00000000000000001dac,1.68,148.0,75.0,-43.0,30.0,3042.0,17.0,5060.0,"{""type"":""MultiPoint"",""coordinates"":[]}"
00000000000000001dad,1.54,148.0,70.0,-41.0,30.0,2979.0,14.0,5061.0,"{""type"":""MultiPoint"",""coordinates"":[]}"
00000000000000001db0,1.33,141.0,152.0,-52.0,30.0,2788.0,-43.0,5064.0,"{""type"":""MultiPoint"",""coordinates"":[]}"
00000000000000001df6,0.84,141.0,156.0,124.0,30.0,2951.0,40.0,5134.0,"{""type"":""MultiPoint"",""coordinates"":[]}"
00000000000000001d49,1.47,142.0,146.0,-40.0,30.0,2853.0,0.0,4961.0,"{""type"":""MultiPoint"",""coordinates"":[]}"
00000000000000001d4a,1.73,142.0,35.0,59.0,30.0,3108.0,99.0,4962.0,"{""type"":""MultiPoint"",""coordinates"":[]}"
00000000000000001d4b,1.9,142.0,21.0,-4.0,30.0,2928.0,47.0,4963.0,"{""type"":""MultiPoint"",""coordinates"":[]}"
00000000000000001d4c,1.66,142.0,53.0,10.0,30.0,2918.0,56.0,4964.0,"{""type"":""MultiPoint"",""coordinates"":[]}"
00000000000000001d4d,1.07,142.0,37.0,17.0,30.0,3066.0,65.0,4965.0,"{""type"":""MultiPoint"",""coordinates"":[]}"
00000000000000001d53,1.46,142.0,-100.0,-17.0,30.0,3004.0,10.0,4971.0,"{""type"":""MultiPoint"",""coordinates"":[]}"
00000000000000001d54,1.6,142.0,-2.0,-23.0,30.0,2900.0,-16.0,4972.0,"{""type"":""MultiPoint"",""coordinates"":[]}"
00000000000000001d55,1.03,142.0,-30.0,-19.0,30.0,3011.0,12.0,4973.0,"{""type"":""MultiPoint"",""coordinates"":[]}"
00000000000000001d56,1.54,142.0,39.0,-13.0,30.0,2908.0,38.0,4974.0,"{""type"":""MultiPoint"",""coordinates"":[]}"
00000000000000001d57,1.02,142.0,114.0,-10.0,30.0,3130.0,24.0,4975.0,"{""type"":""MultiPoint"",""coordinates"":[]}"
00000000000000001d5e,1.72,142.0,19.0,-42.0,30.0,3006.0,16.0,4982.0,"{""type"":""MultiPoint"",""coordinates"":[]}"
00000000000000001d5f,1.66,142.0,-31.0,-67.0,30.0,2887.0,-9.0,4983.0,"{""type"":""MultiPoint"",""coordinates"":[]}"
00000000000000001d60,1.69,142.0,-9.0,-22.0,30.0,2811.0,0.0,4984.0,"{""type"":""MultiPoint"",""coordinates"":[]}"
00000000000000001d61,1.44,142.0,-25.0,-38.0,30.0,2870.0,5.0,4985.0,"{""type"":""MultiPoint"",""coordinates"":[]}"
00000000000000001d6a,1.25,142.0,-122.0,12.0,30.0,3023.0,64.0,4994.0,"{""type"":""MultiPoint"",""coordinates"":[]}"
00000000000000001d6b,1.27,142.0,-38.0,21.0,30.0,2992.0,47.0,4995.0,"{""type"":""MultiPoint"",""coordinates"":[]}"
00000000000000001d6c,1.36,142.0,18.0,-31.0,30.0,2837.0,-1.0,4996.0,"{""type"":""MultiPoint"",""coordinates"":[]}"
00000000000000001d6d,1.31,142.0,13.0,-13.0,30.0,2804.0,-1.0,4997.0,"{""type"":""MultiPoint"",""coordinates"":[]}"
00000000000000001d6e,1.12,142.0,13.0,-31.0,30.0,2887.0,19.0,4998.0,"{""type"":""MultiPoint"",""coordinates"":[]}"
00000000000000001d6f,1.15,142.0,188.0,-50.0,30.0,2918.0,21.0,4999.0,"{""type"":""MultiPoint"",""coordinates"":[]}"
00000000000000001d70,1.34,142.0,119.0,-14.0,30.0,2977.0,33.0,5000.0,"{""type"":""MultiPoint"",""coordinates"":[]}"
00000000000000001d71,1.25,142.0,77.0,-5.0,30.0,2897.0,61.0,5001.0,"{""type"":""MultiPoint"",""coordinates"":[]}"
00000000000000001d72,1.1,142.0,173.0,3.0,30.0,2910.0,45.0,5002.0,"{""type"":""MultiPoint"",""coordinates"":[]}"
00000000000000001d73,0.98,142.0,84.0,-48.0,30.0,2893.0,-13.0,5003.0,"{""type"":""MultiPoint"",""coordinates"":[]}"
00000000000000001d74,0.71,142.0,33.0,-47.0,30.0,2958.0,-9.0,5004.0,"{""type"":""MultiPoint"",""coordinates"":[]}"
00000000000000001db1,1.45,142.0,114.0,69.0,30.0,3074.0,71.0,5065.0,"{""type"":""MultiPoint"",""coordinates"":[]}"
00000000000000001db2,1.77,142.0,73.0,119.0,30.0,2945.0,147.0,5066.0,"{""type"":""MultiPoint"",""coordinates"":[]}"
00000000000000001db3,1.79,142.0,87.0,103.0,30.0,3038.0,105.0,5067.0,"{""type"":""MultiPoint"",""coordinates"":[]}"
00000000000000001db4,1.43,142.0,34.0,81.0,30.0,2904.0,168.0,5068.0,"{""type"":""MultiPoint"",""coordinates"":[]}"
00000000000000001db5,1.45,142.0,90.0,146.0,30.0,3014.0,131.0,5069.0,"{""type"":""MultiPoint"",""coordinates"":[]}"
00000000000000001db6,1.35,142.0,-127.0,99.0,30.0,3038.0,118.0,5070.0,"{""type"":""MultiPoint"",""coordinates"":[]}"
00000000000000001db7,1.57,142.0,42.0,112.0,30.0,2959.0,131.0,5071.0,"{""type"":""MultiPoint"",""coordinates"":[]}"
00000000000000001db8,1.75,142.0,78.0,116.0,30.0,2953.0,144.0,5072.0,"{""type"":""MultiPoint"",""coordinates"":[]}"
00000000000000001db9,1.27,142.0,-97.0,61.0,30.0,2834.0,124.0,5073.0,"{""type"":""MultiPoint"",""coordinates"":[]}"
00000000000000001dcf,1.38,142.0,62.0,158.0,30.0,3072.0,185.0,5095.0,"{""type"":""MultiPoint"",""coordinates"":[]}"
00000000000000001dd0,1.02,142.0,102.0,134.0,30.0,3055.0,117.0,5096.0,"{""type"":""MultiPoint"",""coordinates"":[]}"
00000000000000001dd1,1.04,142.0,193.0,133.0,30.0,3039.0,62.0,5097.0,"{""type"":""MultiPoint"",""coordinates"":[]}"
00000000000000001dd2,1.15,142.0,93.0,119.0,30.0,3158.0,63.0,5098.0,"{""type"":""MultiPoint"",""coordinates"":[]}"
00000000000000001dd3,1.19,142.0,47.0,142.0,30.0,2958.0,144.0,5099.0,"{""type"":""MultiPoint"",""coordinates"":[]}"
00000000000000001dd4,0.77,142.0,155.0,39.0,30.0,2918.0,95.0,5100.0,"{""type"":""MultiPoint"",""coordinates"":[]}"
00000000000000001dd5,1.2,142.0,54.0,124.0,30.0,2909.0,143.0,5101.0,"{""type"":""MultiPoint"",""coordinates"":[]}"
00000000000000001dd6,1.22,142.0,113.0,101.0,30.0,2942.0,127.0,5102.0,"{""type"":""MultiPoint"",""coordinates"":[]}"
00000000000000001dd7,0.93,142.0,-64.0,130.0,30.0,3004.0,138.0,5103.0,"{""type"":""MultiPoint"",""coordinates"":[]}"
00000000000000001dd8,0.9,142.0,115.0,153.0,30.0,3041.0,123.0,5104.0,"{""type"":""MultiPoint"",""coordinates"":[]}"
00000000000000001ddd,1.1,142.0,55.0,142.0,30.0,2770.0,120.0,5109.0,"{""type"":""MultiPoint"",""coordinates"":[]}"
00000000000000001de9,1.06,142.0,44.0,133.0,30.0,2982.0,132.0,5121.0,"{""type"":""MultiPoint"",""coordinates"":[]}"
00000000000000001dea,0.77,142.0,38.0,104.0,30.0,3037.0,110.0,5122.0,"{""type"":""MultiPoint"",""coordinates"":[]}"
00000000000000001deb,0.99,142.0,-8.0,127.0,30.0,2927.0,131.0,5123.0,"{""type"":""MultiPoint"",""coordinates"":[]}"
00000000000000001dec,1.03,142.0,99.0,83.0,30.0,2917.0,138.0,5124.0,"{""type"":""MultiPoint"",""coordinates"":[]}"
00000000000000001ded,0.7,142.0,182.0,40.0,30.0,2926.0,96.0,5125.0,"{""type"":""MultiPoint"",""coordinates"":[]}"
00000000000000001dee,0.7,142.0,73.0,108.0,30.0,3013.0,109.0,5126.0,"{""type"":""MultiPoint"",""coordinates"":[]}"
00000000000000001def,0.95,142.0,-104.0,66.0,30.0,2877.0,154.0,5127.0,"{""type"":""MultiPoint"",""coordinates"":[]}"
00000000000000001df0,1.09,142.0,183.0,108.0,30.0,2861.0,106.0,5128.0,"{""type"":""MultiPoint"",""coordinates"":[]}"
00000000000000001df1,1.02,142.0,111.0,84.0,30.0,2971.0,99.0,5129.0,"{""type"":""MultiPoint"",""coordinates"":[]}"
00000000000000001df2,1.11,142.0,70.0,131.0,30.0,3013.0,139.0,5130.0,"{""type"":""MultiPoint"",""coordinates"":[]}"
00000000000000001df3,0.82,142.0,118.0,111.0,30.0,3022.0,117.0,5131.0,"{""type"":""MultiPoint"",""coordinates"":[]}"
00000000000000001df4,1.04,142.0,126.0,135.0,30.0,3042.0,116.0,5132.0,"{""type"":""MultiPoint"",""coordinates"":[]}"
00000000000000001df5,1.27,142.0,82.0,141.0,30.0,3035.0,136.0,5133.0,"{""type"":""MultiPoint"",""coordinates"":[]}"
00000000000000001e00,1.22,142.0,134.0,120.0,30.0,2723.0,113.0,5144.0,"{""type"":""MultiPoint"",""coordinates"":[]}"
00000000000000001d46,1.9,143.0,94.0,-123.0,30.0,2955.0,-69.0,4958.0,"{""type"":""MultiPoint"",""coordinates"":[]}"
00000000000000001d47,0.87,143.0,140.0,-4.0,30.0,3033.0,27.0,4959.0,"{""type"":""MultiPoint"",""coordinates"":[]}"
00000000000000001d48,1.14,143.0,82.0,-74.0,30.0,2988.0,-15.0,4960.0,"{""type"":""MultiPoint"",""coordinates"":[]}"
00000000000000001d4e,1.25,143.0,81.0,32.0,30.0,3049.0,93.0,4966.0,"{""type"":""MultiPoint"",""coordinates"":[]}"
00000000000000001d4f,1.74,143.0,103.0,84.0,30.0,2998.0,119.0,4967.0,"{""type"":""MultiPoint"",""coordinates"":[]}"
00000000000000001d50,0.9,143.0,23.0,-23.0,30.0,2996.0,32.0,4968.0,"{""type"":""MultiPoint"",""coordinates"":[]}"
00000000000000001d51,0.9,143.0,91.0,-7.0,30.0,2938.0,31.0,4969.0,"{""type"":""MultiPoint"",""coordinates"":[]}"
00000000000000001d52,0.91,143.0,119.0,14.0,30.0,3003.0,19.0,4970.0,"{""type"":""MultiPoint"",""coordinates"":[]}"
00000000000000001d59,1.11,143.0,45.0,9.0,30.0,3025.0,42.0,4977.0,"{""type"":""MultiPoint"",""coordinates"":[]}"
00000000000000001d5a,1.2,143.0,132.0,5.0,30.0,2985.0,40.0,4978.0,"{""type"":""MultiPoint"",""coordinates"":[]}"
00000000000000001d5b,1.41,143.0,123.0,-46.0,30.0,2968.0,34.0,4979.0,"{""type"":""MultiPoint"",""coordinates"":[]}"
00000000000000001d5d,1.49,143.0,-39.0,-10.0,30.0,3062.0,83.0,4981.0,"{""type"":""MultiPoint"",""coordinates"":[]}"
00000000000000001d65,0.78,143.0,67.0,-13.0,30.0,3047.0,20.0,4989.0,"{""type"":""MultiPoint"",""coordinates"":[]}"
00000000000000001d66,1.14,143.0,53.0,-48.0,30.0,2968.0,39.0,4990.0,"{""type"":""MultiPoint"",""coordinates"":[]}"
00000000000000001d67,0.77,143.0,62.0,12.0,30.0,3039.0,95.0,4991.0,"{""type"":""MultiPoint"",""coordinates"":[]}"
00000000000000001d68,1.15,143.0,-22.0,-69.0,30.0,2923.0,14.0,4992.0,"{""type"":""MultiPoint"",""coordinates"":[]}"
00000000000000001d69,1.2,143.0,31.0,0.0,30.0,3050.0,57.0,4993.0,"{""type"":""MultiPoint"",""coordinates"":[]}"
00000000000000001d75,0.66,143.0,87.0,-50.0,30.0,3045.0,2.0,5005.0,"{""type"":""MultiPoint"",""coordinates"":[]}"
00000000000000001d76,0.83,143.0,130.0,-10.0,30.0,2996.0,19.0,5006.0,"{""type"":""MultiPoint"",""coordinates"":[]}"
00000000000000001d77,0.79,143.0,160.0,18.0,30.0,2975.0,43.0,5007.0,"{""type"":""MultiPoint"",""coordinates"":[]}"
00000000000000001d78,0.78,143.0,93.0,13.0,30.0,2938.0,40.0,5008.0,"{""type"":""MultiPoint"",""coordinates"":[]}"
00000000000000001d79,1.27,143.0,98.0,85.0,30.0,3052.0,121.0,5009.0,"{""type"":""MultiPoint"",""coordinates"":[]}"
00000000000000001d7a,1.0,143.0,56.0,9.0,30.0,3003.0,39.0,5010.0,"{""type"":""MultiPoint"",""coordinates"":[]}"
00000000000000001d7b,1.43,143.0,100.0,-100.0,30.0,2902.0,-31.0,5011.0,"{""type"":""MultiPoint"",""coordinates"":[]}"
00000000000000001d7c,1.56,143.0,26.0,-94.0,30.0,2870.0,-13.0,5012.0,"{""type"":""MultiPoint"",""coordinates"":[]}"
00000000000000001dba,1.51,143.0,-145.0,157.0,30.0,2919.0,151.0,5074.0,"{""type"":""MultiPoint"",""coordinates"":[]}"
00000000000000001dbb,1.6,143.0,-135.0,165.0,30.0,2961.0,166.0,5075.0,"{""type"":""MultiPoint"",""coordinates"":[]}"
00000000000000001dbc,1.33,143.0,-70.0,136.0,30.0,2929.0,147.0,5076.0,"{""type"":""MultiPoint"",""coordinates"":[]}"
00000000000000001dbd,1.3,143.0,-108.0,114.0,30.0,3018.0,139.0,5077.0,"{""type"":""MultiPoint"",""coordinates"":[]}"
00000000000000001dbe,1.18,143.0,59.0,157.0,30.0,3118.0,162.0,5078.0,"{""type"":""MultiPoint"",""coordinates"":[]}"
00000000000000001dbf,1.08,143.0,-100.0,147.0,30.0,3163.0,165.0,5079.0,"{""type"":""MultiPoint"",""coordinates"":[]}"
00000000000000001dc0,1.32,143.0,115.0,163.0,30.0,2974.0,82.0,5080.0,"{""type"":""MultiPoint"",""coordinates"":[]}"
00000000000000001dc1,1.92,143.0,-89.0,157.0,30.0,3003.0,163.0,5081.0,"{""type"":""MultiPoint"",""coordinates"":[]}"
00000000000000001de4,0.74,143.0,98.0,113.0,30.0,2995.0,127.0,5116.0,"{""type"":""MultiPoint"",""coordinates"":[]}"
00000000000000001dfc,0.63,143.0,-234.0,80.0,30.0,3050.0,101.0,5140.0,"{""type"":""MultiPoint"",""coordinates"":[]}"
00000000000000001dfd,1.14,143.0,-152.0,145.0,30.0,2937.0,162.0,5141.0,"{""type"":""MultiPoint"",""coordinates"":[]}"
00000000000000001dfe,1.0,143.0,-326.0,172.0,30.0,2975.0,167.0,5142.0,"{""type"":""MultiPoint"",""coordinates"":[]}"
00000000000000001dff,0.66,143.0,-121.0,155.0,30.0,3010.0,165.0,5143.0,"{""type"":""MultiPoint"",""coordinates"":[]}"
00000000000000001e01,0.97,143.0,-152.0,170.0,30.0,3082.0,171.0,5145.0,"{""type"":""MultiPoint"",""coordinates"":[]}"
00000000000000001e02,0.7,143.0,-104.0,133.0,30.0,3107.0,141.0,5146.0,"{""type"":""MultiPoint"",""coordinates"":[]}"
00000000000000001e03,1.1,143.0,103.0,116.0,30.0,2995.0,129.0,5147.0,"{""type"":""MultiPoint"",""coordinates"":[]}"
000000000000000003c7,0.73,38.0,37.0,-5.0,36.0,2977.0,10.0,6472.0,"{""type"":""MultiPoint"",""coordinates"":[]}"
000000000000000003d3,2.63,50.0,641.0,582.0,36.0,2160.0,546.0,6484.0,"{""type"":""MultiPoint"",""coordinates"":[]}"
000000000000000003b3,0.66,52.0,-82.0,-24.0,36.0,3051.0,-21.0,6452.0,"{""type"":""MultiPoint"",""coordinates"":[]}"
000000000000000003b4,1.54,54.0,-232.0,-82.0,36.0,2847.0,84.0,6453.0,"{""type"":""MultiPoint"",""coordinates"":[]}"
000000000000000002f3,1.56,56.0,20.0,2.0,36.0,3031.0,-15.0,6260.0,"{""type"":""MultiPoint"",""coordinates"":[]}"
000000000000000002f4,0.91,56.0,-19.0,-35.0,36.0,3099.0,-17.0,6261.0,"{""type"":""MultiPoint"",""coordinates"":[]}"
000000000000000002f5,1.48,56.0,33.0,-30.0,36.0,3003.0,34.0,6262.0,"{""type"":""MultiPoint"",""coordinates"":[]}"
000000000000000002f6,1.65,56.0,100.0,35.0,36.0,2880.0,115.0,6263.0,"{""type"":""MultiPoint"",""coordinates"":[]}"
000000000000000002f7,0.9,56.0,12.0,-14.0,36.0,2998.0,42.0,6264.0,"{""type"":""MultiPoint"",""coordinates"":[]}"
000000000000000002f8,0.52,56.0,-58.0,-122.0,36.0,2970.0,-56.0,6265.0,"{""type"":""MultiPoint"",""coordinates"":[]}"
000000000000000002f9,1.54,56.0,51.0,58.0,36.0,2958.0,113.0,6266.0,"{""type"":""MultiPoint"",""coordinates"":[]}"
000000000000000003d0,0.86,58.0,82.0,14.0,36.0,2926.0,31.0,6481.0,"{""type"":""MultiPoint"",""coordinates"":[]}"
000000000000000003c4,1.5,60.0,219.0,175.0,36.0,2830.0,191.0,6469.0,"{""type"":""MultiPoint"",""coordinates"":[]}"
000000000000000003c6,0.86,60.0,-21.0,49.0,36.0,2986.0,57.0,6471.0,"{""type"":""MultiPoint"",""coordinates"":[]}"
000000000000000003d7,0.63,60.0,-70.0,-15.0,36.0,2906.0,34.0,6488.0,"{""type"":""MultiPoint"",""coordinates"":[]}"
000000000000000003cc,1.19,64.0,318.0,190.0,36.0,2790.0,213.0,6477.0,"{""type"":""MultiPoint"",""coordinates"":[]}"
000000000000000003d8,1.32,64.0,0.0,14.0,36.0,2959.0,57.0,6489.0,"{""type"":""MultiPoint"",""coordinates"":[]}"
000000000000000003b1,1.44,68.0,89.0,80.0,36.0,2990.0,113.0,6450.0,"{""type"":""MultiPoint"",""coordinates"":[]}"
000000000000000003b2,1.07,68.0,34.0,73.0,36.0,3058.0,55.0,6451.0,"{""type"":""MultiPoint"",""coordinates"":[]}"
000000000000000003d2,2.0,72.0,398.0,321.0,36.0,2531.0,329.0,6483.0,"{""type"":""MultiPoint"",""coordinates"":[]}"
0000000000000000017b,1.2,76.0,133.0,113.0,36.0,2729.0,171.0,5884.0,"{""type"":""MultiPoint"",""coordinates"":[]}"
000000000000000003be,1.14,80.0,76.0,90.0,36.0,2891.0,91.0,6463.0,"{""type"":""MultiPoint"",""coordinates"":[]}"
000000000000000003b6,1.14,84.0,6.0,55.0,36.0,2808.0,54.0,6455.0,"{""type"":""MultiPoint"",""coordinates"":[]}"
000000000000000003b7,1.48,84.0,31.0,78.0,36.0,2840.0,77.0,6456.0,"{""type"":""MultiPoint"",""coordinates"":[]}"
000000000000000003b8,1.61,84.0,21.0,182.0,36.0,2651.0,198.0,6457.0,"{""type"":""MultiPoint"",""coordinates"":[]}"
000000000000000003c2,1.84,84.0,136.0,218.0,36.0,2800.0,241.0,6467.0,"{""type"":""MultiPoint"",""coordinates"":[]}"
000000000000000003c9,2.02,84.0,643.0,493.0,36.0,2358.0,461.0,6474.0,"{""type"":""MultiPoint"",""coordinates"":[]}"
000000000000000003e9,2.53,104.0,547.0,497.0,36.0,2219.0,490.0,6506.0,"{""type"":""MultiPoint"",""coordinates"":[]}"
0000000000000000040a,2.23,120.0,801.0,366.0,36.0,2162.0,439.0,6539.0,"{""type"":""MultiPoint"",""coordinates"":[]}"
000000000000000003f2,2.62,124.0,503.0,367.0,36.0,2260.0,390.0,6515.0,"{""type"":""MultiPoint"",""coordinates"":[]}"
000000000000000003f3,2.45,124.0,570.0,364.0,36.0,2277.0,391.0,6516.0,"{""type"":""MultiPoint"",""coordinates"":[]}"
000000000000000003f9,2.35,124.0,220.0,248.0,36.0,2572.0,272.0,6522.0,"{""type"":""MultiPoint"",""coordinates"":[]}"
0000000000000000040c,2.34,124.0,144.0,305.0,36.0,2557.0,302.0,6541.0,"{""type"":""MultiPoint"",""coordinates"":[]}"
000000000000000011bf,0.25,192.0,-38.0,13.0,36.0,2928.0,-1.0,1973.0,"{""type"":""MultiPoint"",""coordinates"":[]}"
000000000000000011c0,0.2,192.0,-28.0,19.0,36.0,2985.0,7.0,1974.0,"{""type"":""MultiPoint"",""coordinates"":[]}"
000000000000000011c2,0.86,192.0,-29.0,57.0,36.0,3062.0,44.0,1976.0,"{""type"":""MultiPoint"",""coordinates"":[]}"
00000000000000001bd7,0.68,384.0,223.0,126.0,36.0,2381.0,193.0,4591.0,"{""type"":""MultiPoint"",""coordinates"":[]}"
00000000000000001c1b,1.84,400.0,662.0,142.0,36.0,2075.0,269.0,4659.0,"{""type"":""MultiPoint"",""coordinates"":[]}"
00000000000000001c17,0.39,416.0,197.0,33.0,36.0,2436.0,47.0,4655.0,"{""type"":""MultiPoint"",""coordinates"":[]}"
00000000000000001bcf,0.68,464.0,90.0,14.0,36.0,2302.0,30.0,4583.0,"{""type"":""MultiPoint"",""coordinates"":[]}"
000000000000000014c3,1.33,480.0,348.0,83.0,36.0,2328.0,156.0,2745.0,"{""type"":""MultiPoint"",""coordinates"":[]}"
000000000000000015bf,1.63,480.0,-3.0,50.0,36.0,2366.0,65.0,3031.0,"{""type"":""MultiPoint"",""coordinates"":[]}"
000000000000000015c9,1.63,480.0,68.0,38.0,36.0,2461.0,52.0,3041.0,"{""type"":""MultiPoint"",""coordinates"":[]}"
00000000000000001a51,2.73,480.0,207.0,248.0,36.0,2436.0,267.0,4201.0,"{""type"":""MultiPoint"",""coordinates"":[]}"
000000000000000014f6,2.53,496.0,289.0,196.0,36.0,2283.0,192.0,2796.0,"{""type"":""MultiPoint"",""coordinates"":[]}"
00000000000000001a61,2.9,512.0,233.0,400.0,36.0,2176.0,418.0,4217.0,"{""type"":""MultiPoint"",""coordinates"":[]}"
00000000000000001467,2.45,544.0,350.0,242.0,36.0,2325.0,357.0,2653.0,"{""type"":""MultiPoint"",""coordinates"":[]}"
00000000000000001366,0.19,576.0,-50.0,64.0,36.0,2607.0,28.0,2396.0,"{""type"":""MultiPoint"",""coordinates"":[]}"
00000000000000001470,0.06,576.0,48.0,21.0,36.0,2585.0,48.0,2662.0,"{""type"":""MultiPoint"",""coordinates"":[]}"
00000000000000001474,0.89,576.0,169.0,33.0,36.0,2494.0,96.0,2666.0,"{""type"":""MultiPoint"",""coordinates"":[]}"
00000000000000001ab2,1.98,576.0,227.0,264.0,36.0,2462.0,306.0,4298.0,"{""type"":""MultiPoint"",""coordinates"":[]}"
00000000000000001bfa,0.43,576.0,86.0,23.0,36.0,2393.0,36.0,4626.0,"{""type"":""MultiPoint"",""coordinates"":[]}"
0000000000000000136d,2.95,608.0,667.0,321.0,36.0,1887.0,509.0,2403.0,"{""type"":""MultiPoint"",""coordinates"":[]}"
00000000000000001275,0.22,640.0,-15.0,-15.0,36.0,2604.0,58.0,2155.0,"{""type"":""MultiPoint"",""coordinates"":[]}"
0000000000000000138e,0.86,640.0,98.0,-6.0,36.0,2396.0,45.0,2436.0,"{""type"":""MultiPoint"",""coordinates"":[]}"
000000000000000012c1,0.72,672.0,80.0,-27.0,36.0,2468.0,9.0,2231.0,"{""type"":""MultiPoint"",""coordinates"":[]}"
000000000000000012cb,0.55,672.0,226.0,-30.0,36.0,2406.0,72.0,2241.0,"{""type"":""MultiPoint"",""coordinates"":[]}"
00000000000000001326,0.86,672.0,203.0,22.0,36.0,2445.0,72.0,2332.0,"{""type"":""MultiPoint"",""coordinates"":[]}"
0000000000000000137c,1.97,672.0,487.0,122.0,36.0,2129.0,330.0,2418.0,"{""type"":""MultiPoint"",""coordinates"":[]}"
00000000000000001255,1.11,704.0,21.0,43.0,36.0,2520.0,70.0,2123.0,"{""type"":""MultiPoint"",""coordinates"":[]}"
000000000000000012a2,2.74,704.0,642.0,364.0,36.0,1903.0,560.0,2200.0,"{""type"":""MultiPoint"",""coordinates"":[]}"
000000000000000012c4,0.05,704.0,25.0,-9.0,36.0,2467.0,-22.0,2234.0,"{""type"":""MultiPoint"",""coordinates"":[]}"
00000000000000001331,1.44,736.0,126.0,117.0,36.0,2451.0,99.0,2343.0,"{""type"":""MultiPoint"",""coordinates"":[]}"
0000000000000000133c,1.99,736.0,529.0,293.0,36.0,2054.0,441.0,2354.0,"{""type"":""MultiPoint"",""coordinates"":[]}"
000000000000000015ab,2.12,736.0,119.0,431.0,36.0,2306.0,393.0,3011.0,"{""type"":""MultiPoint"",""coordinates"":[]}"
000000000000000013d9,0.98,800.0,120.0,104.0,36.0,2379.0,106.0,2511.0,"{""type"":""MultiPoint"",""coordinates"":[]}"
000000000000000011f5,0.03,896.0,1.0,4.0,36.0,2496.0,19.0,2027.0,"{""type"":""MultiPoint"",""coordinates"":[]}"
000000000000000015b1,1.5,1025.0,152.0,56.0,36.0,2715.0,114.0,3017.0,"{""type"":""MultiPoint"",""coordinates"":[]}"
000000000000000014eb,2.97,513.0,906.0,285.0,36.0,1668.0,548.0,2785.0,"{""type"":""MultiPoint"",""coordinates"":[]}"
00000000000000001612,0.6,513.0,-15.0,15.0,36.0,2335.0,12.0,3114.0,"{""type"":""MultiPoint"",""coordinates"":[]}"
000000000000000014e4,2.49,545.0,725.0,309.0,36.0,1911.0,461.0,2778.0,"{""type"":""MultiPoint"",""coordinates"":[]}"
000000000000000015fc,2.12,545.0,167.0,206.0,36.0,2461.0,216.0,3092.0,"{""type"":""MultiPoint"",""coordinates"":[]}"
00000000000000001ac0,2.28,545.0,10.0,304.0,36.0,2448.0,279.0,4312.0,"{""type"":""MultiPoint"",""coordinates"":[]}"
0000000000000000146f,1.88,577.0,120.0,187.0,36.0,2393.0,242.0,2661.0,"{""type"":""MultiPoint"",""coordinates"":[]}"
00000000000000001473,0.3,577.0,77.0,0.0,36.0,2483.0,7.0,2665.0,"{""type"":""MultiPoint"",""coordinates"":[]}"
000000000000000015fa,0.51,577.0,81.0,41.0,36.0,2498.0,37.0,3090.0,"{""type"":""MultiPoint"",""coordinates"":[]}"
00000000000000001373,1.46,609.0,6.0,126.0,36.0,2490.0,109.0,2409.0,"{""type"":""MultiPoint"",""coordinates"":[]}"
000000000000000013b7,2.81,609.0,628.0,238.0,36.0,1997.0,464.0,2477.0,"{""type"":""MultiPoint"",""coordinates"":[]}"
00000000000000001bf0,0.86,609.0,69.0,55.0,36.0,2339.0,94.0,4616.0,"{""type"":""MultiPoint"",""coordinates"":[]}"
00000000000000001274,0.47,641.0,61.0,-18.0,36.0,2489.0,70.0,2154.0,"{""type"":""MultiPoint"",""coordinates"":[]}"
00000000000000001480,2.17,641.0,179.0,284.0,36.0,2429.0,337.0,2678.0,"{""type"":""MultiPoint"",""coordinates"":[]}"
000000000000000012b8,0.33,673.0,135.0,2.0,36.0,2404.0,59.0,2222.0,"{""type"":""MultiPoint"",""coordinates"":[]}"
00000000000000001308,1.92,673.0,116.0,142.0,36.0,2452.0,116.0,2302.0,"{""type"":""MultiPoint"",""coordinates"":[]}"
00000000000000001382,1.23,673.0,90.0,68.0,36.0,2403.0,89.0,2424.0,"{""type"":""MultiPoint"",""coordinates"":[]}"
00000000000000001b02,0.12,673.0,-26.0,-49.0,36.0,2780.0,-16.0,4378.0,"{""type"":""MultiPoint"",""coordinates"":[]}"
00000000000000001254,1.82,705.0,61.0,219.0,36.0,2532.0,195.0,2122.0,"{""type"":""MultiPoint"",""coordinates"":[]}"
0000000000000000129b,1.22,705.0,288.0,59.0,36.0,2349.0,94.0,2193.0,"{""type"":""MultiPoint"",""coordinates"":[]}"
000000000000000012d4,0.79,705.0,239.0,23.0,36.0,2325.0,81.0,2250.0,"{""type"":""MultiPoint"",""coordinates"":[]}"
00000000000000001458,2.53,737.0,448.0,238.0,36.0,2157.0,470.0,2638.0,"{""type"":""MultiPoint"",""coordinates"":[]}"
0000000000000000151c,0.72,737.0,73.0,-7.0,36.0,2463.0,21.0,2834.0,"{""type"":""MultiPoint"",""coordinates"":[]}"
00000000000000001560,1.53,737.0,426.0,235.0,36.0,2376.0,245.0,2902.0,"{""type"":""MultiPoint"",""coordinates"":[]}"
00000000000000001241,0.22,769.0,96.0,7.0,36.0,2549.0,35.0,2103.0,"{""type"":""MultiPoint"",""coordinates"":[]}"
0000000000000000129d,0.96,769.0,49.0,22.0,36.0,2456.0,12.0,2195.0,"{""type"":""MultiPoint"",""coordinates"":[]}"
00000000000000001516,0.48,769.0,159.0,89.0,36.0,2528.0,130.0,2828.0,"{""type"":""MultiPoint"",""coordinates"":[]}"
00000000000000001518,0.86,769.0,66.0,40.0,36.0,2523.0,38.0,2830.0,"{""type"":""MultiPoint"",""coordinates"":[]}"
00000000000000001413,1.57,801.0,189.0,104.0,36.0,2529.0,164.0,2569.0,"{""type"":""MultiPoint"",""coordinates"":[]}"
00000000000000001552,0.34,801.0,99.0,40.0,36.0,2503.0,45.0,2888.0,"{""type"":""MultiPoint"",""coordinates"":[]}"
00000000000000001200,2.84,833.0,363.0,254.0,36.0,2194.0,370.0,2038.0,"{""type"":""MultiPoint"",""coordinates"":[]}"
00000000000000001234,1.67,897.0,88.0,59.0,36.0,2526.0,87.0,2090.0,"{""type"":""MultiPoint"",""coordinates"":[]}"
00000000000000001210,2.82,961.0,326.0,180.0,36.0,2217.0,327.0,2054.0,"{""type"":""MultiPoint"",""coordinates"":[]}"
000000000000000015a3,2.05,961.0,141.0,174.0,36.0,2543.0,169.0,3003.0,"{""type"":""MultiPoint"",""coordinates"":[]}"
00000000000000001430,0.65,1154.0,208.0,-2.0,36.0,2307.0,102.0,2598.0,"{""type"":""MultiPoint"",""coordinates"":[]}"
0000000000000000022b,2.47,385.0,184.0,221.0,36.0,2261.0,410.0,6060.0,"{""type"":""MultiPoint"",""coordinates"":[]}"
00000000000000001bc7,0.58,385.0,20.0,-2.0,36.0,2531.0,24.0,4575.0,"{""type"":""MultiPoint"",""coordinates"":[]}"
00000000000000001bcd,1.24,401.0,277.0,125.0,36.0,2327.0,189.0,4581.0,"{""type"":""MultiPoint"",""coordinates"":[]}"
00000000000000001be0,1.48,449.0,260.0,141.0,36.0,2252.0,223.0,4600.0,"{""type"":""MultiPoint"",""coordinates"":[]}"
00000000000000000228,1.2,465.0,53.0,154.0,36.0,2543.0,174.0,6057.0,"{""type"":""MultiPoint"",""coordinates"":[]}"
00000000000000001a45,1.4,481.0,108.0,94.0,36.0,2456.0,119.0,4189.0,"{""type"":""MultiPoint"",""coordinates"":[]}"
00000000000000001a5b,2.01,481.0,311.0,291.0,36.0,2382.0,331.0,4211.0,"{""type"":""MultiPoint"",""coordinates"":[]}"
000000000000000013ea,1.63,497.0,249.0,100.0,36.0,2346.0,162.0,2528.0,"{""type"":""MultiPoint"",""coordinates"":[]}"
00000000000000001619,0.76,497.0,-9.0,39.0,36.0,2306.0,16.0,3121.0,"{""type"":""MultiPoint"",""coordinates"":[]}"
00000000000000001a62,0.9,497.0,14.0,111.0,36.0,2320.0,71.0,4218.0,"{""type"":""MultiPoint"",""coordinates"":[]}"
00000000000000000239,0.88,514.0,353.0,3.0,36.0,2496.0,108.0,6074.0,"{""type"":""MultiPoint"",""coordinates"":[]}"
000000000000000014a0,2.3,514.0,613.0,188.0,36.0,2094.0,297.0,2710.0,"{""type"":""MultiPoint"",""coordinates"":[]}"
00000000000000001a53,0.33,514.0,6.0,39.0,36.0,2472.0,0.0,4203.0,"{""type"":""MultiPoint"",""coordinates"":[]}"
00000000000000001ab8,1.17,546.0,70.0,99.0,36.0,2425.0,159.0,4304.0,"{""type"":""MultiPoint"",""coordinates"":[]}"
0000000000000000147b,2.06,578.0,62.0,98.0,36.0,2416.0,173.0,2673.0,"{""type"":""MultiPoint"",""coordinates"":[]}"
0000000000000000147c,1.77,578.0,330.0,192.0,36.0,2431.0,241.0,2674.0,"{""type"":""MultiPoint"",""coordinates"":[]}"
00000000000000001abe,2.46,578.0,-33.0,308.0,36.0,2506.0,252.0,4310.0,"{""type"":""MultiPoint"",""coordinates"":[]}"
00000000000000001481,2.25,610.0,520.0,279.0,36.0,2112.0,472.0,2679.0,"{""type"":""MultiPoint"",""coordinates"":[]}"
000000000000000015e8,1.48,610.0,57.0,101.0,36.0,2404.0,120.0,3072.0,"{""type"":""MultiPoint"",""coordinates"":[]}"
00000000000000001396,0.9,642.0,86.0,-9.0,36.0,2515.0,57.0,2444.0,"{""type"":""MultiPoint"",""coordinates"":[]}"
00000000000000001258,2.32,674.0,1.0,234.0,36.0,2587.0,205.0,2126.0,"{""type"":""MultiPoint"",""coordinates"":[]}"
00000000000000001309,0.74,674.0,67.0,12.0,36.0,2512.0,27.0,2303.0,"{""type"":""MultiPoint"",""coordinates"":[]}"
00000000000000001327,0.72,674.0,175.0,27.0,36.0,2412.0,69.0,2333.0,"{""type"":""MultiPoint"",""coordinates"":[]}"
00000000000000001411,2.58,674.0,190.0,308.0,36.0,2308.0,298.0,2567.0,"{""type"":""MultiPoint"",""coordinates"":[]}"
0000000000000000128b,1.88,706.0,190.0,23.0,36.0,2408.0,80.0,2177.0,"{""type"":""MultiPoint"",""coordinates"":[]}"
00000000000000001350,1.38,706.0,290.0,163.0,36.0,2320.0,206.0,2374.0,"{""type"":""MultiPoint"",""coordinates"":[]}"
000000000000000012d5,2.86,738.0,840.0,74.0,36.0,1841.0,275.0,2251.0,"{""type"":""MultiPoint"",""coordinates"":[]}"
00000000000000001230,0.11,770.0,178.0,12.0,36.0,2438.0,92.0,2086.0,"{""type"":""MultiPoint"",""coordinates"":[]}"
0000000000000000129f,0.95,770.0,83.0,-12.0,36.0,2472.0,53.0,2197.0,"{""type"":""MultiPoint"",""coordinates"":[]}"
00000000000000001267,0.56,834.0,115.0,0.0,36.0,2479.0,28.0,2141.0,"{""type"":""MultiPoint"",""coordinates"":[]}"
0000000000000000127b,2.34,834.0,123.0,262.0,36.0,2436.0,253.0,2161.0,"{""type"":""MultiPoint"",""coordinates"":[]}"
00000000000000001208,1.66,866.0,38.0,80.0,36.0,2555.0,111.0,2046.0,"{""type"":""MultiPoint"",""coordinates"":[]}"
00000000000000001217,2.89,994.0,345.0,246.0,36.0,2162.0,393.0,2061.0,"{""type"":""MultiPoint"",""coordinates"":[]}"
00000000000000001431,2.96,1156.0,567.0,287.0,36.0,1981.0,431.0,2599.0,"{""type"":""MultiPoint"",""coordinates"":[]}"
0000000000000000159a,2.04,1029.0,139.0,45.0,36.0,2721.0,115.0,2994.0,"{""type"":""MultiPoint"",""coordinates"":[]}"
0000000000000000023a,0.98,515.0,121.0,75.0,36.0,2541.0,129.0,6075.0,"{""type"":""MultiPoint"",""coordinates"":[]}"
00000000000000001489,2.47,515.0,267.0,135.0,36.0,2325.0,188.0,2687.0,"{""type"":""MultiPoint"",""coordinates"":[]}"
00000000000000001a67,1.26,515.0,31.0,65.0,36.0,2497.0,54.0,4223.0,"{""type"":""MultiPoint"",""coordinates"":[]}"
000000000000000014cb,2.48,547.0,225.0,309.0,36.0,2325.0,343.0,2753.0,"{""type"":""MultiPoint"",""coordinates"":[]}"
00000000000000001ab3,1.06,547.0,55.0,48.0,36.0,2451.0,93.0,4299.0,"{""type"":""MultiPoint"",""coordinates"":[]}"
00000000000000001484,1.32,579.0,139.0,146.0,36.0,2437.0,172.0,2682.0,"{""type"":""MultiPoint"",""coordinates"":[]}"
000000000000000015e7,1.07,579.0,131.0,45.0,36.0,2470.0,57.0,3071.0,"{""type"":""MultiPoint"",""coordinates"":[]}"
00000000000000001be9,0.83,579.0,178.0,48.0,36.0,2431.0,62.0,4609.0,"{""type"":""MultiPoint"",""coordinates"":[]}"
000000000000000013f0,1.3,611.0,252.0,29.0,36.0,2316.0,90.0,2534.0,"{""type"":""MultiPoint"",""coordinates"":[]}"
000000000000000015f0,1.39,611.0,-5.0,203.0,36.0,2518.0,160.0,3080.0,"{""type"":""MultiPoint"",""coordinates"":[]}"
0000000000000000134a,1.15,675.0,140.0,59.0,36.0,2478.0,103.0,2368.0,"{""type"":""MultiPoint"",""coordinates"":[]}"
00000000000000001418,0.15,675.0,128.0,43.0,36.0,2602.0,45.0,2574.0,"{""type"":""MultiPoint"",""coordinates"":[]}"
00000000000000001469,1.24,675.0,210.0,176.0,36.0,2500.0,183.0,2655.0,"{""type"":""MultiPoint"",""coordinates"":[]}"
00000000000000001557,2.1,675.0,229.0,118.0,36.0,2449.0,115.0,2893.0,"{""type"":""MultiPoint"",""coordinates"":[]}"
00000000000000001313,1.25,707.0,84.0,74.0,36.0,2447.0,117.0,2313.0,"{""type"":""MultiPoint"",""coordinates"":[]}"
000000000000000013d4,1.48,707.0,83.0,147.0,36.0,2392.0,110.0,2506.0,"{""type"":""MultiPoint"",""coordinates"":[]}"
000000000000000014ba,1.93,707.0,277.0,294.0,36.0,2319.0,281.0,2736.0,"{""type"":""MultiPoint"",""coordinates"":[]}"
0000000000000000126f,1.75,739.0,68.0,137.0,36.0,2477.0,201.0,2149.0,"{""type"":""MultiPoint"",""coordinates"":[]}"
00000000000000001281,1.72,739.0,436.0,23.0,36.0,2264.0,151.0,2167.0,"{""type"":""MultiPoint"",""coordinates"":[]}"
000000000000000012ed,1.62,739.0,143.0,98.0,36.0,2467.0,132.0,2275.0,"{""type"":""MultiPoint"",""coordinates"":[]}"
00000000000000001242,0.28,771.0,93.0,0.0,36.0,2542.0,32.0,2104.0,"{""type"":""MultiPoint"",""coordinates"":[]}"
000000000000000015a5,2.1,963.0,360.0,230.0,36.0,2460.0,291.0,3005.0,"{""type"":""MultiPoint"",""coordinates"":[]}"
00000000000000001c11,1.71,402.0,592.0,140.0,36.0,2067.0,234.0,4649.0,"{""type"":""MultiPoint"",""coordinates"":[]}"
00000000000000001c14,0.07,418.0,135.0,21.0,36.0,2487.0,32.0,4652.0,"{""type"":""MultiPoint"",""coordinates"":[]}"
00000000000000001c0f,2.01,434.0,235.0,54.0,36.0,2293.0,124.0,4647.0,"{""type"":""MultiPoint"",""coordinates"":[]}"
0000000000000000023c,2.69,466.0,363.0,316.0,36.0,2183.0,474.0,6077.0,"{""type"":""MultiPoint"",""coordinates"":[]}"
000000000000000014c5,1.76,482.0,353.0,124.0,36.0,2257.0,208.0,2747.0,"{""type"":""MultiPoint"",""coordinates"":[]}"
000000000000000015bc,1.58,482.0,312.0,147.0,36.0,2321.0,215.0,3028.0,"{""type"":""MultiPoint"",""coordinates"":[]}"
000000000000000015c1,1.16,482.0,-3.0,64.0,36.0,2404.0,63.0,3033.0,"{""type"":""MultiPoint"",""coordinates"":[]}"
000000000000000013e9,0.15,498.0,111.0,-3.0,36.0,2435.0,59.0,2527.0,"{""type"":""MultiPoint"",""coordinates"":[]}"
000000000000000014ef,1.87,498.0,253.0,100.0,36.0,2383.0,135.0,2789.0,"{""type"":""MultiPoint"",""coordinates"":[]}"
000000000000000014a3,2.79,516.0,639.0,220.0,36.0,1999.0,367.0,2713.0,"{""type"":""MultiPoint"",""coordinates"":[]}"
000000000000000014e6,0.08,516.0,457.0,-4.0,36.0,2438.0,109.0,2780.0,"{""type"":""MultiPoint"",""coordinates"":[]}"
000000000000000014ea,2.87,516.0,919.0,223.0,36.0,1651.0,493.0,2784.0,"{""type"":""MultiPoint"",""coordinates"":[]}"
000000000000000014ca,1.89,548.0,358.0,317.0,36.0,2150.0,406.0,2752.0,"{""type"":""MultiPoint"",""coordinates"":[]}"
0000000000000000144a,2.69,580.0,452.0,231.0,36.0,2116.0,472.0,2624.0,"{""type"":""MultiPoint"",""coordinates"":[]}"
00000000000000001452,1.64,580.0,193.0,137.0,36.0,2523.0,193.0,2632.0,"{""type"":""MultiPoint"",""coordinates"":[]}"
00000000000000001ac5,1.67,580.0,287.0,257.0,36.0,2485.0,284.0,4317.0,"{""type"":""MultiPoint"",""coordinates"":[]}"
0000000000000000022e,2.27,612.0,220.0,155.0,36.0,2443.0,270.0,6063.0,"{""type"":""MultiPoint"",""coordinates"":[]}"
00000000000000001bf2,0.22,612.0,123.0,79.0,36.0,2371.0,109.0,4618.0,"{""type"":""MultiPoint"",""coordinates"":[]}"
000000000000000012d8,0.41,676.0,202.0,-14.0,36.0,2408.0,61.0,2254.0,"{""type"":""MultiPoint"",""coordinates"":[]}"
00000000000000001307,1.23,676.0,183.0,59.0,36.0,2467.0,34.0,2301.0,"{""type"":""MultiPoint"",""coordinates"":[]}"
00000000000000001321,1.79,676.0,359.0,209.0,36.0,2284.0,252.0,2327.0,"{""type"":""MultiPoint"",""coordinates"":[]}"
00000000000000001355,0.97,676.0,112.0,71.0,36.0,2417.0,95.0,2379.0,"{""type"":""MultiPoint"",""coordinates"":[]}"
00000000000000001356,1.66,676.0,111.0,161.0,36.0,2423.0,191.0,2380.0,"{""type"":""MultiPoint"",""coordinates"":[]}"
00000000000000001394,2.68,676.0,558.0,210.0,36.0,2070.0,352.0,2442.0,"{""type"":""MultiPoint"",""coordinates"":[]}"
0000000000000000140f,2.76,676.0,256.0,254.0,36.0,2304.0,267.0,2565.0,"{""type"":""MultiPoint"",""coordinates"":[]}"
0000000000000000155c,1.25,676.0,115.0,120.0,36.0,2517.0,111.0,2898.0,"{""type"":""MultiPoint"",""coordinates"":[]}"
00000000000000001293,1.48,708.0,198.0,81.0,36.0,2478.0,91.0,2185.0,"{""type"":""MultiPoint"",""coordinates"":[]}"
00000000000000001315,1.37,708.0,78.0,70.0,36.0,2470.0,90.0,2315.0,"{""type"":""MultiPoint"",""coordinates"":[]}"
000000000000000014ac,0.15,708.0,142.0,78.0,36.0,2341.0,92.0,2722.0,"{""type"":""MultiPoint"",""coordinates"":[]}"
00000000000000001296,2.89,740.0,691.0,245.0,36.0,1965.0,462.0,2188.0,"{""type"":""MultiPoint"",""coordinates"":[]}"
00000000000000001297,0.22,740.0,146.0,76.0,36.0,2463.0,60.0,2189.0,"{""type"":""MultiPoint"",""coordinates"":[]}"
000000000000000012f9,0.56,740.0,51.0,6.0,36.0,2529.0,18.0,2287.0,"{""type"":""MultiPoint"",""coordinates"":[]}"
00000000000000001523,2.86,740.0,203.0,319.0,36.0,2267.0,407.0,2841.0,"{""type"":""MultiPoint"",""coordinates"":[]}"
00000000000000001568,1.86,740.0,99.0,275.0,36.0,2462.0,169.0,2910.0,"{""type"":""MultiPoint"",""coordinates"":[]}"
00000000000000001517,1.51,772.0,33.0,78.0,36.0,2434.0,191.0,2829.0,"{""type"":""MultiPoint"",""coordinates"":[]}"
00000000000000001525,2.77,772.0,329.0,268.0,36.0,2251.0,406.0,2843.0,"{""type"":""MultiPoint"",""coordinates"":[]}"
0000000000000000125f,0.58,836.0,-1.0,-15.0,36.0,2479.0,53.0,2133.0,"{""type"":""MultiPoint"",""coordinates"":[]}"
0000000000000000120c,0.69,900.0,78.0,8.0,36.0,2483.0,40.0,2050.0,"{""type"":""MultiPoint"",""coordinates"":[]}"
0000000000000000120f,2.53,900.0,209.0,123.0,36.0,2295.0,248.0,2053.0,"{""type"":""MultiPoint"",""coordinates"":[]}"
0000000000000000120d,2.69,932.0,327.0,190.0,36.0,2157.0,301.0,2051.0,"{""type"":""MultiPoint"",""coordinates"":[]}"
0000000000000000121e,2.73,932.0,275.0,213.0,36.0,2244.0,326.0,2068.0,"{""type"":""MultiPoint"",""coordinates"":[]}"
000000000000000013dc,1.18,517.0,214.0,55.0,36.0,2360.0,99.0,2514.0,"{""type"":""MultiPoint"",""coordinates"":[]}"
000000000000000014e7,2.87,517.0,777.0,257.0,36.0,1704.0,563.0,2781.0,"{""type"":""MultiPoint"",""coordinates"":[]}"
0000000000000000147e,0.76,549.0,91.0,44.0,36.0,2501.0,97.0,2676.0,"{""type"":""MultiPoint"",""coordinates"":[]}"
000000000000000015e2,1.79,549.0,225.0,124.0,36.0,2419.0,165.0,3066.0,"{""type"":""MultiPoint"",""coordinates"":[]}"
00000000000000001446,1.2,581.0,127.0,98.0,36.0,2447.0,66.0,2620.0,"{""type"":""MultiPoint"",""coordinates"":[]}"
00000000000000001447,1.56,581.0,153.0,174.0,36.0,2457.0,209.0,2621.0,"{""type"":""MultiPoint"",""coordinates"":[]}"
000000000000000014c0,1.78,581.0,188.0,100.0,36.0,2329.0,174.0,2742.0,"{""type"":""MultiPoint"",""coordinates"":[]}"
00000000000000001ab4,0.87,581.0,67.0,93.0,36.0,2513.0,121.0,4300.0,"{""type"":""MultiPoint"",""coordinates"":[]}"
00000000000000001abd,1.15,581.0,137.0,105.0,36.0,2399.0,99.0,4309.0,"{""type"":""MultiPoint"",""coordinates"":[]}"
00000000000000001302,2.68,613.0,547.0,327.0,36.0,1990.0,528.0,2296.0,"{""type"":""MultiPoint"",""coordinates"":[]}"
000000000000000013b5,2.87,613.0,464.0,359.0,36.0,2106.0,458.0,2475.0,"{""type"":""MultiPoint"",""coordinates"":[]}"
00000000000000001bf9,2.07,613.0,394.0,324.0,36.0,2108.0,454.0,4625.0,"{""type"":""MultiPoint"",""coordinates"":[]}"
0000000000000000135c,2.59,645.0,311.0,253.0,36.0,2200.0,355.0,2386.0,"{""type"":""MultiPoint"",""coordinates"":[]}"
0000000000000000124c,2.89,677.0,556.0,286.0,36.0,2001.0,512.0,2114.0,"{""type"":""MultiPoint"",""coordinates"":[]}"
000000000000000012ec,1.13,677.0,2.0,57.0,36.0,2475.0,88.0,2274.0,"{""type"":""MultiPoint"",""coordinates"":[]}"
0000000000000000131e,2.72,677.0,687.0,360.0,36.0,1873.0,532.0,2324.0,"{""type"":""MultiPoint"",""coordinates"":[]}"
0000000000000000137f,0.14,677.0,96.0,21.0,36.0,2546.0,60.0,2421.0,"{""type"":""MultiPoint"",""coordinates"":[]}"
0000000000000000128d,2.86,709.0,466.0,298.0,36.0,2071.0,446.0,2179.0,"{""type"":""MultiPoint"",""coordinates"":[]}"
00000000000000001334,1.3,709.0,32.0,65.0,36.0,2461.0,75.0,2346.0,"{""type"":""MultiPoint"",""coordinates"":[]}"
0000000000000000140c,2.27,709.0,232.0,209.0,36.0,2348.0,230.0,2562.0,"{""type"":""MultiPoint"",""coordinates"":[]}"
00000000000000001520,2.67,709.0,-1.0,218.0,36.0,2396.0,260.0,2838.0,"{""type"":""MultiPoint"",""coordinates"":[]}"
000000000000000012ae,2.09,741.0,14.0,42.0,36.0,2499.0,49.0,2212.0,"{""type"":""MultiPoint"",""coordinates"":[]}"
00000000000000001328,2.82,741.0,892.0,375.0,36.0,1618.0,557.0,2334.0,"{""type"":""MultiPoint"",""coordinates"":[]}"
00000000000000001332,0.89,741.0,58.0,94.0,36.0,2474.0,79.0,2344.0,"{""type"":""MultiPoint"",""coordinates"":[]}"
00000000000000001459,2.11,741.0,258.0,219.0,36.0,2407.0,252.0,2639.0,"{""type"":""MultiPoint"",""coordinates"":[]}"
000000000000000015ad,2.57,741.0,143.0,420.0,36.0,2270.0,416.0,3013.0,"{""type"":""MultiPoint"",""coordinates"":[]}"
000000000000000013d5,2.47,837.0,627.0,331.0,36.0,1941.0,485.0,2507.0,"{""type"":""MultiPoint"",""coordinates"":[]}"
000000000000000013c7,1.96,901.0,352.0,239.0,36.0,2355.0,233.0,2493.0,"{""type"":""MultiPoint"",""coordinates"":[]}"
00000000000000001bdb,1.32,387.0,257.0,161.0,36.0,2347.0,227.0,4595.0,"{""type"":""MultiPoint"",""coordinates"":[]}"
00000000000000001bd2,1.17,419.0,225.0,52.0,36.0,2317.0,56.0,4586.0,"{""type"":""MultiPoint"",""coordinates"":[]}"
00000000000000001c16,0.66,435.0,75.0,43.0,36.0,2386.0,56.0,4654.0,"{""type"":""MultiPoint"",""coordinates"":[]}"
00000000000000000227,1.86,467.0,131.0,244.0,36.0,2468.0,248.0,6056.0,"{""type"":""MultiPoint"",""coordinates"":[]}"
000000000000000015d2,2.56,467.0,261.0,369.0,36.0,2167.0,467.0,3050.0,"{""type"":""MultiPoint"",""coordinates"":[]}"
0000000000000000160d,1.73,467.0,86.0,133.0,36.0,2379.0,161.0,3109.0,"{""type"":""MultiPoint"",""coordinates"":[]}"
00000000000000001a4f,0.43,483.0,78.0,46.0,36.0,2494.0,68.0,4199.0,"{""type"":""MultiPoint"",""coordinates"":[]}"
000000000000000014f1,2.36,499.0,316.0,98.0,36.0,2257.0,113.0,2791.0,"{""type"":""MultiPoint"",""coordinates"":[]}"
00000000000000001a47,2.64,499.0,43.0,315.0,36.0,2342.0,285.0,4191.0,"{""type"":""MultiPoint"",""coordinates"":[]}"
000000000000000014e3,2.4,550.0,611.0,368.0,36.0,2037.0,451.0,2777.0,"{""type"":""MultiPoint"",""coordinates"":[]}"
00000000000000001397,0.56,582.0,86.0,21.0,36.0,2449.0,120.0,2445.0,"{""type"":""MultiPoint"",""coordinates"":[]}"
00000000000000001453,0.1,582.0,99.0,31.0,36.0,2759.0,80.0,2633.0,"{""type"":""MultiPoint"",""coordinates"":[]}"
00000000000000001448,1.35,614.0,30.0,-12.0,36.0,2492.0,102.0,2622.0,"{""type"":""MultiPoint"",""coordinates"":[]}"
00000000000000001bec,0.46,614.0,257.0,113.0,36.0,2289.0,217.0,4612.0,"{""type"":""MultiPoint"",""coordinates"":[]}"
00000000000000001bf5,1.06,614.0,146.0,134.0,36.0,2333.0,190.0,4621.0,"{""type"":""MultiPoint"",""coordinates"":[]}"
00000000000000001bf6,1.16,614.0,325.0,253.0,36.0,2215.0,427.0,4622.0,"{""type"":""MultiPoint"",""coordinates"":[]}"
00000000000000001273,0.83,646.0,17.0,40.0,36.0,2450.0,56.0,2153.0,"{""type"":""MultiPoint"",""coordinates"":[]}"
00000000000000001464,1.31,646.0,99.0,141.0,36.0,2513.0,155.0,2650.0,"{""type"":""MultiPoint"",""coordinates"":[]}"
00000000000000001259,1.82,678.0,81.0,44.0,36.0,2463.0,96.0,2127.0,"{""type"":""MultiPoint"",""coordinates"":[]}"
000000000000000012bf,0.21,678.0,172.0,-6.0,36.0,2437.0,56.0,2229.0,"{""type"":""MultiPoint"",""coordinates"":[]}"
00000000000000001320,2.74,678.0,454.0,329.0,36.0,2091.0,432.0,2326.0,"{""type"":""MultiPoint"",""coordinates"":[]}"
0000000000000000153a,0.1,678.0,14.0,4.0,36.0,2566.0,14.0,2864.0,"{""type"":""MultiPoint"",""coordinates"":[]}"
00000000000000001252,1.77,710.0,99.0,164.0,36.0,2566.0,193.0,2120.0,"{""type"":""MultiPoint"",""coordinates"":[]}"
00000000000000001294,0.22,710.0,176.0,-18.0,36.0,2478.0,24.0,2186.0,"{""type"":""MultiPoint"",""coordinates"":[]}"
00000000000000001341,1.85,710.0,177.0,216.0,36.0,2410.0,246.0,2359.0,"{""type"":""MultiPoint"",""coordinates"":[]}"
0000000000000000145e,2.02,710.0,196.0,148.0,36.0,2527.0,205.0,2644.0,"{""type"":""MultiPoint"",""coordinates"":[]}"
0000000000000000129a,0.35,742.0,130.0,32.0,36.0,2486.0,79.0,2192.0,"{""type"":""MultiPoint"",""coordinates"":[]}"
00000000000000001343,0.85,742.0,26.0,70.0,36.0,2503.0,79.0,2361.0,"{""type"":""MultiPoint"",""coordinates"":[]}"
0000000000000000154a,0.77,742.0,114.0,31.0,36.0,2431.0,90.0,2880.0,"{""type"":""MultiPoint"",""coordinates"":[]}"
0000000000000000129e,0.48,774.0,51.0,25.0,36.0,2445.0,48.0,2196.0,"{""type"":""MultiPoint"",""coordinates"":[]}"
000000000000000012f6,0.47,774.0,69.0,32.0,36.0,2541.0,58.0,2284.0,"{""type"":""MultiPoint"",""coordinates"":[]}"
000000000000000013c0,2.69,774.0,480.0,269.0,36.0,2172.0,311.0,2486.0,"{""type"":""MultiPoint"",""coordinates"":[]}"
0000000000000000154e,0.79,806.0,126.0,37.0,36.0,2497.0,50.0,2884.0,"{""type"":""MultiPoint"",""coordinates"":[]}"
00000000000000001228,0.98,966.0,1.0,50.0,36.0,2599.0,97.0,2078.0,"{""type"":""MultiPoint"",""coordinates"":[]}"
00000000000000001435,2.96,1164.0,406.0,221.0,36.0,2049.0,331.0,2603.0,"{""type"":""MultiPoint"",""coordinates"":[]}"
00000000000000001434,0.07,1165.0,62.0,15.0,36.0,2422.0,36.0,2602.0,"{""type"":""MultiPoint"",""coordinates"":[]}"
000000000000000015ef,0.85,519.0,28.0,40.0,36.0,2549.0,45.0,3079.0,"{""type"":""MultiPoint"",""coordinates"":[]}"
00000000000000001611,0.96,519.0,32.0,25.0,36.0,2312.0,35.0,3113.0,"{""type"":""MultiPoint"",""coordinates"":[]}"
00000000000000001465,0.06,551.0,111.0,59.0,36.0,2486.0,79.0,2651.0,"{""type"":""MultiPoint"",""coordinates"":[]}"
000000000000000015e5,2.59,551.0,637.0,282.0,36.0,2194.0,405.0,3069.0,"{""type"":""MultiPoint"",""coordinates"":[]}"
0000000000000000022c,2.02,583.0,206.0,145.0,36.0,2502.0,186.0,6061.0,"{""type"":""MultiPoint"",""coordinates"":[]}"
00000000000000001bea,0.98,583.0,313.0,56.0,36.0,2407.0,100.0,4610.0,"{""type"":""MultiPoint"",""coordinates"":[]}"
000000000000000013aa,1.97,615.0,148.0,129.0,36.0,2446.0,125.0,2464.0,"{""type"":""MultiPoint"",""coordinates"":[]}"
00000000000000001bf7,1.77,615.0,399.0,277.0,36.0,2145.0,480.0,4623.0,"{""type"":""MultiPoint"",""coordinates"":[]}"
00000000000000001bfd,1.93,615.0,381.0,387.0,36.0,2088.0,510.0,4629.0,"{""type"":""MultiPoint"",""coordinates"":[]}"
00000000000000001291,0.58,679.0,134.0,32.0,36.0,2474.0,63.0,2183.0,"{""type"":""MultiPoint"",""coordinates"":[]}"
00000000000000001386,2.87,679.0,523.0,258.0,36.0,2044.0,475.0,2428.0,"{""type"":""MultiPoint"",""coordinates"":[]}"
0000000000000000153e,1.48,679.0,162.0,73.0,36.0,2429.0,77.0,2868.0,"{""type"":""MultiPoint"",""coordinates"":[]}"
00000000000000001335,1.24,711.0,17.0,125.0,36.0,2500.0,95.0,2347.0,"{""type"":""MultiPoint"",""coordinates"":[]}"
0000000000000000133d,1.26,743.0,73.0,146.0,36.0,2507.0,107.0,2355.0,"{""type"":""MultiPoint"",""coordinates"":[]}"
0000000000000000154d,1.0,743.0,49.0,50.0,36.0,2459.0,40.0,2883.0,"{""type"":""MultiPoint"",""coordinates"":[]}"
000000000000000013c6,1.51,807.0,335.0,96.0,36.0,2433.0,138.0,2492.0,"{""type"":""MultiPoint"",""coordinates"":[]}"
00000000000000001514,0.49,807.0,73.0,11.0,36.0,2599.0,26.0,2826.0,"{""type"":""MultiPoint"",""coordinates"":[]}"
000000000000000013b8,2.84,839.0,611.0,335.0,36.0,1955.0,479.0,2478.0,"{""type"":""MultiPoint"",""coordinates"":[]}"
00000000000000001213,2.51,967.0,220.0,125.0,36.0,2306.0,245.0,2057.0,"{""type"":""MultiPoint"",""coordinates"":[]}"
000000000000000015b6,2.24,967.0,270.0,169.0,36.0,2513.0,229.0,3022.0,"{""type"":""MultiPoint"",""coordinates"":[]}"
000000000000000015a2,2.3,1039.0,314.0,198.0,36.0,2459.0,249.0,3002.0,"{""type"":""MultiPoint"",""coordinates"":[]}"
000000000000000003ae,1.36,69.0,-44.0,84.0,36.0,3079.0,81.0,6447.0,"{""type"":""MultiPoint"",""coordinates"":[]}"
000000000000000003af,1.29,69.0,38.0,96.0,36.0,2945.0,145.0,6448.0,"{""type"":""MultiPoint"",""coordinates"":[]}"
000000000000000003b0,0.75,69.0,55.0,5.0,36.0,2970.0,16.0,6449.0,"{""type"":""MultiPoint"",""coordinates"":[]}"
0000000000000000017c,1.82,73.0,114.0,76.0,36.0,2962.0,136.0,5885.0,"{""type"":""MultiPoint"",""coordinates"":[]}"
000000000000000003d4,1.93,77.0,312.0,250.0,36.0,2696.0,275.0,6485.0,"{""type"":""MultiPoint"",""coordinates"":[]}"
000000000000000003ba,1.91,85.0,1.0,129.0,36.0,2748.0,147.0,6459.0,"{""type"":""MultiPoint"",""coordinates"":[]}"
000000000000000003bb,1.17,85.0,16.0,80.0,36.0,2848.0,77.0,6460.0,"{""type"":""MultiPoint"",""coordinates"":[]}"
000000000000000003ca,2.6,85.0,866.0,562.0,36.0,2247.0,508.0,6475.0,"{""type"":""MultiPoint"",""coordinates"":[]}"
000000000000000003dc,0.72,89.0,-98.0,29.0,36.0,2994.0,36.0,6493.0,"{""type"":""MultiPoint"",""coordinates"":[]}"
000000000000000003ed,2.66,121.0,838.0,422.0,36.0,2100.0,465.0,6510.0,"{""type"":""MultiPoint"",""coordinates"":[]}"
00000000000000000400,2.11,121.0,610.0,363.0,36.0,2424.0,390.0,6529.0,"{""type"":""MultiPoint"",""coordinates"":[]}"
00000000000000000407,1.85,121.0,447.0,429.0,36.0,2480.0,402.0,6536.0,"{""type"":""MultiPoint"",""coordinates"":[]}"
00000000000000000409,2.28,121.0,529.0,417.0,36.0,2255.0,415.0,6538.0,"{""type"":""MultiPoint"",""coordinates"":[]}"
0000000000000000040d,1.61,121.0,88.0,314.0,36.0,2535.0,329.0,6542.0,"{""type"":""MultiPoint"",""coordinates"":[]}"
000000000000000003fb,0.49,125.0,-33.0,19.0,36.0,2781.0,4.0,6524.0,"{""type"":""MultiPoint"",""coordinates"":[]}"
00000000000000000404,1.07,125.0,74.0,36.0,36.0,2958.0,53.0,6533.0,"{""type"":""MultiPoint"",""coordinates"":[]}"
00000000000000000408,0.81,125.0,-35.0,-7.0,36.0,3017.0,-9.0,6537.0,"{""type"":""MultiPoint"",""coordinates"":[]}"
00000000000000000413,1.16,130.0,102.0,80.0,36.0,2872.0,57.0,6548.0,"{""type"":""MultiPoint"",""coordinates"":[]}"
00000000000000000414,2.32,130.0,588.0,483.0,36.0,2347.0,447.0,6549.0,"{""type"":""MultiPoint"",""coordinates"":[]}"
00000000000000000415,1.85,130.0,442.0,313.0,36.0,2537.0,323.0,6550.0,"{""type"":""MultiPoint"",""coordinates"":[]}"
00000000000000000416,2.3,130.0,228.0,116.0,36.0,2809.0,130.0,6551.0,"{""type"":""MultiPoint"",""coordinates"":[]}"
000000000000000011c1,0.67,194.0,28.0,16.0,36.0,2956.0,-9.0,1975.0,"{""type"":""MultiPoint"",""coordinates"":[]}"
00000000000000000234,2.3,372.0,137.0,-134.0,36.0,2755.0,-90.0,6069.0,"{""type"":""MultiPoint"",""coordinates"":[]}"
00000000000000001c13,1.45,404.0,425.0,147.0,36.0,2109.0,212.0,4651.0,"{""type"":""MultiPoint"",""coordinates"":[]}"
00000000000000000238,2.91,436.0,451.0,371.0,36.0,2097.0,486.0,6073.0,"{""type"":""MultiPoint"",""coordinates"":[]}"
000000000000000015d1,2.8,436.0,648.0,349.0,36.0,2247.0,471.0,3049.0,"{""type"":""MultiPoint"",""coordinates"":[]}"
00000000000000000226,0.64,484.0,63.0,235.0,36.0,2387.0,222.0,6055.0,"{""type"":""MultiPoint"",""coordinates"":[]}"
000000000000000014c7,1.99,484.0,335.0,146.0,36.0,2247.0,242.0,2749.0,"{""type"":""MultiPoint"",""coordinates"":[]}"
000000000000000014da,1.26,484.0,224.0,49.0,36.0,2321.0,140.0,2768.0,"{""type"":""MultiPoint"",""coordinates"":[]}"
0000000000000000160c,2.0,500.0,217.0,110.0,36.0,2359.0,197.0,3108.0,"{""type"":""MultiPoint"",""coordinates"":[]}"
00000000000000001a56,2.01,500.0,-35.0,217.0,36.0,2344.0,160.0,4206.0,"{""type"":""MultiPoint"",""coordinates"":[]}"
00000000000000001a6a,2.9,500.0,218.0,443.0,36.0,2153.0,491.0,4226.0,"{""type"":""MultiPoint"",""coordinates"":[]}"
000000000000000013dd,1.69,520.0,247.0,65.0,36.0,2329.0,82.0,2515.0,"{""type"":""MultiPoint"",""coordinates"":[]}"
000000000000000014e8,2.73,520.0,827.0,238.0,36.0,1775.0,459.0,2782.0,"{""type"":""MultiPoint"",""coordinates"":[]}"
000000000000000014d5,2.53,552.0,267.0,222.0,36.0,2280.0,264.0,2763.0,"{""type"":""MultiPoint"",""coordinates"":[]}"
000000000000000014d7,1.1,552.0,209.0,122.0,36.0,2355.0,179.0,2765.0,"{""type"":""MultiPoint"",""coordinates"":[]}"
00000000000000001466,2.22,584.0,100.0,117.0,36.0,2553.0,154.0,2652.0,"{""type"":""MultiPoint"",""coordinates"":[]}"
00000000000000001301,0.58,616.0,77.0,63.0,36.0,2461.0,80.0,2295.0,"{""type"":""MultiPoint"",""coordinates"":[]}"
0000000000000000136e,2.88,616.0,314.0,397.0,36.0,2103.0,450.0,2404.0,"{""type"":""MultiPoint"",""coordinates"":[]}"
000000000000000013a5,2.76,616.0,663.0,399.0,36.0,1962.0,526.0,2459.0,"{""type"":""MultiPoint"",""coordinates"":[]}"
000000000000000013b2,1.39,616.0,178.0,83.0,36.0,2421.0,225.0,2472.0,"{""type"":""MultiPoint"",""coordinates"":[]}"
00000000000000001404,1.31,616.0,218.0,-7.0,36.0,2326.0,35.0,2554.0,"{""type"":""MultiPoint"",""coordinates"":[]}"
0000000000000000150a,1.44,616.0,164.0,97.0,36.0,2358.0,103.0,2816.0,"{""type"":""MultiPoint"",""coordinates"":[]}"
0000000000000000150b,2.26,616.0,125.0,283.0,36.0,2360.0,229.0,2817.0,"{""type"":""MultiPoint"",""coordinates"":[]}"
0000000000000000150c,2.54,616.0,534.0,363.0,36.0,2062.0,416.0,2818.0,"{""type"":""MultiPoint"",""coordinates"":[]}"
00000000000000001288,0.32,680.0,59.0,-5.0,36.0,2503.0,40.0,2174.0,"{""type"":""MultiPoint"",""coordinates"":[]}"
000000000000000012c8,1.53,680.0,361.0,15.0,36.0,2193.0,153.0,2238.0,"{""type"":""MultiPoint"",""coordinates"":[]}"
0000000000000000130a,0.37,680.0,35.0,0.0,36.0,2541.0,20.0,2304.0,"{""type"":""MultiPoint"",""coordinates"":[]}"
00000000000000001322,1.61,680.0,118.0,98.0,36.0,2381.0,118.0,2328.0,"{""type"":""MultiPoint"",""coordinates"":[]}"
0000000000000000137b,0.98,680.0,173.0,80.0,36.0,2363.0,109.0,2417.0,"{""type"":""MultiPoint"",""coordinates"":[]}"
00000000000000001389,2.53,680.0,565.0,272.0,36.0,2125.0,410.0,2431.0,"{""type"":""MultiPoint"",""coordinates"":[]}"
0000000000000000146a,1.59,680.0,151.0,186.0,36.0,2468.0,218.0,2656.0,"{""type"":""MultiPoint"",""coordinates"":[]}"
000000000000000014bc,0.43,680.0,110.0,32.0,36.0,2330.0,35.0,2738.0,"{""type"":""MultiPoint"",""coordinates"":[]}"
0000000000000000128c,2.46,712.0,292.0,256.0,36.0,2281.0,335.0,2178.0,"{""type"":""MultiPoint"",""coordinates"":[]}"
00000000000000001316,1.48,712.0,66.0,99.0,36.0,2504.0,74.0,2316.0,"{""type"":""MultiPoint"",""coordinates"":[]}"
000000000000000014a6,1.78,712.0,280.0,321.0,36.0,2273.0,309.0,2716.0,"{""type"":""MultiPoint"",""coordinates"":[]}"
0000000000000000154c,1.67,712.0,113.0,60.0,36.0,2452.0,73.0,2882.0,"{""type"":""MultiPoint"",""coordinates"":[]}"
00000000000000001b01,0.3,712.0,89.0,26.0,36.0,2774.0,82.0,4377.0,"{""type"":""MultiPoint"",""coordinates"":[]}"
00000000000000001b03,0.01,712.0,54.0,-30.0,36.0,2811.0,33.0,4379.0,"{""type"":""MultiPoint"",""coordinates"":[]}"
0000000000000000134e,0.9,744.0,79.0,65.0,36.0,2504.0,83.0,2372.0,"{""type"":""MultiPoint"",""coordinates"":[]}"
0000000000000000141a,0.27,776.0,85.0,61.0,36.0,2459.0,50.0,2576.0,"{""type"":""MultiPoint"",""coordinates"":[]}"
00000000000000001235,2.06,904.0,225.0,179.0,36.0,2376.0,235.0,2091.0,"{""type"":""MultiPoint"",""coordinates"":[]}"
00000000000000001238,1.17,904.0,109.0,7.0,36.0,2547.0,60.0,2094.0,"{""type"":""MultiPoint"",""coordinates"":[]}"
00000000000000001439,0.19,1169.0,80.0,69.0,36.0,2385.0,100.0,2607.0,"{""type"":""MultiPoint"",""coordinates"":[]}"
000000000000000015e9,0.49,521.0,97.0,57.0,36.0,2543.0,71.0,3073.0,"{""type"":""MultiPoint"",""coordinates"":[]}"
00000000000000001604,1.4,521.0,-37.0,114.0,36.0,2394.0,65.0,3100.0,"{""type"":""MultiPoint"",""coordinates"":[]}"
00000000000000001beb,0.94,553.0,199.0,66.0,36.0,2299.0,114.0,4611.0,"{""type"":""MultiPoint"",""coordinates"":[]}"
00000000000000001ac6,2.96,585.0,420.0,302.0,36.0,2269.0,417.0,4318.0,"{""type"":""MultiPoint"",""coordinates"":[]}"
000000000000000013fe,1.67,617.0,379.0,63.0,36.0,2251.0,166.0,2548.0,"{""type"":""MultiPoint"",""coordinates"":[]}"
0000000000000000130b,2.76,649.0,314.0,276.0,36.0,2169.0,450.0,2305.0,"{""type"":""MultiPoint"",""coordinates"":[]}"
00000000000000001354,0.94,649.0,71.0,88.0,36.0,2397.0,93.0,2378.0,"{""type"":""MultiPoint"",""coordinates"":[]}"
0000000000000000138f,1.05,649.0,96.0,21.0,36.0,2357.0,45.0,2437.0,"{""type"":""MultiPoint"",""coordinates"":[]}"
000000000000000012bd,1.43,681.0,685.0,27.0,36.0,1964.0,201.0,2227.0,"{""type"":""MultiPoint"",""coordinates"":[]}"
00000000000000001310,2.34,681.0,194.0,295.0,36.0,2278.0,336.0,2310.0,"{""type"":""MultiPoint"",""coordinates"":[]}"
00000000000000001362,1.24,681.0,214.0,15.0,36.0,2331.0,156.0,2392.0,"{""type"":""MultiPoint"",""coordinates"":[]}"
00000000000000001388,1.27,681.0,372.0,58.0,36.0,2296.0,105.0,2430.0,"{""type"":""MultiPoint"",""coordinates"":[]}"
0000000000000000140a,2.87,681.0,201.0,385.0,36.0,2217.0,433.0,2560.0,"{""type"":""MultiPoint"",""coordinates"":[]}"
00000000000000001283,0.65,713.0,166.0,26.0,36.0,2430.0,66.0,2169.0,"{""type"":""MultiPoint"",""coordinates"":[]}"
000000000000000014a4,2.84,713.0,675.0,364.0,36.0,1924.0,527.0,2714.0,"{""type"":""MultiPoint"",""coordinates"":[]}"
000000000000000014a5,2.65,713.0,256.0,393.0,36.0,2292.0,354.0,2715.0,"{""type"":""MultiPoint"",""coordinates"":[]}"
0000000000000000122f,1.19,745.0,45.0,6.0,36.0,2509.0,46.0,2085.0,"{""type"":""MultiPoint"",""coordinates"":[]}"
00000000000000001261,0.44,745.0,64.0,-12.0,36.0,2662.0,61.0,2135.0,"{""type"":""MultiPoint"",""coordinates"":[]}"
000000000000000012a6,2.46,745.0,83.0,193.0,36.0,2383.0,246.0,2204.0,"{""type"":""MultiPoint"",""coordinates"":[]}"
0000000000000000132f,0.82,745.0,19.0,99.0,36.0,2455.0,60.0,2341.0,"{""type"":""MultiPoint"",""coordinates"":[]}"
00000000000000001337,0.54,745.0,89.0,56.0,36.0,2528.0,51.0,2349.0,"{""type"":""MultiPoint"",""coordinates"":[]}"
00000000000000001515,0.51,745.0,21.0,10.0,36.0,2522.0,33.0,2827.0,"{""type"":""MultiPoint"",""coordinates"":[]}"
00000000000000001531,1.68,745.0,207.0,73.0,36.0,2429.0,108.0,2855.0,"{""type"":""MultiPoint"",""coordinates"":[]}"
00000000000000001548,2.47,745.0,58.0,212.0,36.0,2449.0,265.0,2878.0,"{""type"":""MultiPoint"",""coordinates"":[]}"
000000000000000013c2,2.49,777.0,265.0,255.0,36.0,2364.0,217.0,2488.0,"{""type"":""MultiPoint"",""coordinates"":[]}"
00000000000000001414,0.97,873.0,102.0,73.0,36.0,2354.0,104.0,2570.0,"{""type"":""MultiPoint"",""coordinates"":[]}"
00000000000000001223,1.34,969.0,13.0,35.0,36.0,2566.0,76.0,2073.0,"{""type"":""MultiPoint"",""coordinates"":[]}"
000000000000000013cc,1.16,969.0,257.0,128.0,36.0,2547.0,126.0,2498.0,"{""type"":""MultiPoint"",""coordinates"":[]}"
0000000000000000121a,2.81,1001.0,254.0,187.0,36.0,2244.0,300.0,2064.0,"{""type"":""MultiPoint"",""coordinates"":[]}"
000000000000000013cb,1.6,1001.0,270.0,77.0,36.0,2522.0,156.0,2497.0,"{""type"":""MultiPoint"",""coordinates"":[]}"
00000000000000001595,1.9,1043.0,170.0,112.0,36.0,2589.0,137.0,2989.0,"{""type"":""MultiPoint"",""coordinates"":[]}"
00000000000000001bdc,1.26,389.0,299.0,61.0,36.0,2240.0,139.0,4596.0,"{""type"":""MultiPoint"",""coordinates"":[]}"
00000000000000001bcb,0.64,405.0,131.0,38.0,36.0,2337.0,98.0,4579.0,"{""type"":""MultiPoint"",""coordinates"":[]}"
000000000000000015c5,2.41,437.0,260.0,226.0,36.0,2246.0,317.0,3037.0,"{""type"":""MultiPoint"",""coordinates"":[]}"
00000000000000001be2,1.72,437.0,109.0,11.0,36.0,2284.0,4.0,4602.0,"{""type"":""MultiPoint"",""coordinates"":[]}"
00000000000000001603,0.66,485.0,64.0,30.0,36.0,2357.0,63.0,3099.0,"{""type"":""MultiPoint"",""coordinates"":[]}"
00000000000000001a69,0.85,485.0,172.0,184.0,36.0,2451.0,221.0,4225.0,"{""type"":""MultiPoint"",""coordinates"":[]}"
00000000000000001a66,0.68,501.0,-15.0,47.0,36.0,2422.0,31.0,4222.0,"{""type"":""MultiPoint"",""coordinates"":[]}"
00000000000000001a6b,0.98,501.0,1.0,52.0,36.0,2404.0,6.0,4227.0,"{""type"":""MultiPoint"",""coordinates"":[]}"
000000000000000014e9,2.93,522.0,875.0,262.0,36.0,1682.0,477.0,2783.0,"{""type"":""MultiPoint"",""coordinates"":[]}"
00000000000000001a60,0.52,522.0,67.0,67.0,36.0,2526.0,31.0,4216.0,"{""type"":""MultiPoint"",""coordinates"":[]}"
000000000000000013e1,0.65,554.0,772.0,30.0,36.0,2039.0,241.0,2519.0,"{""type"":""MultiPoint"",""coordinates"":[]}"
000000000000000012fa,1.85,586.0,-6.0,160.0,36.0,2502.0,187.0,2288.0,"{""type"":""MultiPoint"",""coordinates"":[]}"
0000000000000000139b,1.24,586.0,115.0,30.0,36.0,2432.0,103.0,2449.0,"{""type"":""MultiPoint"",""coordinates"":[]}"
00000000000000001361,0.43,618.0,-31.0,75.0,36.0,2552.0,112.0,2391.0,"{""type"":""MultiPoint"",""coordinates"":[]}"
00000000000000001462,1.4,618.0,-28.0,64.0,36.0,2463.0,176.0,2648.0,"{""type"":""MultiPoint"",""coordinates"":[]}"
0000000000000000156f,2.12,618.0,748.0,44.0,36.0,2052.0,234.0,2917.0,"{""type"":""MultiPoint"",""coordinates"":[]}"
00000000000000001bfc,2.09,618.0,404.0,400.0,36.0,2060.0,548.0,4628.0,"{""type"":""MultiPoint"",""coordinates"":[]}"
0000000000000000130c,0.55,650.0,21.0,58.0,36.0,2506.0,104.0,2306.0,"{""type"":""MultiPoint"",""coordinates"":[]}"
00000000000000001257,2.04,682.0,257.0,210.0,36.0,2292.0,321.0,2125.0,"{""type"":""MultiPoint"",""coordinates"":[]}"
000000000000000012db,0.76,682.0,218.0,22.0,36.0,2355.0,93.0,2257.0,"{""type"":""MultiPoint"",""coordinates"":[]}"
00000000000000001351,1.27,682.0,94.0,105.0,36.0,2413.0,106.0,2375.0,"{""type"":""MultiPoint"",""coordinates"":[]}"
00000000000000001b00,1.14,682.0,59.0,29.0,36.0,2916.0,93.0,4376.0,"{""type"":""MultiPoint"",""coordinates"":[]}"
000000000000000014b9,1.2,714.0,187.0,101.0,36.0,2384.0,130.0,2735.0,"{""type"":""MultiPoint"",""coordinates"":[]}"
00000000000000001522,2.64,714.0,399.0,226.0,36.0,2258.0,306.0,2840.0,"{""type"":""MultiPoint"",""coordinates"":[]}"
00000000000000001329,2.24,746.0,478.0,310.0,36.0,2174.0,375.0,2335.0,"{""type"":""MultiPoint"",""coordinates"":[]}"
000000000000000013d7,2.11,746.0,177.0,277.0,36.0,2376.0,217.0,2509.0,"{""type"":""MultiPoint"",""coordinates"":[]}"
0000000000000000152e,1.33,746.0,45.0,129.0,36.0,2438.0,123.0,2852.0,"{""type"":""MultiPoint"",""coordinates"":[]}"
00000000000000001566,0.9,746.0,266.0,47.0,36.0,2523.0,126.0,2908.0,"{""type"":""MultiPoint"",""coordinates"":[]}"
00000000000000001249,0.55,778.0,125.0,-3.0,36.0,2453.0,42.0,2111.0,"{""type"":""MultiPoint"",""coordinates"":[]}"
000000000000000012aa,0.49,778.0,12.0,21.0,36.0,2582.0,17.0,2208.0,"{""type"":""MultiPoint"",""coordinates"":[]}"
000000000000000013c5,2.02,778.0,200.0,191.0,36.0,2429.0,146.0,2491.0,"{""type"":""MultiPoint"",""coordinates"":[]}"
00000000000000001233,1.35,874.0,108.0,34.0,36.0,2501.0,64.0,2089.0,"{""type"":""MultiPoint"",""coordinates"":[]}"
000000000000000015b2,1.72,938.0,174.0,165.0,36.0,2613.0,159.0,3018.0,"{""type"":""MultiPoint"",""coordinates"":[]}"
00000000000000001218,2.26,970.0,208.0,122.0,36.0,2356.0,264.0,2062.0,"{""type"":""MultiPoint"",""coordinates"":[]}"
0000000000000000159d,1.81,970.0,343.0,179.0,36.0,2546.0,248.0,2997.0,"{""type"":""MultiPoint"",""coordinates"":[]}"
000000000000000013e6,0.87,523.0,120.0,45.0,36.0,2394.0,33.0,2524.0,"{""type"":""MultiPoint"",""coordinates"":[]}"
0000000000000000148f,0.02,523.0,122.0,42.0,36.0,2528.0,-15.0,2693.0,"{""type"":""MultiPoint"",""coordinates"":[]}"
00000000000000001491,1.65,523.0,138.0,59.0,36.0,2470.0,12.0,2695.0,"{""type"":""MultiPoint"",""coordinates"":[]}"
000000000000000015c2,2.28,523.0,214.0,210.0,36.0,2409.0,286.0,3034.0,"{""type"":""MultiPoint"",""coordinates"":[]}"
000000000000000014d4,1.75,555.0,153.0,183.0,36.0,2426.0,190.0,2762.0,"{""type"":""MultiPoint"",""coordinates"":[]}"
000000000000000014d8,0.47,555.0,138.0,35.0,36.0,2416.0,43.0,2766.0,"{""type"":""MultiPoint"",""coordinates"":[]}"
00000000000000001ab6,1.22,555.0,28.0,112.0,36.0,2408.0,104.0,4302.0,"{""type"":""MultiPoint"",""coordinates"":[]}"
00000000000000001ab9,0.18,555.0,-19.0,21.0,36.0,2449.0,13.0,4305.0,"{""type"":""MultiPoint"",""coordinates"":[]}"
000000000000000014bf,0.87,587.0,201.0,29.0,36.0,2359.0,110.0,2741.0,"{""type"":""MultiPoint"",""coordinates"":[]}"
00000000000000001303,0.56,619.0,43.0,48.0,36.0,2560.0,72.0,2297.0,"{""type"":""MultiPoint"",""coordinates"":[]}"
00000000000000001372,2.59,619.0,124.0,270.0,36.0,2439.0,281.0,2408.0,"{""type"":""MultiPoint"",""coordinates"":[]}"
0000000000000000157f,1.44,619.0,344.0,6.0,36.0,2292.0,99.0,2933.0,"{""type"":""MultiPoint"",""coordinates"":[]}"
000000000000000015ee,1.11,619.0,64.0,106.0,36.0,2459.0,108.0,3078.0,"{""type"":""MultiPoint"",""coordinates"":[]}"
0000000000000000134c,0.96,651.0,179.0,9.0,36.0,2460.0,63.0,2370.0,"{""type"":""MultiPoint"",""coordinates"":[]}"
000000000000000013d2,0.3,651.0,98.0,23.0,36.0,2461.0,45.0,2504.0,"{""type"":""MultiPoint"",""coordinates"":[]}"
00000000000000001539,0.17,651.0,50.0,18.0,36.0,2547.0,18.0,2863.0,"{""type"":""MultiPoint"",""coordinates"":[]}"
000000000000000012be,0.48,683.0,225.0,24.0,36.0,2357.0,97.0,2228.0,"{""type"":""MultiPoint"",""coordinates"":[]}"
000000000000000012c0,1.81,683.0,700.0,69.0,36.0,1992.0,261.0,2230.0,"{""type"":""MultiPoint"",""coordinates"":[]}"
00000000000000001384,0.63,683.0,197.0,67.0,36.0,2404.0,75.0,2426.0,"{""type"":""MultiPoint"",""coordinates"":[]}"
0000000000000000146b,2.24,683.0,210.0,315.0,36.0,2325.0,360.0,2657.0,"{""type"":""MultiPoint"",""coordinates"":[]}"
00000000000000001573,1.57,683.0,361.0,-2.0,36.0,2403.0,126.0,2921.0,"{""type"":""MultiPoint"",""coordinates"":[]}"
000000000000000012d0,2.33,715.0,744.0,60.0,36.0,1915.0,250.0,2246.0,"{""type"":""MultiPoint"",""coordinates"":[]}"
00000000000000001333,0.76,715.0,-20.0,71.0,36.0,2457.0,53.0,2345.0,"{""type"":""MultiPoint"",""coordinates"":[]}"
00000000000000001336,1.52,715.0,13.0,163.0,36.0,2475.0,142.0,2348.0,"{""type"":""MultiPoint"",""coordinates"":[]}"
0000000000000000145d,1.38,715.0,247.0,221.0,36.0,2360.0,272.0,2643.0,"{""type"":""MultiPoint"",""coordinates"":[]}"
0000000000000000132e,0.93,747.0,92.0,54.0,36.0,2538.0,37.0,2340.0,"{""type"":""MultiPoint"",""coordinates"":[]}"
00000000000000001565,1.01,747.0,263.0,110.0,36.0,2442.0,159.0,2907.0,"{""type"":""MultiPoint"",""coordinates"":[]}"
000000000000000013b9,1.34,779.0,114.0,129.0,36.0,2408.0,137.0,2479.0,"{""type"":""MultiPoint"",""coordinates"":[]}"
00000000000000001551,0.66,811.0,79.0,41.0,36.0,2468.0,53.0,2887.0,"{""type"":""MultiPoint"",""coordinates"":[]}"
0000000000000000152c,1.25,875.0,204.0,79.0,36.0,2496.0,104.0,2850.0,"{""type"":""MultiPoint"",""coordinates"":[]}"
0000000000000000120e,1.43,907.0,109.0,74.0,36.0,2433.0,110.0,2052.0,"{""type"":""MultiPoint"",""coordinates"":[]}"
00000000000000001224,1.14,971.0,80.0,22.0,36.0,2499.0,103.0,2074.0,"{""type"":""MultiPoint"",""coordinates"":[]}"
0000000000000000122a,0.14,971.0,-9.0,-24.0,36.0,2572.0,36.0,2080.0,"{""type"":""MultiPoint"",""coordinates"":[]}"
000000000000000011c7,1.19,195.0,-35.0,27.0,36.0,2998.0,14.0,1981.0,"{""type"":""MultiPoint"",""coordinates"":[]}"
000000000000000011c9,0.5,195.0,-69.0,3.0,36.0,3017.0,0.0,1983.0,"{""type"":""MultiPoint"",""coordinates"":[]}"
000000000000000011ca,0.55,195.0,-72.0,27.0,36.0,2967.0,7.0,1984.0,"{""type"":""MultiPoint"",""coordinates"":[]}"
000000000000000011cb,1.15,195.0,-52.0,17.0,36.0,2979.0,14.0,1985.0,"{""type"":""MultiPoint"",""coordinates"":[]}"
00000000000000001c1d,1.43,406.0,622.0,213.0,36.0,2108.0,320.0,4661.0,"{""type"":""MultiPoint"",""coordinates"":[]}"
00000000000000001bc4,0.01,422.0,30.0,-2.0,36.0,2485.0,-22.0,4572.0,"{""type"":""MultiPoint"",""coordinates"":[]}"
000000000000000015c0,1.98,486.0,109.0,182.0,36.0,2430.0,208.0,3032.0,"{""type"":""MultiPoint"",""coordinates"":[]}"
00000000000000001a50,0.64,486.0,45.0,74.0,36.0,2430.0,65.0,4200.0,"{""type"":""MultiPoint"",""coordinates"":[]}"
000000000000000014ed,2.91,502.0,723.0,287.0,36.0,1830.0,498.0,2787.0,"{""type"":""MultiPoint"",""coordinates"":[]}"
000000000000000014f0,1.02,502.0,318.0,96.0,36.0,2335.0,132.0,2790.0,"{""type"":""MultiPoint"",""coordinates"":[]}"
00000000000000001a58,2.04,502.0,-32.0,146.0,36.0,2346.0,101.0,4208.0,"{""type"":""MultiPoint"",""coordinates"":[]}"
00000000000000001a5d,0.75,502.0,-9.0,8.0,36.0,2308.0,13.0,4213.0,"{""type"":""MultiPoint"",""coordinates"":[]}"
00000000000000001a63,1.04,524.0,54.0,46.0,36.0,2451.0,25.0,4219.0,"{""type"":""MultiPoint"",""coordinates"":[]}"
00000000000000001c07,0.26,524.0,43.0,-17.0,36.0,2711.0,-15.0,4639.0,"{""type"":""MultiPoint"",""coordinates"":[]}"
000000000000000014e1,2.29,556.0,534.0,216.0,36.0,2035.0,404.0,2775.0,"{""type"":""MultiPoint"",""coordinates"":[]}"
000000000000000014e2,1.6,556.0,248.0,164.0,36.0,2286.0,229.0,2776.0,"{""type"":""MultiPoint"",""coordinates"":[]}"
00000000000000001571,0.13,588.0,137.0,12.0,36.0,2573.0,12.0,2919.0,"{""type"":""MultiPoint"",""coordinates"":[]}"
000000000000000015f5,2.57,588.0,239.0,263.0,36.0,2356.0,327.0,3085.0,"{""type"":""MultiPoint"",""coordinates"":[]}"
00000000000000001bfb,0.41,588.0,50.0,21.0,36.0,2576.0,52.0,4627.0,"{""type"":""MultiPoint"",""coordinates"":[]}"
000000000000000013ff,0.99,620.0,121.0,29.0,36.0,2390.0,17.0,2549.0,"{""type"":""MultiPoint"",""coordinates"":[]}"
000000000000000015e4,1.23,652.0,128.0,43.0,36.0,2394.0,80.0,3068.0,"{""type"":""MultiPoint"",""coordinates"":[]}"
0000000000000000125e,1.71,684.0,49.0,84.0,36.0,2501.0,115.0,2132.0,"{""type"":""MultiPoint"",""coordinates"":[]}"
0000000000000000128f,2.05,684.0,236.0,119.0,36.0,2349.0,213.0,2181.0,"{""type"":""MultiPoint"",""coordinates"":[]}"
0000000000000000131f,2.63,684.0,865.0,410.0,36.0,1648.0,590.0,2325.0,"{""type"":""MultiPoint"",""coordinates"":[]}"
00000000000000001381,1.67,684.0,228.0,83.0,36.0,2442.0,121.0,2423.0,"{""type"":""MultiPoint"",""coordinates"":[]}"
00000000000000001387,1.78,684.0,535.0,68.0,36.0,2270.0,177.0,2429.0,"{""type"":""MultiPoint"",""coordinates"":[]}"
00000000000000001415,2.3,684.0,79.0,319.0,36.0,2359.0,340.0,2571.0,"{""type"":""MultiPoint"",""coordinates"":[]}"
00000000000000001417,2.49,684.0,57.0,188.0,36.0,2342.0,224.0,2573.0,"{""type"":""MultiPoint"",""coordinates"":[]}"
00000000000000001555,2.88,684.0,515.0,333.0,36.0,2044.0,405.0,2891.0,"{""type"":""MultiPoint"",""coordinates"":[]}"
0000000000000000126e,1.05,748.0,37.0,-38.0,36.0,2467.0,54.0,2148.0,"{""type"":""MultiPoint"",""coordinates"":[]}"
00000000000000001282,1.67,748.0,533.0,-7.0,36.0,2225.0,154.0,2168.0,"{""type"":""MultiPoint"",""coordinates"":[]}"
000000000000000012ee,0.85,748.0,88.0,59.0,36.0,2494.0,83.0,2276.0,"{""type"":""MultiPoint"",""coordinates"":[]}"
0000000000000000132b,1.44,748.0,295.0,116.0,36.0,2463.0,193.0,2337.0,"{""type"":""MultiPoint"",""coordinates"":[]}"
00000000000000001338,0.93,748.0,89.0,54.0,36.0,2520.0,76.0,2350.0,"{""type"":""MultiPoint"",""coordinates"":[]}"
0000000000000000133e,1.46,748.0,92.0,129.0,36.0,2501.0,130.0,2356.0,"{""type"":""MultiPoint"",""coordinates"":[]}"
00000000000000001456,1.82,748.0,220.0,105.0,36.0,2572.0,160.0,2636.0,"{""type"":""MultiPoint"",""coordinates"":[]}"
0000000000000000145a,0.85,748.0,122.0,83.0,36.0,2396.0,46.0,2640.0,"{""type"":""MultiPoint"",""coordinates"":[]}"
0000000000000000126b,0.76,780.0,78.0,0.0,36.0,2444.0,54.0,2145.0,"{""type"":""MultiPoint"",""coordinates"":[]}"
000000000000000013ce,2.6,780.0,558.0,282.0,36.0,2112.0,405.0,2500.0,"{""type"":""MultiPoint"",""coordinates"":[]}"
000000000000000012f5,0.34,812.0,67.0,46.0,36.0,2504.0,64.0,2283.0,"{""type"":""MultiPoint"",""coordinates"":[]}"
000000000000000013da,1.72,812.0,200.0,193.0,36.0,2359.0,183.0,2512.0,"{""type"":""MultiPoint"",""coordinates"":[]}"
00000000000000001527,1.16,812.0,239.0,109.0,36.0,2525.0,126.0,2845.0,"{""type"":""MultiPoint"",""coordinates"":[]}"
0000000000000000156a,0.48,812.0,-15.0,22.0,36.0,2533.0,32.0,2912.0,"{""type"":""MultiPoint"",""coordinates"":[]}"
00000000000000001239,0.65,876.0,81.0,-11.0,36.0,2523.0,41.0,2095.0,"{""type"":""MultiPoint"",""coordinates"":[]}"
00000000000000001593,1.84,1112.0,191.0,86.0,36.0,2565.0,183.0,2987.0,"{""type"":""MultiPoint"",""coordinates"":[]}"
0000000000000000143a,2.91,1176.0,521.0,194.0,36.0,1949.0,360.0,2608.0,"{""type"":""MultiPoint"",""coordinates"":[]}"
000000000000000013d1,0.96,1049.0,167.0,60.0,36.0,2609.0,76.0,2503.0,"{""type"":""MultiPoint"",""coordinates"":[]}"
00000000000000001a6d,0.99,525.0,29.0,32.0,36.0,2480.0,29.0,4229.0,"{""type"":""MultiPoint"",""coordinates"":[]}"
000000000000000013ee,0.51,557.0,551.0,91.0,36.0,2184.0,213.0,2532.0,"{""type"":""MultiPoint"",""coordinates"":[]}"
0000000000000000146e,2.76,557.0,677.0,311.0,36.0,1980.0,463.0,2660.0,"{""type"":""MultiPoint"",""coordinates"":[]}"
00000000000000001505,1.25,557.0,241.0,85.0,36.0,2282.0,80.0,2811.0,"{""type"":""MultiPoint"",""coordinates"":[]}"
00000000000000001ab7,0.84,557.0,-18.0,19.0,36.0,2465.0,15.0,4303.0,"{""type"":""MultiPoint"",""coordinates"":[]}"
0000000000000000139c,0.89,589.0,128.0,32.0,36.0,2427.0,17.0,2450.0,"{""type"":""MultiPoint"",""coordinates"":[]}"
00000000000000001478,0.1,589.0,151.0,-53.0,36.0,2631.0,-10.0,2670.0,"{""type"":""MultiPoint"",""coordinates"":[]}"
00000000000000001300,2.27,621.0,308.0,286.0,36.0,2236.0,399.0,2294.0,"{""type"":""MultiPoint"",""coordinates"":[]}"
00000000000000001461,2.67,621.0,363.0,256.0,36.0,2125.0,518.0,2647.0,"{""type"":""MultiPoint"",""coordinates"":[]}"
000000000000000015ed,1.49,621.0,206.0,80.0,36.0,2448.0,108.0,3077.0,"{""type"":""MultiPoint"",""coordinates"":[]}"
000000000000000015f6,2.85,621.0,355.0,418.0,36.0,2107.0,475.0,3086.0,"{""type"":""MultiPoint"",""coordinates"":[]}"
00000000000000001271,0.96,653.0,54.0,2.0,36.0,2489.0,91.0,2151.0,"{""type"":""MultiPoint"",""coordinates"":[]}"
00000000000000001352,0.6,653.0,31.0,51.0,36.0,2409.0,73.0,2376.0,"{""type"":""MultiPoint"",""coordinates"":[]}"
00000000000000001482,2.47,653.0,521.0,314.0,36.0,2052.0,489.0,2680.0,"{""type"":""MultiPoint"",""coordinates"":[]}"
0000000000000000125c,2.07,685.0,10.0,228.0,36.0,2552.0,183.0,2130.0,"{""type"":""MultiPoint"",""coordinates"":[]}"
00000000000000001287,1.75,685.0,652.0,-3.0,36.0,2161.0,172.0,2173.0,"{""type"":""MultiPoint"",""coordinates"":[]}"
00000000000000001292,1.53,685.0,119.0,143.0,36.0,2446.0,132.0,2184.0,"{""type"":""MultiPoint"",""coordinates"":[]}"
0000000000000000140b,1.75,685.0,115.0,189.0,36.0,2356.0,266.0,2561.0,"{""type"":""MultiPoint"",""coordinates"":[]}"
000000000000000012d6,2.93,717.0,723.0,224.0,36.0,1808.0,488.0,2252.0,"{""type"":""MultiPoint"",""coordinates"":[]}"
00000000000000001265,2.11,845.0,51.0,231.0,36.0,2491.0,196.0,2139.0,"{""type"":""MultiPoint"",""coordinates"":[]}"
0000000000000000121f,0.63,909.0,29.0,71.0,36.0,2462.0,127.0,2069.0,"{""type"":""MultiPoint"",""coordinates"":[]}"
0000000000000000152a,0.74,941.0,154.0,91.0,36.0,2626.0,125.0,2848.0,"{""type"":""MultiPoint"",""coordinates"":[]}"
000000000000000015b8,2.07,941.0,207.0,143.0,36.0,2539.0,186.0,3024.0,"{""type"":""MultiPoint"",""coordinates"":[]}"
000000000000000015b0,1.94,973.0,461.0,214.0,36.0,2392.0,319.0,3016.0,"{""type"":""MultiPoint"",""coordinates"":[]}"
00000000000000001c1c,1.92,407.0,387.0,219.0,36.0,2329.0,270.0,4660.0,"{""type"":""MultiPoint"",""coordinates"":[]}"
0000000000000000149a,0.65,455.0,397.0,31.0,36.0,2340.0,93.0,2704.0,"{""type"":""MultiPoint"",""coordinates"":[]}"
0000000000000000149c,2.16,455.0,632.0,196.0,36.0,2123.0,245.0,2706.0,"{""type"":""MultiPoint"",""coordinates"":[]}"
0000000000000000160a,1.1,471.0,211.0,152.0,36.0,2420.0,278.0,3106.0,"{""type"":""MultiPoint"",""coordinates"":[]}"
000000000000000015d5,2.46,487.0,86.0,403.0,36.0,2304.0,400.0,3053.0,"{""type"":""MultiPoint"",""coordinates"":[]}"
00000000000000001a4c,0.15,487.0,9.0,11.0,36.0,2409.0,-13.0,4196.0,"{""type"":""MultiPoint"",""coordinates"":[]}"
000000000000000015c3,1.71,503.0,232.0,146.0,36.0,2470.0,232.0,3035.0,"{""type"":""MultiPoint"",""coordinates"":[]}"
000000000000000015fb,1.76,526.0,108.0,112.0,36.0,2402.0,104.0,3091.0,"{""type"":""MultiPoint"",""coordinates"":[]}"
00000000000000001c06,1.13,526.0,145.0,56.0,36.0,2359.0,112.0,4638.0,"{""type"":""MultiPoint"",""coordinates"":[]}"
00000000000000001ab5,1.66,558.0,58.0,136.0,36.0,2475.0,142.0,4301.0,"{""type"":""MultiPoint"",""coordinates"":[]}"
00000000000000001abb,0.34,558.0,51.0,21.0,36.0,2449.0,32.0,4307.0,"{""type"":""MultiPoint"",""coordinates"":[]}"
00000000000000000229,2.85,622.0,744.0,438.0,36.0,1851.0,549.0,6058.0,"{""type"":""MultiPoint"",""coordinates"":[]}"
00000000000000001304,1.36,622.0,51.0,116.0,36.0,2386.0,139.0,2298.0,"{""type"":""MultiPoint"",""coordinates"":[]}"
00000000000000001305,2.17,622.0,254.0,248.0,36.0,2326.0,354.0,2299.0,"{""type"":""MultiPoint"",""coordinates"":[]}"
00000000000000001367,1.67,622.0,-83.0,162.0,36.0,2520.0,120.0,2397.0,"{""type"":""MultiPoint"",""coordinates"":[]}"
0000000000000000136f,2.74,622.0,313.0,338.0,36.0,2238.0,346.0,2405.0,"{""type"":""MultiPoint"",""coordinates"":[]}"
00000000000000001400,0.8,622.0,125.0,50.0,36.0,2358.0,46.0,2550.0,"{""type"":""MultiPoint"",""coordinates"":[]}"
000000000000000015e1,1.79,622.0,109.0,59.0,36.0,2489.0,103.0,3065.0,"{""type"":""MultiPoint"",""coordinates"":[]}"
00000000000000001be4,0.67,622.0,98.0,71.0,36.0,2423.0,124.0,4604.0,"{""type"":""MultiPoint"",""coordinates"":[]}"
0000000000000000135f,1.0,654.0,101.0,142.0,36.0,2547.0,66.0,2389.0,"{""type"":""MultiPoint"",""coordinates"":[]}"
00000000000000001471,1.01,654.0,70.0,-46.0,36.0,2482.0,94.0,2663.0,"{""type"":""MultiPoint"",""coordinates"":[]}"
00000000000000001538,0.56,654.0,42.0,17.0,36.0,2484.0,13.0,2862.0,"{""type"":""MultiPoint"",""coordinates"":[]}"
0000000000000000124b,2.88,686.0,582.0,235.0,36.0,1984.0,505.0,2113.0,"{""type"":""MultiPoint"",""coordinates"":[]}"
000000000000000012b9,1.47,686.0,421.0,25.0,36.0,2136.0,142.0,2223.0,"{""type"":""MultiPoint"",""coordinates"":[]}"
0000000000000000146c,2.85,686.0,485.0,389.0,36.0,2094.0,478.0,2658.0,"{""type"":""MultiPoint"",""coordinates"":[]}"
000000000000000014bb,0.85,686.0,131.0,48.0,36.0,2391.0,76.0,2737.0,"{""type"":""MultiPoint"",""coordinates"":[]}"
0000000000000000153f,1.37,686.0,67.0,12.0,36.0,2549.0,28.0,2869.0,"{""type"":""MultiPoint"",""coordinates"":[]}"
0000000000000000124a,2.76,718.0,461.0,312.0,36.0,2069.0,478.0,2112.0,"{""type"":""MultiPoint"",""coordinates"":[]}"
00000000000000001314,2.67,718.0,210.0,285.0,36.0,2366.0,257.0,2314.0,"{""type"":""MultiPoint"",""coordinates"":[]}"
0000000000000000152d,2.71,718.0,132.0,328.0,36.0,2352.0,340.0,2851.0,"{""type"":""MultiPoint"",""coordinates"":[]}"
00000000000000001536,1.42,718.0,118.0,104.0,36.0,2400.0,136.0,2860.0,"{""type"":""MultiPoint"",""coordinates"":[]}"
000000000000000012ad,0.76,750.0,-1.0,4.0,36.0,2537.0,5.0,2211.0,"{""type"":""MultiPoint"",""coordinates"":[]}"
0000000000000000132a,1.74,750.0,63.0,147.0,36.0,2457.0,113.0,2336.0,"{""type"":""MultiPoint"",""coordinates"":[]}"
00000000000000001339,1.48,750.0,123.0,148.0,36.0,2492.0,126.0,2351.0,"{""type"":""MultiPoint"",""coordinates"":[]}"
000000000000000012ce,1.44,782.0,363.0,71.0,36.0,2333.0,171.0,2244.0,"{""type"":""MultiPoint"",""coordinates"":[]}"
00000000000000001512,1.46,814.0,111.0,107.0,36.0,2562.0,77.0,2824.0,"{""type"":""MultiPoint"",""coordinates"":[]}"
00000000000000001237,1.19,910.0,125.0,27.0,36.0,2480.0,71.0,2093.0,"{""type"":""MultiPoint"",""coordinates"":[]}"
0000000000000000123b,2.41,974.0,352.0,101.0,36.0,2314.0,241.0,2097.0,"{""type"":""MultiPoint"",""coordinates"":[]}"
0000000000000000123d,1.62,974.0,151.0,40.0,36.0,2466.0,114.0,2099.0,"{""type"":""MultiPoint"",""coordinates"":[]}"
00000000000000001597,2.33,1053.0,441.0,177.0,36.0,2350.0,245.0,2991.0,"{""type"":""MultiPoint"",""coordinates"":[]}"
0000000000000000143c,2.92,1181.0,438.0,203.0,36.0,2011.0,323.0,2610.0,"{""type"":""MultiPoint"",""coordinates"":[]}"
0000000000000000143d,2.86,1181.0,432.0,205.0,36.0,2073.0,322.0,2611.0,"{""type"":""MultiPoint"",""coordinates"":[]}"
00000000000000001601,1.38,527.0,28.0,16.0,36.0,2323.0,28.0,3097.0,"{""type"":""MultiPoint"",""coordinates"":[]}"
000000000000000013e0,0.24,559.0,105.0,0.0,36.0,2509.0,3.0,2518.0,"{""type"":""MultiPoint"",""coordinates"":[]}"
000000000000000013e7,1.16,559.0,745.0,14.0,36.0,2058.0,171.0,2525.0,"{""type"":""MultiPoint"",""coordinates"":[]}"
000000000000000012fb,1.03,591.0,5.0,137.0,36.0,2444.0,115.0,2289.0,"{""type"":""MultiPoint"",""coordinates"":[]}"
0000000000000000157c,0.83,591.0,449.0,8.0,36.0,2363.0,117.0,2930.0,"{""type"":""MultiPoint"",""coordinates"":[]}"
0000000000000000136c,1.35,623.0,6.0,69.0,36.0,2479.0,99.0,2402.0,"{""type"":""MultiPoint"",""coordinates"":[]}"
00000000000000001509,1.53,623.0,210.0,50.0,36.0,2375.0,83.0,2815.0,"{""type"":""MultiPoint"",""coordinates"":[]}"
00000000000000001270,0.9,655.0,42.0,78.0,36.0,2431.0,50.0,2150.0,"{""type"":""MultiPoint"",""coordinates"":[]}"
000000000000000012c3,0.64,687.0,129.0,-25.0,36.0,2423.0,59.0,2233.0,"{""type"":""MultiPoint"",""coordinates"":[]}"
00000000000000001323,2.48,687.0,211.0,319.0,36.0,2348.0,281.0,2329.0,"{""type"":""MultiPoint"",""coordinates"":[]}"
0000000000000000134d,1.22,687.0,73.0,78.0,36.0,2437.0,84.0,2371.0,"{""type"":""MultiPoint"",""coordinates"":[]}"
0000000000000000140e,1.43,687.0,24.0,138.0,36.0,2341.0,151.0,2564.0,"{""type"":""MultiPoint"",""coordinates"":[]}"
00000000000000001549,0.36,687.0,37.0,0.0,36.0,2509.0,-3.0,2879.0,"{""type"":""MultiPoint"",""coordinates"":[]}"
0000000000000000157a,1.32,687.0,227.0,14.0,36.0,2341.0,49.0,2928.0,"{""type"":""MultiPoint"",""coordinates"":[]}"
0000000000000000127f,0.11,719.0,115.0,-3.0,36.0,2503.0,31.0,2165.0,"{""type"":""MultiPoint"",""coordinates"":[]}"
00000000000000001299,0.31,719.0,174.0,46.0,36.0,2442.0,82.0,2191.0,"{""type"":""MultiPoint"",""coordinates"":[]}"
000000000000000012df,0.85,719.0,107.0,55.0,36.0,2435.0,59.0,2261.0,"{""type"":""MultiPoint"",""coordinates"":[]}"
0000000000000000133f,2.7,719.0,620.0,385.0,36.0,1873.0,569.0,2357.0,"{""type"":""MultiPoint"",""coordinates"":[]}"
000000000000000014a8,2.86,719.0,716.0,373.0,36.0,1833.0,557.0,2718.0,"{""type"":""MultiPoint"",""coordinates"":[]}"
0000000000000000151f,0.66,719.0,99.0,-16.0,36.0,2517.0,49.0,2837.0,"{""type"":""MultiPoint"",""coordinates"":[]}"
000000000000000012af,0.05,751.0,-3.0,31.0,36.0,2512.0,-43.0,2213.0,"{""type"":""MultiPoint"",""coordinates"":[]}"
00000000000000001513,2.88,847.0,182.0,247.0,36.0,2292.0,319.0,2825.0,"{""type"":""MultiPoint"",""coordinates"":[]}"
00000000000000001222,2.09,975.0,148.0,156.0,36.0,2419.0,234.0,2072.0,"{""type"":""MultiPoint"",""coordinates"":[]}"
0000000000000000123c,0.58,975.0,157.0,57.0,36.0,2419.0,141.0,2098.0,"{""type"":""MultiPoint"",""coordinates"":[]}"
000000000000000013cd,1.13,1007.0,226.0,72.0,36.0,2608.0,105.0,2499.0,"{""type"":""MultiPoint"",""coordinates"":[]}"
0000000000000000159f,1.78,1055.0,243.0,79.0,36.0,2569.0,116.0,2999.0,"{""type"":""MultiPoint"",""coordinates"":[]}"
000000000000000015a0,2.17,1055.0,244.0,113.0,36.0,2540.0,156.0,3000.0,"{""type"":""MultiPoint"",""coordinates"":[]}"
000000000000000003c8,1.13,39.0,134.0,-12.0,36.0,2896.0,-3.0,6473.0,"{""type"":""MultiPoint"",""coordinates"":[]}"
000000000000000003d9,2.69,43.0,470.0,357.0,36.0,2326.0,395.0,6490.0,"{""type"":""MultiPoint"",""coordinates"":[]}"
000000000000000003d1,2.8,53.0,641.0,510.0,36.0,2179.0,532.0,6482.0,"{""type"":""MultiPoint"",""coordinates"":[]}"
000000000000000002f1,1.29,55.0,381.0,132.0,36.0,2535.0,155.0,6258.0,"{""type"":""MultiPoint"",""coordinates"":[]}"
000000000000000002f2,0.55,55.0,406.0,55.0,36.0,2565.0,3.0,6259.0,"{""type"":""MultiPoint"",""coordinates"":[]}"
000000000000000002fa,1.07,55.0,36.0,-37.0,36.0,2617.0,-3.0,6267.0,"{""type"":""MultiPoint"",""coordinates"":[]}"
000000000000000002fc,1.45,55.0,111.0,78.0,36.0,2883.0,90.0,6269.0,"{""type"":""MultiPoint"",""coordinates"":[]}"
000000000000000002fb,0.75,57.0,-5.0,-64.0,36.0,3134.0,-31.0,6268.0,"{""type"":""MultiPoint"",""coordinates"":[]}"
000000000000000003c3,1.15,66.0,218.0,202.0,36.0,2874.0,219.0,6468.0,"{""type"":""MultiPoint"",""coordinates"":[]}"
000000000000000003ce,2.36,66.0,881.0,517.0,36.0,2284.0,530.0,6479.0,"{""type"":""MultiPoint"",""coordinates"":[]}"
0000000000000000017d,1.02,74.0,14.0,11.0,36.0,2895.0,48.0,5886.0,"{""type"":""MultiPoint"",""coordinates"":[]}"
000000000000000003bf,1.25,82.0,67.0,104.0,36.0,3004.0,94.0,6464.0,"{""type"":""MultiPoint"",""coordinates"":[]}"
000000000000000003c0,2.62,82.0,662.0,496.0,36.0,2277.0,519.0,6465.0,"{""type"":""MultiPoint"",""coordinates"":[]}"
000000000000000003b9,1.22,86.0,12.0,47.0,36.0,2885.0,41.0,6458.0,"{""type"":""MultiPoint"",""coordinates"":[]}"
000000000000000003da,2.09,86.0,284.0,244.0,36.0,2710.0,226.0,6491.0,"{""type"":""MultiPoint"",""coordinates"":[]}"
000000000000000003dd,1.03,86.0,-70.0,3.0,36.0,2855.0,31.0,6494.0,"{""type"":""MultiPoint"",""coordinates"":[]}"
00000000000000000417,0.93,90.0,65.0,48.0,36.0,3000.0,57.0,6552.0,"{""type"":""MultiPoint"",""coordinates"":[]}"
000000000000000003eb,2.07,122.0,107.0,326.0,36.0,2553.0,312.0,6508.0,"{""type"":""MultiPoint"",""coordinates"":[]}"
000000000000000003ec,2.05,122.0,154.0,140.0,36.0,2779.0,167.0,6509.0,"{""type"":""MultiPoint"",""coordinates"":[]}"
000000000000000003f7,0.83,122.0,-38.0,20.0,36.0,2932.0,22.0,6520.0,"{""type"":""MultiPoint"",""coordinates"":[]}"
000000000000000003fa,0.81,122.0,-42.0,63.0,36.0,2897.0,72.0,6523.0,"{""type"":""MultiPoint"",""coordinates"":[]}"
000000000000000003fc,0.44,122.0,-32.0,4.0,36.0,3010.0,1.0,6525.0,"{""type"":""MultiPoint"",""coordinates"":[]}"
000000000000000003fd,1.27,122.0,313.0,174.0,36.0,2738.0,193.0,6526.0,"{""type"":""MultiPoint"",""coordinates"":[]}"
000000000000000003fe,0.54,122.0,-51.0,9.0,36.0,3094.0,-4.0,6527.0,"{""type"":""MultiPoint"",""coordinates"":[]}"
00000000000000000403,2.22,122.0,427.0,279.0,36.0,2461.0,333.0,6532.0,"{""type"":""MultiPoint"",""coordinates"":[]}"
00000000000000000405,2.06,122.0,104.0,111.0,36.0,2846.0,133.0,6534.0,"{""type"":""MultiPoint"",""coordinates"":[]}"
000000000000000003ea,1.15,126.0,-47.0,54.0,36.0,2919.0,24.0,6507.0,"{""type"":""MultiPoint"",""coordinates"":[]}"
000000000000000003ee,1.01,126.0,37.0,40.0,36.0,3021.0,39.0,6511.0,"{""type"":""MultiPoint"",""coordinates"":[]}"
000000000000000003f8,1.17,126.0,-47.0,44.0,36.0,2973.0,23.0,6521.0,"{""type"":""MultiPoint"",""coordinates"":[]}"
00000000000000000235,1.68,376.0,125.0,28.0,36.0,2544.0,175.0,6070.0,"{""type"":""MultiPoint"",""coordinates"":[]}"
00000000000000001bdd,0.66,392.0,200.0,58.0,36.0,2333.0,115.0,4597.0,"{""type"":""MultiPoint"",""coordinates"":[]}"
00000000000000001be1,1.93,408.0,81.0,27.0,36.0,2399.0,28.0,4601.0,"{""type"":""MultiPoint"",""coordinates"":[]}"
00000000000000001c1e,2.88,408.0,671.0,186.0,36.0,1956.0,310.0,4662.0,"{""type"":""MultiPoint"",""coordinates"":[]}"
00000000000000001bc6,0.05,424.0,43.0,-8.0,36.0,2457.0,0.0,4574.0,"{""type"":""MultiPoint"",""coordinates"":[]}"
00000000000000001bd4,0.51,440.0,274.0,77.0,36.0,2345.0,115.0,4588.0,"{""type"":""MultiPoint"",""coordinates"":[]}"
00000000000000001495,0.97,456.0,508.0,49.0,36.0,2225.0,161.0,2699.0,"{""type"":""MultiPoint"",""coordinates"":[]}"
00000000000000001496,0.89,456.0,408.0,89.0,36.0,2322.0,150.0,2700.0,"{""type"":""MultiPoint"",""coordinates"":[]}"
00000000000000001497,1.4,456.0,526.0,77.0,36.0,2256.0,175.0,2701.0,"{""type"":""MultiPoint"",""coordinates"":[]}"
00000000000000001498,1.98,456.0,678.0,138.0,36.0,2032.0,292.0,2702.0,"{""type"":""MultiPoint"",""coordinates"":[]}"
000000000000000015bd,2.29,488.0,-37.0,283.0,36.0,2428.0,244.0,3029.0,"{""type"":""MultiPoint"",""coordinates"":[]}"
00000000000000001a6c,2.68,488.0,152.0,263.0,36.0,2323.0,239.0,4228.0,"{""type"":""MultiPoint"",""coordinates"":[]}"
000000000000000014ec,2.41,504.0,486.0,193.0,36.0,2112.0,342.0,2786.0,"{""type"":""MultiPoint"",""coordinates"":[]}"
00000000000000001a4d,2.0,504.0,-7.0,212.0,36.0,2383.0,142.0,4197.0,"{""type"":""MultiPoint"",""coordinates"":[]}"
00000000000000001a5a,0.94,504.0,10.0,41.0,36.0,2365.0,30.0,4210.0,"{""type"":""MultiPoint"",""coordinates"":[]}"
00000000000000001a5c,2.81,504.0,-8.0,349.0,36.0,2403.0,273.0,4212.0,"{""type"":""MultiPoint"",""coordinates"":[]}"
00000000000000001a70,2.3,504.0,41.0,307.0,36.0,2445.0,198.0,4232.0,"{""type"":""MultiPoint"",""coordinates"":[]}"
000000000000000014ce,2.89,528.0,702.0,357.0,36.0,1764.0,547.0,2756.0,"{""type"":""MultiPoint"",""coordinates"":[]}"
000000000000000014fd,2.86,528.0,639.0,346.0,36.0,1947.0,482.0,2803.0,"{""type"":""MultiPoint"",""coordinates"":[]}"
00000000000000001c02,1.59,528.0,56.0,29.0,36.0,2270.0,76.0,4634.0,"{""type"":""MultiPoint"",""coordinates"":[]}"
00000000000000001c0a,1.02,528.0,53.0,1.0,36.0,2238.0,33.0,4642.0,"{""type"":""MultiPoint"",""coordinates"":[]}"
000000000000000014e0,2.72,560.0,754.0,283.0,36.0,1803.0,493.0,2774.0,"{""type"":""MultiPoint"",""coordinates"":[]}"
00000000000000001504,1.79,560.0,280.0,141.0,36.0,2337.0,168.0,2810.0,"{""type"":""MultiPoint"",""coordinates"":[]}"
000000000000000013b6,1.31,592.0,94.0,54.0,36.0,2572.0,77.0,2476.0,"{""type"":""MultiPoint"",""coordinates"":[]}"
00000000000000001487,1.58,624.0,81.0,49.0,36.0,2465.0,187.0,2685.0,"{""type"":""MultiPoint"",""coordinates"":[]}"
00000000000000001be7,0.27,624.0,216.0,76.0,36.0,2331.0,167.0,4607.0,"{""type"":""MultiPoint"",""coordinates"":[]}"
000000000000000012e8,2.88,656.0,402.0,366.0,36.0,2000.0,550.0,2270.0,"{""type"":""MultiPoint"",""coordinates"":[]}"
000000000000000012e9,2.18,656.0,87.0,255.0,36.0,2394.0,310.0,2271.0,"{""type"":""MultiPoint"",""coordinates"":[]}"
0000000000000000130d,2.36,656.0,153.0,259.0,36.0,2363.0,326.0,2307.0,"{""type"":""MultiPoint"",""coordinates"":[]}"
00000000000000001375,1.24,656.0,107.0,-5.0,36.0,2477.0,42.0,2411.0,"{""type"":""MultiPoint"",""coordinates"":[]}"
000000000000000015db,1.43,656.0,23.0,8.0,36.0,2625.0,0.0,3059.0,"{""type"":""MultiPoint"",""coordinates"":[]}"
000000000000000015e0,0.6,656.0,149.0,63.0,36.0,2486.0,68.0,3064.0,"{""type"":""MultiPoint"",""coordinates"":[]}"
0000000000000000128e,2.26,688.0,410.0,255.0,36.0,2212.0,348.0,2180.0,"{""type"":""MultiPoint"",""coordinates"":[]}"
000000000000000012c5,1.48,688.0,326.0,43.0,36.0,2237.0,181.0,2235.0,"{""type"":""MultiPoint"",""coordinates"":[]}"
000000000000000012e1,1.53,688.0,283.0,30.0,36.0,2300.0,135.0,2263.0,"{""type"":""MultiPoint"",""coordinates"":[]}"
000000000000000014a7,2.69,720.0,444.0,377.0,36.0,2080.0,445.0,2717.0,"{""type"":""MultiPoint"",""coordinates"":[]}"
00000000000000001561,2.32,720.0,317.0,213.0,36.0,2417.0,184.0,2903.0,"{""type"":""MultiPoint"",""coordinates"":[]}"
000000000000000012cd,2.8,752.0,699.0,285.0,36.0,1915.0,464.0,2243.0,"{""type"":""MultiPoint"",""coordinates"":[]}"
0000000000000000145c,0.88,752.0,75.0,59.0,36.0,2445.0,70.0,2642.0,"{""type"":""MultiPoint"",""coordinates"":[]}"
0000000000000000152f,1.92,752.0,58.0,241.0,36.0,2426.0,287.0,2853.0,"{""type"":""MultiPoint"",""coordinates"":[]}"
00000000000000001564,0.84,752.0,359.0,52.0,36.0,2517.0,156.0,2906.0,"{""type"":""MultiPoint"",""coordinates"":[]}"
000000000000000012a3,0.86,784.0,79.0,-35.0,36.0,2403.0,41.0,2201.0,"{""type"":""MultiPoint"",""coordinates"":[]}"
000000000000000011fe,2.94,848.0,454.0,164.0,36.0,2062.0,371.0,2036.0,"{""type"":""MultiPoint"",""coordinates"":[]}"
00000000000000001279,1.11,848.0,154.0,54.0,36.0,2380.0,168.0,2159.0,"{""type"":""MultiPoint"",""coordinates"":[]}"
000000000000000013ba,1.99,848.0,116.0,247.0,36.0,2425.0,219.0,2480.0,"{""type"":""MultiPoint"",""coordinates"":[]}"
00000000000000001219,0.97,976.0,31.0,-12.0,36.0,2504.0,31.0,2063.0,"{""type"":""MultiPoint"",""coordinates"":[]}"
000000000000000015ae,2.59,976.0,323.0,274.0,36.0,2468.0,338.0,3014.0,"{""type"":""MultiPoint"",""coordinates"":[]}"
000000000000000014fc,2.53,529.0,515.0,299.0,36.0,2147.0,344.0,2802.0,"{""type"":""MultiPoint"",""coordinates"":[]}"
00000000000000001c04,1.81,529.0,32.0,98.0,36.0,2342.0,95.0,4636.0,"{""type"":""MultiPoint"",""coordinates"":[]}"
00000000000000001485,2.25,561.0,552.0,189.0,36.0,2213.0,377.0,2683.0,"{""type"":""MultiPoint"",""coordinates"":[]}"
000000000000000014d3,1.32,561.0,59.0,114.0,36.0,2415.0,141.0,2761.0,"{""type"":""MultiPoint"",""coordinates"":[]}"
000000000000000015e6,0.96,561.0,-38.0,-9.0,36.0,2566.0,15.0,3070.0,"{""type"":""MultiPoint"",""coordinates"":[]}"
000000000000000015f9,1.99,561.0,149.0,66.0,36.0,2348.0,71.0,3089.0,"{""type"":""MultiPoint"",""coordinates"":[]}"
000000000000000012fc,0.64,593.0,41.0,67.0,36.0,2448.0,49.0,2290.0,"{""type"":""MultiPoint"",""coordinates"":[]}"
00000000000000001ac2,1.63,593.0,170.0,157.0,36.0,2655.0,188.0,4314.0,"{""type"":""MultiPoint"",""coordinates"":[]}"
000000000000000012ff,2.23,625.0,315.0,198.0,36.0,2261.0,318.0,2293.0,"{""type"":""MultiPoint"",""coordinates"":[]}"
00000000000000001371,2.55,625.0,169.0,279.0,36.0,2349.0,298.0,2407.0,"{""type"":""MultiPoint"",""coordinates"":[]}"
0000000000000000147d,2.43,625.0,282.0,329.0,36.0,2133.0,523.0,2675.0,"{""type"":""MultiPoint"",""coordinates"":[]}"
00000000000000001580,1.86,625.0,502.0,168.0,36.0,2248.0,167.0,2934.0,"{""type"":""MultiPoint"",""coordinates"":[]}"
00000000000000001bed,1.33,625.0,115.0,81.0,36.0,2344.0,129.0,4613.0,"{""type"":""MultiPoint"",""coordinates"":[]}"
00000000000000001460,2.36,657.0,323.0,216.0,36.0,2334.0,344.0,2646.0,"{""type"":""MultiPoint"",""coordinates"":[]}"
000000000000000015df,0.94,657.0,112.0,125.0,36.0,2501.0,100.0,3063.0,"{""type"":""MultiPoint"",""coordinates"":[]}"
0000000000000000125b,2.07,689.0,166.0,221.0,36.0,2386.0,268.0,2129.0,"{""type"":""MultiPoint"",""coordinates"":[]}"
0000000000000000125d,1.9,689.0,-66.0,206.0,36.0,2605.0,179.0,2131.0,"{""type"":""MultiPoint"",""coordinates"":[]}"
00000000000000001306,0.87,689.0,30.0,33.0,36.0,2484.0,55.0,2300.0,"{""type"":""MultiPoint"",""coordinates"":[]}"
00000000000000001416,2.78,689.0,402.0,226.0,36.0,2211.0,320.0,2572.0,"{""type"":""MultiPoint"",""coordinates"":[]}"
00000000000000001556,2.7,689.0,777.0,389.0,36.0,1778.0,564.0,2892.0,"{""type"":""MultiPoint"",""coordinates"":[]}"
000000000000000012cf,1.9,721.0,805.0,99.0,36.0,1883.0,273.0,2245.0,"{""type"":""MultiPoint"",""coordinates"":[]}"
0000000000000000132d,1.33,721.0,-21.0,57.0,36.0,2448.0,81.0,2339.0,"{""type"":""MultiPoint"",""coordinates"":[]}"
000000000000000014ad,2.22,721.0,137.0,274.0,36.0,2406.0,198.0,2723.0,"{""type"":""MultiPoint"",""coordinates"":[]}"
00000000000000001262,0.7,753.0,4.0,-20.0,36.0,2528.0,38.0,2136.0,"{""type"":""MultiPoint"",""coordinates"":[]}"
0000000000000000151a,1.23,753.0,164.0,111.0,36.0,2438.0,151.0,2832.0,"{""type"":""MultiPoint"",""coordinates"":[]}"
00000000000000001524,2.07,753.0,138.0,293.0,36.0,2362.0,373.0,2842.0,"{""type"":""MultiPoint"",""coordinates"":[]}"
00000000000000001534,0.79,753.0,55.0,15.0,36.0,2624.0,31.0,2858.0,"{""type"":""MultiPoint"",""coordinates"":[]}"
00000000000000001547,1.59,753.0,139.0,223.0,36.0,2474.0,229.0,2877.0,"{""type"":""MultiPoint"",""coordinates"":[]}"
00000000000000001562,1.88,753.0,207.0,173.0,36.0,2448.0,172.0,2904.0,"{""type"":""MultiPoint"",""coordinates"":[]}"
0000000000000000126a,1.99,785.0,146.0,195.0,36.0,2394.0,156.0,2144.0,"{""type"":""MultiPoint"",""coordinates"":[]}"
00000000000000001419,0.55,785.0,111.0,76.0,36.0,2399.0,107.0,2575.0,"{""type"":""MultiPoint"",""coordinates"":[]}"
0000000000000000154f,0.56,817.0,84.0,32.0,36.0,2502.0,53.0,2885.0,"{""type"":""MultiPoint"",""coordinates"":[]}"
00000000000000001220,2.71,913.0,316.0,158.0,36.0,2176.0,295.0,2070.0,"{""type"":""MultiPoint"",""coordinates"":[]}"
0000000000000000122c,0.02,977.0,-35.0,-23.0,36.0,2616.0,12.0,2082.0,"{""type"":""MultiPoint"",""coordinates"":[]}"
0000000000000000159c,1.48,1009.0,102.0,88.0,36.0,2689.0,99.0,2996.0,"{""type"":""MultiPoint"",""coordinates"":[]}"
00000000000000001c15,0.23,409.0,144.0,23.0,36.0,2402.0,30.0,4653.0,"{""type"":""MultiPoint"",""coordinates"":[]}"
000000000000000015ca,1.95,441.0,273.0,107.0,36.0,2182.0,130.0,3042.0,"{""type"":""MultiPoint"",""coordinates"":[]}"
000000000000000015ce,2.23,457.0,-3.0,173.0,36.0,2364.0,186.0,3046.0,"{""type"":""MultiPoint"",""coordinates"":[]}"
000000000000000015d8,2.26,457.0,256.0,107.0,36.0,2367.0,180.0,3056.0,"{""type"":""MultiPoint"",""coordinates"":[]}"
0000000000000000160b,1.62,457.0,191.0,158.0,36.0,2426.0,227.0,3107.0,"{""type"":""MultiPoint"",""coordinates"":[]}"
000000000000000014dc,2.35,489.0,448.0,212.0,36.0,2197.0,327.0,2770.0,"{""type"":""MultiPoint"",""coordinates"":[]}"
000000000000000014fa,1.59,489.0,243.0,57.0,36.0,2382.0,76.0,2800.0,"{""type"":""MultiPoint"",""coordinates"":[]}"
0000000000000000161a,1.5,505.0,-2.0,31.0,36.0,2337.0,25.0,3122.0,"{""type"":""MultiPoint"",""coordinates"":[]}"
00000000000000001a43,2.23,505.0,37.0,366.0,36.0,2399.0,259.0,4187.0,"{""type"":""MultiPoint"",""coordinates"":[]}"
00000000000000001a68,1.28,505.0,10.0,73.0,36.0,2342.0,44.0,4224.0,"{""type"":""MultiPoint"",""coordinates"":[]}"
000000000000000014cf,2.55,530.0,623.0,324.0,36.0,1971.0,443.0,2757.0,"{""type"":""MultiPoint"",""coordinates"":[]}"
0000000000000000146d,1.92,562.0,216.0,272.0,36.0,2293.0,361.0,2659.0,"{""type"":""MultiPoint"",""coordinates"":[]}"
00000000000000001503,2.33,562.0,328.0,226.0,36.0,2278.0,236.0,2809.0,"{""type"":""MultiPoint"",""coordinates"":[]}"
00000000000000001403,0.94,626.0,65.0,40.0,36.0,2422.0,44.0,2553.0,"{""type"":""MultiPoint"",""coordinates"":[]}"
00000000000000001be8,1.48,626.0,352.0,165.0,36.0,2201.0,288.0,4608.0,"{""type"":""MultiPoint"",""coordinates"":[]}"
00000000000000001bef,1.37,626.0,349.0,167.0,36.0,2199.0,294.0,4615.0,"{""type"":""MultiPoint"",""coordinates"":[]}"
00000000000000001376,0.17,658.0,206.0,33.0,36.0,2418.0,46.0,2412.0,"{""type"":""MultiPoint"",""coordinates"":[]}"
00000000000000001380,2.61,658.0,732.0,174.0,36.0,1967.0,418.0,2422.0,"{""type"":""MultiPoint"",""coordinates"":[]}"
00000000000000001390,1.3,658.0,139.0,57.0,36.0,2373.0,112.0,2438.0,"{""type"":""MultiPoint"",""coordinates"":[]}"
00000000000000001256,2.04,690.0,255.0,256.0,36.0,2282.0,349.0,2124.0,"{""type"":""MultiPoint"",""coordinates"":[]}"
00000000000000001311,1.69,690.0,103.0,152.0,36.0,2501.0,105.0,2311.0,"{""type"":""MultiPoint"",""coordinates"":[]}"
00000000000000001363,2.13,690.0,-48.0,178.0,36.0,2570.0,162.0,2393.0,"{""type"":""MultiPoint"",""coordinates"":[]}"
0000000000000000140d,1.99,690.0,126.0,157.0,36.0,2347.0,197.0,2563.0,"{""type"":""MultiPoint"",""coordinates"":[]}"
000000000000000014aa,1.33,690.0,144.0,153.0,36.0,2334.0,157.0,2720.0,"{""type"":""MultiPoint"",""coordinates"":[]}"
00000000000000001340,2.24,722.0,175.0,305.0,36.0,2376.0,288.0,2358.0,"{""type"":""MultiPoint"",""coordinates"":[]}"
00000000000000001479,2.91,754.0,519.0,388.0,36.0,2053.0,514.0,2671.0,"{""type"":""MultiPoint"",""coordinates"":[]}"
00000000000000001268,2.65,786.0,204.0,179.0,36.0,2396.0,145.0,2142.0,"{""type"":""MultiPoint"",""coordinates"":[]}"
0000000000000000141c,2.53,818.0,189.0,117.0,36.0,2323.0,209.0,2578.0,"{""type"":""MultiPoint"",""coordinates"":[]}"
00000000000000001550,0.8,818.0,58.0,31.0,36.0,2438.0,51.0,2886.0,"{""type"":""MultiPoint"",""coordinates"":[]}"
0000000000000000121d,2.39,914.0,343.0,189.0,36.0,2218.0,311.0,2067.0,"{""type"":""MultiPoint"",""coordinates"":[]}"
00000000000000001211,2.36,978.0,207.0,173.0,36.0,2331.0,279.0,2055.0,"{""type"":""MultiPoint"",""coordinates"":[]}"
00000000000000001212,1.13,978.0,-13.0,-2.0,36.0,2536.0,38.0,2056.0,"{""type"":""MultiPoint"",""coordinates"":[]}"
000000000000000015f8,1.14,531.0,57.0,18.0,36.0,2520.0,17.0,3088.0,"{""type"":""MultiPoint"",""coordinates"":[]}"
00000000000000001608,1.09,531.0,19.0,49.0,36.0,2372.0,67.0,3104.0,"{""type"":""MultiPoint"",""coordinates"":[]}"
00000000000000000236,0.33,563.0,50.0,46.0,36.0,2355.0,70.0,6071.0,"{""type"":""MultiPoint"",""coordinates"":[]}"
000000000000000013ed,1.12,563.0,569.0,35.0,36.0,2111.0,162.0,2531.0,"{""type"":""MultiPoint"",""coordinates"":[]}"
00000000000000001502,0.47,563.0,39.0,26.0,36.0,2482.0,4.0,2808.0,"{""type"":""MultiPoint"",""coordinates"":[]}"
000000000000000015fd,2.16,563.0,184.0,196.0,36.0,2425.0,232.0,3093.0,"{""type"":""MultiPoint"",""coordinates"":[]}"
00000000000000001be5,0.38,595.0,119.0,71.0,36.0,2396.0,110.0,4605.0,"{""type"":""MultiPoint"",""coordinates"":[]}"
00000000000000001bfe,1.24,595.0,180.0,160.0,36.0,2354.0,238.0,4630.0,"{""type"":""MultiPoint"",""coordinates"":[]}"
00000000000000001be3,1.71,627.0,414.0,226.0,36.0,2099.0,361.0,4603.0,"{""type"":""MultiPoint"",""coordinates"":[]}"
000000000000000012c7,2.11,659.0,337.0,180.0,36.0,2207.0,318.0,2237.0,"{""type"":""MultiPoint"",""coordinates"":[]}"
000000000000000013be,1.09,659.0,191.0,92.0,36.0,2384.0,65.0,2484.0,"{""type"":""MultiPoint"",""coordinates"":[]}"
0000000000000000145f,2.74,659.0,397.0,337.0,36.0,2146.0,487.0,2645.0,"{""type"":""MultiPoint"",""coordinates"":[]}"
00000000000000001578,1.65,659.0,256.0,66.0,36.0,2328.0,72.0,2926.0,"{""type"":""MultiPoint"",""coordinates"":[]}"
000000000000000012bb,1.98,691.0,629.0,44.0,36.0,2008.0,236.0,2225.0,"{""type"":""MultiPoint"",""coordinates"":[]}"
000000000000000012a1,2.86,723.0,830.0,304.0,36.0,1796.0,543.0,2199.0,"{""type"":""MultiPoint"",""coordinates"":[]}"
000000000000000012de,1.58,723.0,83.0,130.0,36.0,2436.0,160.0,2260.0,"{""type"":""MultiPoint"",""coordinates"":[]}"
00000000000000001535,2.83,723.0,320.0,340.0,36.0,2156.0,432.0,2859.0,"{""type"":""MultiPoint"",""coordinates"":[]}"
00000000000000001545,2.63,723.0,95.0,245.0,36.0,2378.0,298.0,2875.0,"{""type"":""MultiPoint"",""coordinates"":[]}"
00000000000000001567,1.96,723.0,80.0,293.0,36.0,2382.0,253.0,2909.0,"{""type"":""MultiPoint"",""coordinates"":[]}"
0000000000000000123e,1.42,755.0,226.0,31.0,36.0,2406.0,128.0,2100.0,"{""type"":""MultiPoint"",""coordinates"":[]}"
000000000000000012a4,1.9,755.0,73.0,94.0,36.0,2474.0,160.0,2202.0,"{""type"":""MultiPoint"",""coordinates"":[]}"
0000000000000000141d,0.39,755.0,-6.0,-9.0,36.0,2467.0,3.0,2579.0,"{""type"":""MultiPoint"",""coordinates"":[]}"
000000000000000013d8,2.28,819.0,257.0,252.0,36.0,2313.0,256.0,2510.0,"{""type"":""MultiPoint"",""coordinates"":[]}"
0000000000000000152b,0.55,947.0,77.0,-28.0,36.0,2581.0,6.0,2849.0,"{""type"":""MultiPoint"",""coordinates"":[]}"
000000000000000011c3,0.61,197.0,-1.0,19.0,36.0,3068.0,5.0,1977.0,"{""type"":""MultiPoint"",""coordinates"":[]}"
000000000000000011c4,0.85,197.0,-25.0,15.0,36.0,3075.0,-5.0,1978.0,"{""type"":""MultiPoint"",""coordinates"":[]}"
000000000000000011c5,0.56,197.0,-44.0,0.0,36.0,3067.0,-3.0,1979.0,"{""type"":""MultiPoint"",""coordinates"":[]}"
000000000000000011c8,0.73,197.0,-39.0,35.0,36.0,2917.0,13.0,1982.0,"{""type"":""MultiPoint"",""coordinates"":[]}"
00000000000000001c18,0.44,442.0,139.0,24.0,36.0,2461.0,20.0,4656.0,"{""type"":""MultiPoint"",""coordinates"":[]}"
000000000000000014f9,2.8,490.0,728.0,261.0,36.0,1810.0,494.0,2799.0,"{""type"":""MultiPoint"",""coordinates"":[]}"
000000000000000015d6,2.76,490.0,247.0,485.0,36.0,2057.0,548.0,3054.0,"{""type"":""MultiPoint"",""coordinates"":[]}"
00000000000000001602,0.45,490.0,174.0,27.0,36.0,2354.0,40.0,3098.0,"{""type"":""MultiPoint"",""coordinates"":[]}"
00000000000000001606,0.04,490.0,34.0,7.0,36.0,2435.0,69.0,3102.0,"{""type"":""MultiPoint"",""coordinates"":[]}"
00000000000000001a46,1.21,490.0,67.0,79.0,36.0,2418.0,79.0,4190.0,"{""type"":""MultiPoint"",""coordinates"":[]}"
00000000000000001a4e,0.77,490.0,-25.0,24.0,36.0,2398.0,7.0,4198.0,"{""type"":""MultiPoint"",""coordinates"":[]}"
000000000000000014f2,2.57,506.0,625.0,307.0,36.0,2160.0,373.0,2792.0,"{""type"":""MultiPoint"",""coordinates"":[]}"
00000000000000001a55,2.42,506.0,-43.0,324.0,36.0,2465.0,181.0,4205.0,"{""type"":""MultiPoint"",""coordinates"":[]}"
00000000000000001a5f,1.32,506.0,26.0,91.0,36.0,2430.0,51.0,4215.0,"{""type"":""MultiPoint"",""coordinates"":[]}"
000000000000000015cc,0.81,532.0,-44.0,52.0,36.0,2447.0,51.0,3044.0,"{""type"":""MultiPoint"",""coordinates"":[]}"
00000000000000001c01,1.34,532.0,60.0,10.0,36.0,2234.0,37.0,4633.0,"{""type"":""MultiPoint"",""coordinates"":[]}"
0000000000000000022d,2.81,564.0,633.0,340.0,36.0,1994.0,432.0,6062.0,"{""type"":""MultiPoint"",""coordinates"":[]}"
0000000000000000136a,0.8,596.0,-77.0,82.0,36.0,2526.0,81.0,2400.0,"{""type"":""MultiPoint"",""coordinates"":[]}"
00000000000000001be6,0.89,596.0,65.0,61.0,36.0,2468.0,98.0,4606.0,"{""type"":""MultiPoint"",""coordinates"":[]}"
00000000000000001bf4,0.8,628.0,193.0,197.0,36.0,2324.0,328.0,4620.0,"{""type"":""MultiPoint"",""coordinates"":[]}"
000000000000000012bc,1.43,660.0,236.0,76.0,36.0,2410.0,108.0,2226.0,"{""type"":""MultiPoint"",""coordinates"":[]}"
000000000000000012c2,0.19,660.0,52.0,-42.0,36.0,2449.0,-11.0,2232.0,"{""type"":""MultiPoint"",""coordinates"":[]}"
000000000000000012d2,1.15,660.0,377.0,24.0,36.0,2335.0,135.0,2248.0,"{""type"":""MultiPoint"",""coordinates"":[]}"
000000000000000012ea,2.26,660.0,21.0,193.0,36.0,2432.0,233.0,2272.0,"{""type"":""MultiPoint"",""coordinates"":[]}"
0000000000000000130e,2.28,660.0,-6.0,150.0,36.0,2462.0,181.0,2308.0,"{""type"":""MultiPoint"",""coordinates"":[]}"
000000000000000012e6,0.79,692.0,80.0,69.0,36.0,2455.0,48.0,2268.0,"{""type"":""MultiPoint"",""coordinates"":[]}"
00000000000000001412,2.0,692.0,120.0,231.0,36.0,2377.0,222.0,2568.0,"{""type"":""MultiPoint"",""coordinates"":[]}"
00000000000000001253,1.24,724.0,172.0,203.0,36.0,2473.0,202.0,2121.0,"{""type"":""MultiPoint"",""coordinates"":[]}"
00000000000000001298,2.09,724.0,82.0,157.0,36.0,2437.0,127.0,2190.0,"{""type"":""MultiPoint"",""coordinates"":[]}"
000000000000000012a7,1.35,724.0,54.0,54.0,36.0,2476.0,-5.0,2205.0,"{""type"":""MultiPoint"",""coordinates"":[]}"
00000000000000001afc,1.0,724.0,31.0,31.0,36.0,2671.0,146.0,4372.0,"{""type"":""MultiPoint"",""coordinates"":[]}"
0000000000000000123a,0.54,756.0,45.0,-16.0,36.0,2489.0,34.0,2096.0,"{""type"":""MultiPoint"",""coordinates"":[]}"
00000000000000001519,2.49,756.0,296.0,185.0,36.0,2368.0,301.0,2831.0,"{""type"":""MultiPoint"",""coordinates"":[]}"
000000000000000012f1,0.68,820.0,50.0,24.0,36.0,2504.0,28.0,2279.0,"{""type"":""MultiPoint"",""coordinates"":[]}"
000000000000000011f3,2.36,852.0,484.0,78.0,36.0,2028.0,199.0,2025.0,"{""type"":""MultiPoint"",""coordinates"":[]}"
000000000000000013bb,1.22,852.0,101.0,43.0,36.0,2457.0,88.0,2481.0,"{""type"":""MultiPoint"",""coordinates"":[]}"
00000000000000001227,2.92,980.0,255.0,162.0,36.0,2266.0,306.0,2077.0,"{""type"":""MultiPoint"",""coordinates"":[]}"
000000000000000014b2,1.47,533.0,261.0,126.0,36.0,2338.0,146.0,2728.0,"{""type"":""MultiPoint"",""coordinates"":[]}"
000000000000000014fe,1.7,533.0,259.0,210.0,36.0,2342.0,218.0,2804.0,"{""type"":""MultiPoint"",""coordinates"":[]}"
000000000000000015c8,1.23,533.0,3.0,121.0,36.0,2408.0,74.0,3040.0,"{""type"":""MultiPoint"",""coordinates"":[]}"
000000000000000015dc,0.73,533.0,-13.0,46.0,36.0,2361.0,32.0,3060.0,"{""type"":""MultiPoint"",""coordinates"":[]}"
00000000000000001c0c,0.53,533.0,37.0,35.0,36.0,2331.0,58.0,4644.0,"{""type"":""MultiPoint"",""coordinates"":[]}"
000000000000000012fd,2.47,597.0,190.0,341.0,36.0,2401.0,352.0,2291.0,"{""type"":""MultiPoint"",""coordinates"":[]}"
000000000000000013a3,1.73,597.0,78.0,186.0,36.0,2494.0,47.0,2457.0,"{""type"":""MultiPoint"",""coordinates"":[]}"
0000000000000000139f,2.0,629.0,299.0,54.0,36.0,2401.0,108.0,2453.0,"{""type"":""MultiPoint"",""coordinates"":[]}"
00000000000000001bf3,2.36,629.0,244.0,217.0,36.0,2226.0,301.0,4619.0,"{""type"":""MultiPoint"",""coordinates"":[]}"
00000000000000001286,0.15,661.0,46.0,-12.0,36.0,2534.0,38.0,2172.0,"{""type"":""MultiPoint"",""coordinates"":[]}"
000000000000000012da,0.37,661.0,124.0,22.0,36.0,2353.0,74.0,2256.0,"{""type"":""MultiPoint"",""coordinates"":[]}"
000000000000000012dd,1.97,661.0,472.0,82.0,36.0,2283.0,199.0,2259.0,"{""type"":""MultiPoint"",""coordinates"":[]}"
000000000000000012e2,2.45,661.0,414.0,120.0,36.0,2205.0,272.0,2264.0,"{""type"":""MultiPoint"",""coordinates"":[]}"
00000000000000001349,1.0,661.0,33.0,132.0,36.0,2402.0,141.0,2367.0,"{""type"":""MultiPoint"",""coordinates"":[]}"
000000000000000013bf,1.12,661.0,143.0,56.0,36.0,2381.0,29.0,2485.0,"{""type"":""MultiPoint"",""coordinates"":[]}"
0000000000000000155d,1.01,661.0,230.0,78.0,36.0,2395.0,87.0,2899.0,"{""type"":""MultiPoint"",""coordinates"":[]}"
0000000000000000124e,2.93,693.0,663.0,275.0,36.0,1915.0,533.0,2116.0,"{""type"":""MultiPoint"",""coordinates"":[]}"
0000000000000000155a,2.54,693.0,284.0,263.0,36.0,2339.0,244.0,2896.0,"{""type"":""MultiPoint"",""coordinates"":[]}"
00000000000000001263,1.51,757.0,28.0,73.0,36.0,2501.0,127.0,2137.0,"{""type"":""MultiPoint"",""coordinates"":[]}"
0000000000000000127a,0.48,789.0,51.0,-1.0,36.0,2528.0,34.0,2160.0,"{""type"":""MultiPoint"",""coordinates"":[]}"
00000000000000001266,0.72,853.0,19.0,69.0,36.0,2480.0,105.0,2140.0,"{""type"":""MultiPoint"",""coordinates"":[]}"
000000000000000015a8,1.98,917.0,262.0,146.0,36.0,2493.0,222.0,3008.0,"{""type"":""MultiPoint"",""coordinates"":[]}"
00000000000000001528,0.46,949.0,66.0,-12.0,36.0,2544.0,34.0,2846.0,"{""type"":""MultiPoint"",""coordinates"":[]}"
00000000000000001594,0.81,949.0,116.0,65.0,36.0,2685.0,77.0,2988.0,"{""type"":""MultiPoint"",""coordinates"":[]}"
000000000000000013d0,0.02,1067.0,64.0,23.0,36.0,2642.0,11.0,2502.0,"{""type"":""MultiPoint"",""coordinates"":[]}"
00000000000000000230,1.15,379.0,12.0,-50.0,36.0,2622.0,27.0,6065.0,"{""type"":""MultiPoint"",""coordinates"":[]}"
00000000000000001bc9,1.11,411.0,98.0,54.0,36.0,2375.0,81.0,4577.0,"{""type"":""MultiPoint"",""coordinates"":[]}"
00000000000000001bcc,0.02,411.0,59.0,17.0,36.0,2368.0,33.0,4580.0,"{""type"":""MultiPoint"",""coordinates"":[]}"
00000000000000001c10,1.92,427.0,313.0,149.0,36.0,2281.0,186.0,4648.0,"{""type"":""MultiPoint"",""coordinates"":[]}"
00000000000000001494,2.08,459.0,508.0,145.0,36.0,2210.0,242.0,2698.0,"{""type"":""MultiPoint"",""coordinates"":[]}"
0000000000000000149b,2.68,459.0,551.0,208.0,36.0,2115.0,339.0,2705.0,"{""type"":""MultiPoint"",""coordinates"":[]}"
00000000000000000237,2.83,491.0,329.0,421.0,36.0,2088.0,499.0,6072.0,"{""type"":""MultiPoint"",""coordinates"":[]}"
000000000000000015d3,2.65,491.0,12.0,337.0,36.0,2343.0,312.0,3051.0,"{""type"":""MultiPoint"",""coordinates"":[]}"
000000000000000015d7,2.86,491.0,189.0,479.0,36.0,2111.0,528.0,3055.0,"{""type"":""MultiPoint"",""coordinates"":[]}"
00000000000000001605,1.14,491.0,106.0,72.0,36.0,2379.0,103.0,3101.0,"{""type"":""MultiPoint"",""coordinates"":[]}"
00000000000000001609,2.3,491.0,237.0,203.0,36.0,2345.0,250.0,3105.0,"{""type"":""MultiPoint"",""coordinates"":[]}"
00000000000000001a4a,2.36,507.0,28.0,402.0,36.0,2370.0,309.0,4194.0,"{""type"":""MultiPoint"",""coordinates"":[]}"
00000000000000001a52,2.26,507.0,-24.0,280.0,36.0,2423.0,167.0,4202.0,"{""type"":""MultiPoint"",""coordinates"":[]}"
00000000000000001a5e,2.78,507.0,200.0,362.0,36.0,2221.0,364.0,4214.0,"{""type"":""MultiPoint"",""coordinates"":[]}"
00000000000000001a65,1.73,507.0,199.0,141.0,36.0,2370.0,130.0,4221.0,"{""type"":""MultiPoint"",""coordinates"":[]}"
0000000000000000144c,1.0,534.0,108.0,19.0,36.0,2543.0,52.0,2626.0,"{""type"":""MultiPoint"",""coordinates"":[]}"
000000000000000014d1,1.96,534.0,578.0,312.0,36.0,2052.0,416.0,2759.0,"{""type"":""MultiPoint"",""coordinates"":[]}"
00000000000000001c09,2.42,534.0,202.0,171.0,36.0,2314.0,253.0,4641.0,"{""type"":""MultiPoint"",""coordinates"":[]}"
0000000000000000145b,2.34,566.0,147.0,293.0,36.0,2355.0,343.0,2641.0,"{""type"":""MultiPoint"",""coordinates"":[]}"
000000000000000014c6,1.06,566.0,107.0,96.0,36.0,2268.0,109.0,2748.0,"{""type"":""MultiPoint"",""coordinates"":[]}"
000000000000000014d2,0.67,566.0,101.0,58.0,36.0,2469.0,105.0,2760.0,"{""type"":""MultiPoint"",""coordinates"":[]}"
000000000000000013af,1.1,598.0,72.0,93.0,36.0,2535.0,92.0,2469.0,"{""type"":""MultiPoint"",""coordinates"":[]}"
000000000000000015eb,0.54,598.0,123.0,32.0,36.0,2508.0,51.0,3075.0,"{""type"":""MultiPoint"",""coordinates"":[]}"
000000000000000013f3,1.16,630.0,-4.0,2.0,36.0,2455.0,69.0,2537.0,"{""type"":""MultiPoint"",""coordinates"":[]}"
0000000000000000022a,1.19,662.0,253.0,40.0,36.0,2459.0,146.0,6059.0,"{""type"":""MultiPoint"",""coordinates"":[]}"
000000000000000012e3,2.49,662.0,375.0,218.0,36.0,2177.0,358.0,2265.0,"{""type"":""MultiPoint"",""coordinates"":[]}"
00000000000000001353,1.07,662.0,64.0,79.0,36.0,2473.0,69.0,2377.0,"{""type"":""MultiPoint"",""coordinates"":[]}"
0000000000000000137d,1.85,662.0,410.0,220.0,36.0,2201.0,342.0,2419.0,"{""type"":""MultiPoint"",""coordinates"":[]}"
000000000000000012ba,1.29,694.0,515.0,45.0,36.0,2223.0,187.0,2224.0,"{""type"":""MultiPoint"",""coordinates"":[]}"
000000000000000014b8,1.76,726.0,279.0,245.0,36.0,2329.0,262.0,2734.0,"{""type"":""MultiPoint"",""coordinates"":[]}"
0000000000000000151e,2.02,726.0,71.0,104.0,36.0,2482.0,131.0,2836.0,"{""type"":""MultiPoint"",""coordinates"":[]}"
00000000000000001245,1.1,758.0,161.0,39.0,36.0,2493.0,145.0,2107.0,"{""type"":""MultiPoint"",""coordinates"":[]}"
00000000000000001205,2.92,886.0,305.0,212.0,36.0,2222.0,350.0,2043.0,"{""type"":""MultiPoint"",""coordinates"":[]}"
0000000000000000121b,1.57,982.0,88.0,109.0,36.0,2507.0,190.0,2065.0,"{""type"":""MultiPoint"",""coordinates"":[]}"
00000000000000001215,2.79,1014.0,283.0,114.0,36.0,2155.0,213.0,2059.0,"{""type"":""MultiPoint"",""coordinates"":[]}"
0000000000000000159e,1.97,1014.0,163.0,89.0,36.0,2599.0,149.0,2998.0,"{""type"":""MultiPoint"",""coordinates"":[]}"
0000000000000000142b,0.97,1133.0,20.0,49.0,36.0,2422.0,71.0,2593.0,"{""type"":""MultiPoint"",""coordinates"":[]}"
00000000000000001c0b,2.27,535.0,257.0,144.0,36.0,2272.0,273.0,4643.0,"{""type"":""MultiPoint"",""coordinates"":[]}"
000000000000000013ec,0.68,567.0,31.0,15.0,36.0,2494.0,18.0,2530.0,"{""type"":""MultiPoint"",""coordinates"":[]}"
00000000000000001445,2.71,567.0,529.0,304.0,36.0,2041.0,473.0,2619.0,"{""type"":""MultiPoint"",""coordinates"":[]}"
00000000000000001450,1.06,567.0,54.0,56.0,36.0,2493.0,89.0,2630.0,"{""type"":""MultiPoint"",""coordinates"":[]}"
000000000000000015de,1.05,567.0,104.0,90.0,36.0,2332.0,97.0,3062.0,"{""type"":""MultiPoint"",""coordinates"":[]}"
000000000000000013ef,1.22,599.0,212.0,16.0,36.0,2316.0,84.0,2533.0,"{""type"":""MultiPoint"",""coordinates"":[]}"
00000000000000001570,0.41,599.0,205.0,-12.0,36.0,2378.0,87.0,2918.0,"{""type"":""MultiPoint"",""coordinates"":[]}"
000000000000000015f3,2.24,599.0,41.0,146.0,36.0,2429.0,150.0,3083.0,"{""type"":""MultiPoint"",""coordinates"":[]}"
000000000000000013ad,2.45,631.0,246.0,142.0,36.0,2297.0,257.0,2467.0,"{""type"":""MultiPoint"",""coordinates"":[]}"
000000000000000013b1,2.2,631.0,57.0,214.0,36.0,2506.0,279.0,2471.0,"{""type"":""MultiPoint"",""coordinates"":[]}"
00000000000000001581,2.46,631.0,618.0,146.0,36.0,2159.0,232.0,2935.0,"{""type"":""MultiPoint"",""coordinates"":[]}"
000000000000000012e7,1.98,663.0,-25.0,80.0,36.0,2514.0,87.0,2269.0,"{""type"":""MultiPoint"",""coordinates"":[]}"
0000000000000000134b,1.51,663.0,50.0,140.0,36.0,2443.0,116.0,2369.0,"{""type"":""MultiPoint"",""coordinates"":[]}"
00000000000000001391,2.58,663.0,450.0,250.0,36.0,2147.0,357.0,2439.0,"{""type"":""MultiPoint"",""coordinates"":[]}"
0000000000000000124d,2.89,695.0,451.0,255.0,36.0,2092.0,437.0,2115.0,"{""type"":""MultiPoint"",""coordinates"":[]}"
00000000000000001289,0.55,695.0,116.0,-1.0,36.0,2452.0,63.0,2175.0,"{""type"":""MultiPoint"",""coordinates"":[]}"
00000000000000001324,2.39,695.0,298.0,355.0,36.0,2266.0,346.0,2330.0,"{""type"":""MultiPoint"",""coordinates"":[]}"
00000000000000001409,1.58,695.0,1.0,168.0,36.0,2379.0,176.0,2559.0,"{""type"":""MultiPoint"",""coordinates"":[]}"
000000000000000014ab,0.72,695.0,119.0,41.0,36.0,2399.0,64.0,2721.0,"{""type"":""MultiPoint"",""coordinates"":[]}"
0000000000000000153b,2.1,695.0,483.0,61.0,36.0,2226.0,201.0,2865.0,"{""type"":""MultiPoint"",""coordinates"":[]}"
00000000000000001aff,0.56,695.0,52.0,32.0,36.0,2833.0,122.0,4375.0,"{""type"":""MultiPoint"",""coordinates"":[]}"
00000000000000001554,1.16,791.0,177.0,144.0,36.0,2424.0,138.0,2890.0,"{""type"":""MultiPoint"",""coordinates"":[]}"
00000000000000001204,1.3,823.0,70.0,42.0,36.0,2516.0,102.0,2042.0,"{""type"":""MultiPoint"",""coordinates"":[]}"
000000000000000012f4,0.32,823.0,31.0,44.0,36.0,2548.0,30.0,2282.0,"{""type"":""MultiPoint"",""coordinates"":[]}"
0000000000000000143f,1.49,1134.0,144.0,115.0,36.0,2414.0,158.0,2613.0,"{""type"":""MultiPoint"",""coordinates"":[]}"
00000000000000001425,2.86,1135.0,441.0,191.0,36.0,2037.0,352.0,2587.0,"{""type"":""MultiPoint"",""coordinates"":[]}"
000000000000000003cf,1.23,71.0,99.0,95.0,36.0,2902.0,112.0,6480.0,"{""type"":""MultiPoint"",""coordinates"":[]}"
0000000000000000017e,1.54,75.0,-80.0,-34.0,36.0,3058.0,-19.0,5887.0,"{""type"":""MultiPoint"",""coordinates"":[]}"
000000000000000003d5,2.58,75.0,638.0,503.0,36.0,2330.0,503.0,6486.0,"{""type"":""MultiPoint"",""coordinates"":[]}"
000000000000000003d6,2.43,75.0,648.0,460.0,36.0,2373.0,456.0,6487.0,"{""type"":""MultiPoint"",""coordinates"":[]}"
000000000000000003bd,1.81,79.0,253.0,171.0,36.0,2698.0,195.0,6462.0,"{""type"":""MultiPoint"",""coordinates"":[]}"
000000000000000003c1,2.57,83.0,764.0,566.0,36.0,2161.0,510.0,6466.0,"{""type"":""MultiPoint"",""coordinates"":[]}"
000000000000000003cd,2.17,87.0,742.0,538.0,36.0,2281.0,510.0,6478.0,"{""type"":""MultiPoint"",""coordinates"":[]}"
00000000000000000418,0.69,87.0,-6.0,8.0,36.0,3073.0,19.0,6553.0,"{""type"":""MultiPoint"",""coordinates"":[]}"
00000000000000000419,0.81,87.0,-55.0,17.0,36.0,3021.0,27.0,6554.0,"{""type"":""MultiPoint"",""coordinates"":[]}"
000000000000000003e7,1.76,103.0,177.0,256.0,36.0,2676.0,275.0,6504.0,"{""type"":""MultiPoint"",""coordinates"":[]}"
000000000000000003e8,1.24,103.0,206.0,174.0,36.0,2666.0,209.0,6505.0,"{""type"":""MultiPoint"",""coordinates"":[]}"
000000000000000003f1,2.71,119.0,545.0,428.0,36.0,2155.0,468.0,6514.0,"{""type"":""MultiPoint"",""coordinates"":[]}"
000000000000000003f0,1.48,123.0,217.0,78.0,36.0,2817.0,50.0,6513.0,"{""type"":""MultiPoint"",""coordinates"":[]}"
000000000000000003f5,2.41,123.0,411.0,258.0,36.0,2504.0,302.0,6518.0,"{""type"":""MultiPoint"",""coordinates"":[]}"
000000000000000003ff,1.9,123.0,426.0,225.0,36.0,2658.0,285.0,6528.0,"{""type"":""MultiPoint"",""coordinates"":[]}"
00000000000000000402,1.78,123.0,316.0,155.0,36.0,2753.0,178.0,6531.0,"{""type"":""MultiPoint"",""coordinates"":[]}"
00000000000000000406,0.74,123.0,54.0,17.0,36.0,2976.0,-4.0,6535.0,"{""type"":""MultiPoint"",""coordinates"":[]}"
0000000000000000040e,1.49,123.0,261.0,178.0,36.0,2831.0,210.0,6543.0,"{""type"":""MultiPoint"",""coordinates"":[]}"
000000000000000011c6,0.36,198.0,-78.0,41.0,36.0,2971.0,19.0,1980.0,"{""type"":""MultiPoint"",""coordinates"":[]}"
000000000000000011cc,0.52,198.0,-88.0,13.0,36.0,3039.0,-8.0,1986.0,"{""type"":""MultiPoint"",""coordinates"":[]}"
000000000000000015d0,2.29,444.0,451.0,271.0,36.0,2303.0,384.0,3048.0,"{""type"":""MultiPoint"",""coordinates"":[]}"
000000000000000014dd,2.78,492.0,817.0,264.0,36.0,1790.0,440.0,2771.0,"{""type"":""MultiPoint"",""coordinates"":[]}"
000000000000000014de,2.74,492.0,636.0,276.0,36.0,1999.0,408.0,2772.0,"{""type"":""MultiPoint"",""coordinates"":[]}"
000000000000000014f8,2.56,492.0,438.0,246.0,36.0,2094.0,381.0,2798.0,"{""type"":""MultiPoint"",""coordinates"":[]}"
000000000000000015d4,1.17,492.0,-47.0,174.0,36.0,2359.0,117.0,3052.0,"{""type"":""MultiPoint"",""coordinates"":[]}"
00000000000000001616,0.98,492.0,68.0,46.0,36.0,2440.0,44.0,3118.0,"{""type"":""MultiPoint"",""coordinates"":[]}"
00000000000000001a57,1.13,492.0,44.0,79.0,36.0,2378.0,53.0,4207.0,"{""type"":""MultiPoint"",""coordinates"":[]}"
0000000000000000148a,1.33,508.0,271.0,129.0,36.0,2342.0,117.0,2688.0,"{""type"":""MultiPoint"",""coordinates"":[]}"
0000000000000000149f,1.89,508.0,498.0,236.0,36.0,2182.0,300.0,2709.0,"{""type"":""MultiPoint"",""coordinates"":[]}"
000000000000000014f3,2.73,508.0,798.0,318.0,36.0,1876.0,485.0,2793.0,"{""type"":""MultiPoint"",""coordinates"":[]}"
00000000000000001a6e,2.25,508.0,124.0,298.0,36.0,2357.0,227.0,4230.0,"{""type"":""MultiPoint"",""coordinates"":[]}"
0000000000000000144d,2.26,536.0,170.0,203.0,36.0,2480.0,301.0,2627.0,"{""type"":""MultiPoint"",""coordinates"":[]}"
00000000000000001501,1.46,568.0,187.0,74.0,36.0,2377.0,90.0,2807.0,"{""type"":""MultiPoint"",""coordinates"":[]}"
000000000000000013fd,1.11,600.0,158.0,51.0,36.0,2410.0,60.0,2547.0,"{""type"":""MultiPoint"",""coordinates"":[]}"
00000000000000001401,0.12,632.0,83.0,17.0,36.0,2461.0,60.0,2551.0,"{""type"":""MultiPoint"",""coordinates"":[]}"
000000000000000012d7,2.81,664.0,801.0,173.0,36.0,1847.0,433.0,2253.0,"{""type"":""MultiPoint"",""coordinates"":[]}"
000000000000000012e4,1.93,664.0,665.0,64.0,36.0,2061.0,259.0,2266.0,"{""type"":""MultiPoint"",""coordinates"":[]}"
0000000000000000130f,1.04,664.0,3.0,94.0,36.0,2460.0,145.0,2309.0,"{""type"":""MultiPoint"",""coordinates"":[]}"
00000000000000001330,1.64,664.0,39.0,251.0,36.0,2449.0,214.0,2342.0,"{""type"":""MultiPoint"",""coordinates"":[]}"
00000000000000001360,0.67,664.0,65.0,31.0,36.0,2512.0,44.0,2390.0,"{""type"":""MultiPoint"",""coordinates"":[]}"
00000000000000001399,1.76,664.0,216.0,111.0,36.0,2398.0,114.0,2447.0,"{""type"":""MultiPoint"",""coordinates"":[]}"
0000000000000000141f,1.23,696.0,139.0,81.0,36.0,2437.0,95.0,2581.0,"{""type"":""MultiPoint"",""coordinates"":[]}"
0000000000000000157b,0.81,696.0,167.0,29.0,36.0,2352.0,44.0,2929.0,"{""type"":""MultiPoint"",""coordinates"":[]}"
00000000000000001250,2.7,728.0,395.0,240.0,36.0,2137.0,424.0,2118.0,"{""type"":""MultiPoint"",""coordinates"":[]}"
0000000000000000126c,1.89,728.0,59.0,228.0,36.0,2496.0,256.0,2146.0,"{""type"":""MultiPoint"",""coordinates"":[]}"
000000000000000012a0,2.62,728.0,518.0,192.0,36.0,2082.0,340.0,2198.0,"{""type"":""MultiPoint"",""coordinates"":[]}"
0000000000000000155f,2.02,728.0,426.0,243.0,36.0,2410.0,233.0,2901.0,"{""type"":""MultiPoint"",""coordinates"":[]}"
00000000000000001246,0.25,760.0,163.0,5.0,36.0,2464.0,93.0,2108.0,"{""type"":""MultiPoint"",""coordinates"":[]}"
0000000000000000141b,0.67,760.0,109.0,45.0,36.0,2507.0,74.0,2577.0,"{""type"":""MultiPoint"",""coordinates"":[]}"
00000000000000001457,1.89,760.0,312.0,170.0,36.0,2431.0,172.0,2637.0,"{""type"":""MultiPoint"",""coordinates"":[]}"
00000000000000001532,2.34,760.0,184.0,120.0,36.0,2468.0,140.0,2856.0,"{""type"":""MultiPoint"",""coordinates"":[]}"
000000000000000013c1,1.77,792.0,430.0,215.0,36.0,2267.0,306.0,2487.0,"{""type"":""MultiPoint"",""coordinates"":[]}"
00000000000000001526,2.69,792.0,205.0,228.0,36.0,2400.0,261.0,2844.0,"{""type"":""MultiPoint"",""coordinates"":[]}"
00000000000000001541,0.4,792.0,34.0,10.0,36.0,2512.0,8.0,2871.0,"{""type"":""MultiPoint"",""coordinates"":[]}"
00000000000000001201,0.76,824.0,0.0,-18.0,36.0,2529.0,23.0,2039.0,"{""type"":""MultiPoint"",""coordinates"":[]}"
00000000000000001236,0.43,920.0,301.0,39.0,36.0,2433.0,161.0,2092.0,"{""type"":""MultiPoint"",""coordinates"":[]}"
000000000000000015b4,2.32,920.0,486.0,228.0,36.0,2299.0,352.0,3020.0,"{""type"":""MultiPoint"",""coordinates"":[]}"
000000000000000015a1,2.51,984.0,440.0,256.0,36.0,2326.0,335.0,3001.0,"{""type"":""MultiPoint"",""coordinates"":[]}"
000000000000000013cf,0.3,1072.0,51.0,21.0,36.0,2604.0,14.0,2501.0,"{""type"":""MultiPoint"",""coordinates"":[]}"
00000000000000001426,2.88,1136.0,412.0,190.0,36.0,2052.0,353.0,2588.0,"{""type"":""MultiPoint"",""coordinates"":[]}"
0000000000000000159b,1.38,1073.0,190.0,62.0,36.0,2675.0,101.0,2995.0,"{""type"":""MultiPoint"",""coordinates"":[]}"
00000000000000001422,2.16,1137.0,237.0,165.0,36.0,2301.0,253.0,2584.0,"{""type"":""MultiPoint"",""coordinates"":[]}"
00000000000000001424,2.79,1137.0,481.0,146.0,36.0,2123.0,257.0,2586.0,"{""type"":""MultiPoint"",""coordinates"":[]}"
000000000000000014b5,0.6,537.0,172.0,77.0,36.0,2428.0,71.0,2731.0,"{""type"":""MultiPoint"",""coordinates"":[]}"
000000000000000014cc,2.87,537.0,568.0,316.0,36.0,1917.0,507.0,2754.0,"{""type"":""MultiPoint"",""coordinates"":[]}"
00000000000000001451,1.3,569.0,112.0,39.0,36.0,2498.0,71.0,2631.0,"{""type"":""MultiPoint"",""coordinates"":[]}"
000000000000000015ea,1.04,569.0,171.0,53.0,36.0,2379.0,82.0,3074.0,"{""type"":""MultiPoint"",""coordinates"":[]}"
00000000000000001ac4,2.43,569.0,91.0,347.0,36.0,2454.0,345.0,4316.0,"{""type"":""MultiPoint"",""coordinates"":[]}"
000000000000000013ae,2.16,601.0,151.0,298.0,36.0,2451.0,273.0,2468.0,"{""type"":""MultiPoint"",""coordinates"":[]}"
00000000000000001463,1.76,633.0,143.0,139.0,36.0,2428.0,176.0,2649.0,"{""type"":""MultiPoint"",""coordinates"":[]}"
000000000000000014ae,2.65,633.0,527.0,317.0,36.0,1986.0,457.0,2724.0,"{""type"":""MultiPoint"",""coordinates"":[]}"
000000000000000015dd,1.13,633.0,100.0,56.0,36.0,2542.0,60.0,3061.0,"{""type"":""MultiPoint"",""coordinates"":[]}"
000000000000000012b2,1.91,665.0,-55.0,-37.0,36.0,2573.0,20.0,2216.0,"{""type"":""MultiPoint"",""coordinates"":[]}"
000000000000000012d9,0.96,665.0,233.0,16.0,36.0,2384.0,60.0,2255.0,"{""type"":""MultiPoint"",""coordinates"":[]}"
000000000000000012e5,0.95,665.0,160.0,-14.0,36.0,2425.0,72.0,2267.0,"{""type"":""MultiPoint"",""coordinates"":[]}"
000000000000000012eb,2.84,665.0,219.0,267.0,36.0,2243.0,410.0,2273.0,"{""type"":""MultiPoint"",""coordinates"":[]}"
00000000000000001344,1.72,665.0,100.0,103.0,36.0,2440.0,121.0,2362.0,"{""type"":""MultiPoint"",""coordinates"":[]}"
00000000000000001346,1.34,665.0,166.0,45.0,36.0,2428.0,87.0,2364.0,"{""type"":""MultiPoint"",""coordinates"":[]}"
00000000000000001385,2.13,665.0,220.0,216.0,36.0,2407.0,209.0,2427.0,"{""type"":""MultiPoint"",""coordinates"":[]}"
000000000000000012d3,2.76,697.0,311.0,136.0,36.0,2187.0,281.0,2249.0,"{""type"":""MultiPoint"",""coordinates"":[]}"
00000000000000001afb,0.16,729.0,38.0,-60.0,36.0,2739.0,-10.0,4371.0,"{""type"":""MultiPoint"",""coordinates"":[]}"
000000000000000012f7,1.61,761.0,120.0,102.0,36.0,2518.0,130.0,2285.0,"{""type"":""MultiPoint"",""coordinates"":[]}"
00000000000000001530,1.69,761.0,173.0,162.0,36.0,2388.0,242.0,2854.0,"{""type"":""MultiPoint"",""coordinates"":[]}"
000000000000000012a5,0.81,793.0,-26.0,2.0,36.0,2584.0,-4.0,2203.0,"{""type"":""MultiPoint"",""coordinates"":[]}"
00000000000000001231,1.51,825.0,406.0,131.0,36.0,2307.0,261.0,2087.0,"{""type"":""MultiPoint"",""coordinates"":[]}"
000000000000000011ff,2.99,857.0,435.0,182.0,36.0,2078.0,363.0,2037.0,"{""type"":""MultiPoint"",""coordinates"":[]}"
000000000000000013c8,1.81,985.0,338.0,195.0,36.0,2447.0,195.0,2494.0,"{""type"":""MultiPoint"",""coordinates"":[]}"
00000000000000001596,2.39,985.0,125.0,90.0,36.0,2621.0,158.0,2990.0,"{""type"":""MultiPoint"",""coordinates"":[]}"
00000000000000001bca,1.01,429.0,230.0,65.0,36.0,2325.0,134.0,4578.0,"{""type"":""MultiPoint"",""coordinates"":[]}"
00000000000000001bd0,0.54,429.0,43.0,2.0,36.0,2345.0,-22.0,4584.0,"{""type"":""MultiPoint"",""coordinates"":[]}"
000000000000000014be,1.12,477.0,221.0,59.0,36.0,2378.0,122.0,2740.0,"{""type"":""MultiPoint"",""coordinates"":[]}"
0000000000000000023b,2.96,493.0,376.0,366.0,36.0,2153.0,446.0,6076.0,"{""type"":""MultiPoint"",""coordinates"":[]}"
000000000000000014df,2.82,493.0,805.0,348.0,36.0,1721.0,526.0,2773.0,"{""type"":""MultiPoint"",""coordinates"":[]}"
000000000000000014f7,2.91,493.0,775.0,310.0,36.0,1734.0,546.0,2797.0,"{""type"":""MultiPoint"",""coordinates"":[]}"
000000000000000015be,1.74,493.0,176.0,46.0,36.0,2390.0,91.0,3030.0,"{""type"":""MultiPoint"",""coordinates"":[]}"
00000000000000001a54,2.36,493.0,42.0,240.0,36.0,2364.0,195.0,4204.0,"{""type"":""MultiPoint"",""coordinates"":[]}"
00000000000000001607,1.93,509.0,44.0,104.0,36.0,2349.0,96.0,3103.0,"{""type"":""MultiPoint"",""coordinates"":[]}"
000000000000000015cd,2.36,538.0,53.0,277.0,36.0,2398.0,252.0,3045.0,"{""type"":""MultiPoint"",""coordinates"":[]}"
00000000000000001475,0.62,570.0,106.0,-49.0,36.0,2538.0,-12.0,2667.0,"{""type"":""MultiPoint"",""coordinates"":[]}"
000000000000000014c2,1.81,570.0,212.0,73.0,36.0,2371.0,110.0,2744.0,"{""type"":""MultiPoint"",""coordinates"":[]}"
000000000000000013ac,0.33,602.0,14.0,132.0,36.0,2495.0,124.0,2466.0,"{""type"":""MultiPoint"",""coordinates"":[]}"
0000000000000000135e,2.46,634.0,331.0,263.0,36.0,2253.0,370.0,2388.0,"{""type"":""MultiPoint"",""coordinates"":[]}"
00000000000000001370,2.79,634.0,400.0,293.0,36.0,2105.0,453.0,2406.0,"{""type"":""MultiPoint"",""coordinates"":[]}"
000000000000000013f9,0.05,634.0,59.0,44.0,36.0,2353.0,8.0,2543.0,"{""type"":""MultiPoint"",""coordinates"":[]}"
00000000000000001507,1.09,634.0,166.0,29.0,36.0,2373.0,53.0,2813.0,"{""type"":""MultiPoint"",""coordinates"":[]}"
00000000000000001572,0.78,634.0,229.0,23.0,36.0,2364.0,22.0,2920.0,"{""type"":""MultiPoint"",""coordinates"":[]}"
00000000000000001559,1.6,666.0,186.0,68.0,36.0,2460.0,119.0,2895.0,"{""type"":""MultiPoint"",""coordinates"":[]}"
000000000000000012d1,1.23,698.0,589.0,75.0,36.0,2036.0,216.0,2247.0,"{""type"":""MultiPoint"",""coordinates"":[]}"
00000000000000001317,2.65,698.0,194.0,254.0,36.0,2336.0,275.0,2317.0,"{""type"":""MultiPoint"",""coordinates"":[]}"
0000000000000000154b,0.17,698.0,23.0,12.0,36.0,2575.0,15.0,2881.0,"{""type"":""MultiPoint"",""coordinates"":[]}"
0000000000000000151d,0.87,730.0,43.0,101.0,36.0,2470.0,170.0,2835.0,"{""type"":""MultiPoint"",""coordinates"":[]}"
0000000000000000123f,0.56,762.0,61.0,-11.0,36.0,2517.0,28.0,2101.0,"{""type"":""MultiPoint"",""coordinates"":[]}"
00000000000000001244,0.55,762.0,153.0,-5.0,36.0,2499.0,56.0,2106.0,"{""type"":""MultiPoint"",""coordinates"":[]}"
000000000000000012ac,0.88,762.0,-16.0,7.0,36.0,2571.0,1.0,2210.0,"{""type"":""MultiPoint"",""coordinates"":[]}"
000000000000000012ef,0.7,762.0,47.0,38.0,36.0,2543.0,64.0,2277.0,"{""type"":""MultiPoint"",""coordinates"":[]}"
00000000000000001269,2.04,794.0,223.0,193.0,36.0,2335.0,194.0,2143.0,"{""type"":""MultiPoint"",""coordinates"":[]}"
0000000000000000127d,2.39,794.0,99.0,208.0,36.0,2471.0,185.0,2163.0,"{""type"":""MultiPoint"",""coordinates"":[]}"
00000000000000001510,0.31,826.0,92.0,-2.0,36.0,2541.0,22.0,2822.0,"{""type"":""MultiPoint"",""coordinates"":[]}"
00000000000000001216,2.69,1018.0,186.0,36.0,36.0,2290.0,152.0,2060.0,"{""type"":""MultiPoint"",""coordinates"":[]}"
00000000000000001444,1.61,1140.0,199.0,130.0,36.0,2427.0,159.0,2618.0,"{""type"":""MultiPoint"",""coordinates"":[]}"
00000000000000001421,0.78,1141.0,134.0,16.0,36.0,2441.0,47.0,2583.0,"{""type"":""MultiPoint"",""coordinates"":[]}"
000000000000000014b3,2.91,539.0,707.0,313.0,36.0,1879.0,459.0,2729.0,"{""type"":""MultiPoint"",""coordinates"":[]}"
000000000000000014b4,2.87,539.0,740.0,306.0,36.0,1773.0,531.0,2730.0,"{""type"":""MultiPoint"",""coordinates"":[]}"
00000000000000001c03,1.47,539.0,178.0,185.0,36.0,2272.0,263.0,4635.0,"{""type"":""MultiPoint"",""coordinates"":[]}"
00000000000000001c05,1.14,539.0,512.0,285.0,36.0,2175.0,451.0,4637.0,"{""type"":""MultiPoint"",""coordinates"":[]}"
00000000000000001483,2.57,571.0,342.0,369.0,36.0,2168.0,454.0,2681.0,"{""type"":""MultiPoint"",""coordinates"":[]}"
00000000000000001ac3,2.58,571.0,3.0,309.0,36.0,2472.0,256.0,4315.0,"{""type"":""MultiPoint"",""coordinates"":[]}"
000000000000000013a4,0.69,603.0,61.0,73.0,36.0,2526.0,76.0,2458.0,"{""type"":""MultiPoint"",""coordinates"":[]}"
000000000000000013a8,2.88,603.0,521.0,270.0,36.0,2083.0,412.0,2462.0,"{""type"":""MultiPoint"",""coordinates"":[]}"
000000000000000013f2,1.1,603.0,168.0,25.0,36.0,2371.0,43.0,2536.0,"{""type"":""MultiPoint"",""coordinates"":[]}"
00000000000000001284,0.61,667.0,127.0,6.0,36.0,2460.0,76.0,2170.0,"{""type"":""MultiPoint"",""coordinates"":[]}"
000000000000000012b6,0.55,667.0,150.0,2.0,36.0,2427.0,47.0,2220.0,"{""type"":""MultiPoint"",""coordinates"":[]}"
0000000000000000133b,1.88,667.0,125.0,183.0,36.0,2385.0,194.0,2353.0,"{""type"":""MultiPoint"",""coordinates"":[]}"
00000000000000001345,1.43,667.0,195.0,95.0,36.0,2458.0,144.0,2363.0,"{""type"":""MultiPoint"",""coordinates"":[]}"
00000000000000001347,1.65,667.0,158.0,153.0,36.0,2472.0,149.0,2365.0,"{""type"":""MultiPoint"",""coordinates"":[]}"
00000000000000001348,1.08,667.0,109.0,79.0,36.0,2452.0,94.0,2366.0,"{""type"":""MultiPoint"",""coordinates"":[]}"
00000000000000001579,2.92,667.0,580.0,376.0,36.0,1965.0,454.0,2927.0,"{""type"":""MultiPoint"",""coordinates"":[]}"
0000000000000000124f,2.39,699.0,413.0,285.0,36.0,2126.0,430.0,2117.0,"{""type"":""MultiPoint"",""coordinates"":[]}"
0000000000000000128a,0.5,699.0,102.0,-4.0,36.0,2428.0,81.0,2176.0,"{""type"":""MultiPoint"",""coordinates"":[]}"
00000000000000001364,1.05,699.0,15.0,-2.0,36.0,2527.0,87.0,2394.0,"{""type"":""MultiPoint"",""coordinates"":[]}"
00000000000000001408,1.64,699.0,97.0,166.0,36.0,2379.0,127.0,2558.0,"{""type"":""MultiPoint"",""coordinates"":[]}"
0000000000000000141e,2.41,699.0,97.0,230.0,36.0,2420.0,181.0,2580.0,"{""type"":""MultiPoint"",""coordinates"":[]}"
000000000000000014a9,0.9,699.0,139.0,90.0,36.0,2398.0,112.0,2719.0,"{""type"":""MultiPoint"",""coordinates"":[]}"
0000000000000000155b,2.51,699.0,193.0,316.0,36.0,2323.0,276.0,2897.0,"{""type"":""MultiPoint"",""coordinates"":[]}"
00000000000000001251,1.52,731.0,63.0,136.0,36.0,2502.0,153.0,2119.0,"{""type"":""MultiPoint"",""coordinates"":[]}"
00000000000000001285,1.91,731.0,133.0,137.0,36.0,2418.0,182.0,2171.0,"{""type"":""MultiPoint"",""coordinates"":[]}"
0000000000000000129c,0.24,763.0,25.0,0.0,36.0,2469.0,13.0,2194.0,"{""type"":""MultiPoint"",""coordinates"":[]}"
000000000000000012a9,0.75,763.0,9.0,4.0,36.0,2523.0,-12.0,2207.0,"{""type"":""MultiPoint"",""coordinates"":[]}"
000000000000000012f8,0.85,763.0,24.0,33.0,36.0,2569.0,25.0,2286.0,"{""type"":""MultiPoint"",""coordinates"":[]}"
00000000000000001260,0.85,827.0,-30.0,19.0,36.0,2521.0,61.0,2134.0,"{""type"":""MultiPoint"",""coordinates"":[]}"
000000000000000013d6,2.29,827.0,435.0,304.0,36.0,2163.0,354.0,2508.0,"{""type"":""MultiPoint"",""coordinates"":[]}"
00000000000000001410,0.79,827.0,48.0,11.0,36.0,2428.0,34.0,2566.0,"{""type"":""MultiPoint"",""coordinates"":[]}"
00000000000000001511,1.14,827.0,224.0,100.0,36.0,2436.0,178.0,2823.0,"{""type"":""MultiPoint"",""coordinates"":[]}"
000000000000000011f6,2.86,891.0,290.0,139.0,36.0,2121.0,107.0,2028.0,"{""type"":""MultiPoint"",""coordinates"":[]}"
00000000000000001221,2.09,891.0,171.0,148.0,36.0,2342.0,255.0,2071.0,"{""type"":""MultiPoint"",""coordinates"":[]}"
000000000000000013c9,0.64,891.0,164.0,92.0,36.0,2424.0,95.0,2495.0,"{""type"":""MultiPoint"",""coordinates"":[]}"
000000000000000015a6,2.17,923.0,455.0,249.0,36.0,2321.0,351.0,3006.0,"{""type"":""MultiPoint"",""coordinates"":[]}"
000000000000000015af,2.26,987.0,399.0,190.0,36.0,2379.0,285.0,3015.0,"{""type"":""MultiPoint"",""coordinates"":[]}"
00000000000000001441,0.62,1142.0,191.0,95.0,36.0,2437.0,123.0,2615.0,"{""type"":""MultiPoint"",""coordinates"":[]}"
00000000000000001442,0.82,1142.0,137.0,112.0,36.0,2447.0,146.0,2616.0,"{""type"":""MultiPoint"",""coordinates"":[]}"
00000000000000001bd8,1.28,398.0,133.0,28.0,36.0,2303.0,80.0,4592.0,"{""type"":""MultiPoint"",""coordinates"":[]}"
00000000000000001c12,0.86,398.0,181.0,31.0,36.0,2379.0,48.0,4650.0,"{""type"":""MultiPoint"",""coordinates"":[]}"
00000000000000001c1a,2.84,398.0,410.0,103.0,36.0,2215.0,175.0,4658.0,"{""type"":""MultiPoint"",""coordinates"":[]}"
0000000000000000149d,0.22,478.0,135.0,-4.0,36.0,2563.0,-10.0,2707.0,"{""type"":""MultiPoint"",""coordinates"":[]}"
000000000000000015cf,1.57,478.0,81.0,185.0,36.0,2476.0,206.0,3047.0,"{""type"":""MultiPoint"",""coordinates"":[]}"
000000000000000013eb,1.32,494.0,211.0,9.0,36.0,2433.0,101.0,2529.0,"{""type"":""MultiPoint"",""coordinates"":[]}"
000000000000000015c4,1.52,494.0,86.0,99.0,36.0,2425.0,85.0,3036.0,"{""type"":""MultiPoint"",""coordinates"":[]}"
0000000000000000148c,2.47,510.0,400.0,104.0,36.0,2236.0,119.0,2690.0,"{""type"":""MultiPoint"",""coordinates"":[]}"
00000000000000001613,0.68,510.0,19.0,8.0,36.0,2292.0,1.0,3115.0,"{""type"":""MultiPoint"",""coordinates"":[]}"
00000000000000001a59,0.86,510.0,207.0,127.0,36.0,2451.0,110.0,4209.0,"{""type"":""MultiPoint"",""coordinates"":[]}"
00000000000000001575,0.96,540.0,233.0,38.0,36.0,2421.0,83.0,2923.0,"{""type"":""MultiPoint"",""coordinates"":[]}"
00000000000000001abf,2.49,572.0,99.0,377.0,36.0,2409.0,338.0,4311.0,"{""type"":""MultiPoint"",""coordinates"":[]}"
0000000000000000022f,2.43,604.0,306.0,273.0,36.0,2311.0,396.0,6064.0,"{""type"":""MultiPoint"",""coordinates"":[]}"
000000000000000013b3,2.76,604.0,552.0,346.0,36.0,2023.0,478.0,2473.0,"{""type"":""MultiPoint"",""coordinates"":[]}"
000000000000000013b4,2.45,604.0,512.0,339.0,36.0,2081.0,410.0,2474.0,"{""type"":""MultiPoint"",""coordinates"":[]}"
00000000000000001bee,0.93,604.0,334.0,215.0,36.0,2206.0,339.0,4614.0,"{""type"":""MultiPoint"",""coordinates"":[]}"
000000000000000013a1,1.6,636.0,233.0,90.0,36.0,2404.0,92.0,2455.0,"{""type"":""MultiPoint"",""coordinates"":[]}"
000000000000000014af,2.61,636.0,735.0,337.0,36.0,1813.0,544.0,2725.0,"{""type"":""MultiPoint"",""coordinates"":[]}"
000000000000000012b7,0.3,668.0,70.0,-8.0,36.0,2415.0,19.0,2221.0,"{""type"":""MultiPoint"",""coordinates"":[]}"
0000000000000000131c,2.35,668.0,404.0,350.0,36.0,2204.0,418.0,2322.0,"{""type"":""MultiPoint"",""coordinates"":[]}"
0000000000000000138b,0.84,668.0,177.0,30.0,36.0,2411.0,108.0,2433.0,"{""type"":""MultiPoint"",""coordinates"":[]}"
00000000000000001537,0.38,668.0,110.0,13.0,36.0,2540.0,29.0,2861.0,"{""type"":""MultiPoint"",""coordinates"":[]}"
0000000000000000126d,1.07,732.0,55.0,-17.0,36.0,2453.0,66.0,2147.0,"{""type"":""MultiPoint"",""coordinates"":[]}"
00000000000000001546,1.92,732.0,108.0,213.0,36.0,2440.0,220.0,2876.0,"{""type"":""MultiPoint"",""coordinates"":[]}"
00000000000000001247,0.51,764.0,88.0,-11.0,36.0,2495.0,2.0,2109.0,"{""type"":""MultiPoint"",""coordinates"":[]}"
000000000000000013c4,1.61,796.0,369.0,196.0,36.0,2409.0,173.0,2490.0,"{""type"":""MultiPoint"",""coordinates"":[]}"
000000000000000015aa,2.56,796.0,283.0,393.0,36.0,2154.0,465.0,3010.0,"{""type"":""MultiPoint"",""coordinates"":[]}"
000000000000000013ca,1.84,924.0,202.0,175.0,36.0,2518.0,128.0,2496.0,"{""type"":""MultiPoint"",""coordinates"":[]}"
00000000000000001432,0.55,1144.0,96.0,58.0,36.0,2462.0,70.0,2600.0,"{""type"":""MultiPoint"",""coordinates"":[]}"
00000000000000001443,1.47,1144.0,189.0,135.0,36.0,2464.0,143.0,2617.0,"{""type"":""MultiPoint"",""coordinates"":[]}"
00000000000000001433,0.84,1145.0,278.0,90.0,36.0,2495.0,142.0,2601.0,"{""type"":""MultiPoint"",""coordinates"":[]}"
000000000000000013e3,2.29,541.0,466.0,277.0,36.0,2134.0,333.0,2521.0,"{""type"":""MultiPoint"",""coordinates"":[]}"
00000000000000001c08,1.46,541.0,131.0,99.0,36.0,2334.0,191.0,4640.0,"{""type"":""MultiPoint"",""coordinates"":[]}"
0000000000000000138c,1.41,573.0,541.0,49.0,36.0,2220.0,200.0,2434.0,"{""type"":""MultiPoint"",""coordinates"":[]}"
00000000000000001455,1.41,573.0,80.0,91.0,36.0,2478.0,152.0,2635.0,"{""type"":""MultiPoint"",""coordinates"":[]}"
00000000000000001abc,0.79,573.0,36.0,60.0,36.0,2484.0,51.0,4308.0,"{""type"":""MultiPoint"",""coordinates"":[]}"
00000000000000001374,2.13,605.0,147.0,266.0,36.0,2393.0,230.0,2410.0,"{""type"":""MultiPoint"",""coordinates"":[]}"
000000000000000015ec,0.97,605.0,130.0,54.0,36.0,2471.0,100.0,3076.0,"{""type"":""MultiPoint"",""coordinates"":[]}"
00000000000000001bf1,1.1,605.0,95.0,76.0,36.0,2292.0,124.0,4617.0,"{""type"":""MultiPoint"",""coordinates"":[]}"
00000000000000001402,0.95,637.0,72.0,31.0,36.0,2502.0,64.0,2552.0,"{""type"":""MultiPoint"",""coordinates"":[]}"
00000000000000001542,2.76,637.0,229.0,229.0,36.0,2358.0,315.0,2872.0,"{""type"":""MultiPoint"",""coordinates"":[]}"
0000000000000000157d,1.25,637.0,241.0,35.0,36.0,2342.0,60.0,2931.0,"{""type"":""MultiPoint"",""coordinates"":[]}"
000000000000000012b5,0.85,669.0,229.0,-6.0,36.0,2413.0,58.0,2219.0,"{""type"":""MultiPoint"",""coordinates"":[]}"
000000000000000012ca,0.49,669.0,130.0,-22.0,36.0,2426.0,-3.0,2240.0,"{""type"":""MultiPoint"",""coordinates"":[]}"
0000000000000000131d,1.64,669.0,375.0,153.0,36.0,2294.0,206.0,2323.0,"{""type"":""MultiPoint"",""coordinates"":[]}"
000000000000000012dc,2.81,701.0,646.0,152.0,36.0,1992.0,313.0,2258.0,"{""type"":""MultiPoint"",""coordinates"":[]}"
000000000000000012e0,1.05,701.0,164.0,32.0,36.0,2418.0,75.0,2262.0,"{""type"":""MultiPoint"",""coordinates"":[]}"
00000000000000001280,0.25,733.0,110.0,-11.0,36.0,2485.0,53.0,2166.0,"{""type"":""MultiPoint"",""coordinates"":[]}"
000000000000000012cc,1.33,733.0,627.0,58.0,36.0,2057.0,207.0,2242.0,"{""type"":""MultiPoint"",""coordinates"":[]}"
00000000000000001543,0.69,733.0,74.0,51.0,36.0,2426.0,135.0,2873.0,"{""type"":""MultiPoint"",""coordinates"":[]}"
00000000000000001558,1.41,733.0,83.0,57.0,36.0,2396.0,54.0,2894.0,"{""type"":""MultiPoint"",""coordinates"":[]}"
0000000000000000155e,2.34,733.0,417.0,316.0,36.0,2258.0,342.0,2900.0,"{""type"":""MultiPoint"",""coordinates"":[]}"
00000000000000001563,1.16,733.0,46.0,59.0,36.0,2446.0,58.0,2905.0,"{""type"":""MultiPoint"",""coordinates"":[]}"
00000000000000001240,0.08,765.0,118.0,-1.0,36.0,2493.0,40.0,2102.0,"{""type"":""MultiPoint"",""coordinates"":[]}"
000000000000000012f0,0.61,765.0,80.0,19.0,36.0,2539.0,40.0,2278.0,"{""type"":""MultiPoint"",""coordinates"":[]}"
00000000000000001207,0.36,829.0,-36.0,7.0,36.0,2645.0,29.0,2045.0,"{""type"":""MultiPoint"",""coordinates"":[]}"
00000000000000001209,2.79,861.0,141.0,176.0,36.0,2389.0,249.0,2047.0,"{""type"":""MultiPoint"",""coordinates"":[]}"
0000000000000000120a,2.86,893.0,299.0,264.0,36.0,2239.0,375.0,2048.0,"{""type"":""MultiPoint"",""coordinates"":[]}"
00000000000000001226,1.26,989.0,64.0,29.0,36.0,2494.0,79.0,2076.0,"{""type"":""MultiPoint"",""coordinates"":[]}"
00000000000000001599,2.63,989.0,397.0,210.0,36.0,2402.0,296.0,2993.0,"{""type"":""MultiPoint"",""coordinates"":[]}"
00000000000000001428,2.76,1147.0,511.0,198.0,36.0,2096.0,327.0,2590.0,"{""type"":""MultiPoint"",""coordinates"":[]}"
00000000000000001bd5,0.99,383.0,49.0,16.0,36.0,2490.0,44.0,4589.0,"{""type"":""MultiPoint"",""coordinates"":[]}"
00000000000000001bd6,0.76,383.0,244.0,92.0,36.0,2363.0,157.0,4590.0,"{""type"":""MultiPoint"",""coordinates"":[]}"
00000000000000001bd3,0.65,399.0,212.0,59.0,36.0,2367.0,125.0,4587.0,"{""type"":""MultiPoint"",""coordinates"":[]}"
00000000000000001c19,2.13,399.0,354.0,86.0,36.0,2250.0,165.0,4657.0,"{""type"":""MultiPoint"",""coordinates"":[]}"
00000000000000001a48,2.33,479.0,190.0,186.0,36.0,2407.0,263.0,4192.0,"{""type"":""MultiPoint"",""coordinates"":[]}"
00000000000000001a49,2.61,479.0,479.0,293.0,36.0,2185.0,427.0,4193.0,"{""type"":""MultiPoint"",""coordinates"":[]}"
00000000000000001a4b,2.39,479.0,145.0,184.0,36.0,2497.0,274.0,4195.0,"{""type"":""MultiPoint"",""coordinates"":[]}"
00000000000000001a64,2.46,479.0,323.0,264.0,36.0,2311.0,379.0,4220.0,"{""type"":""MultiPoint"",""coordinates"":[]}"
00000000000000001a6f,1.15,479.0,60.0,26.0,36.0,2418.0,56.0,4231.0,"{""type"":""MultiPoint"",""coordinates"":[]}"
000000000000000014f4,2.88,511.0,707.0,301.0,36.0,1769.0,560.0,2794.0,"{""type"":""MultiPoint"",""coordinates"":[]}"
00000000000000001a44,2.88,511.0,364.0,420.0,36.0,2083.0,456.0,4188.0,"{""type"":""MultiPoint"",""coordinates"":[]}"
00000000000000000231,0.44,542.0,180.0,-87.0,36.0,2856.0,-39.0,6066.0,"{""type"":""MultiPoint"",""coordinates"":[]}"
000000000000000013e2,1.78,542.0,332.0,171.0,36.0,2237.0,235.0,2520.0,"{""type"":""MultiPoint"",""coordinates"":[]}"
00000000000000001493,1.9,542.0,273.0,114.0,36.0,2326.0,151.0,2697.0,"{""type"":""MultiPoint"",""coordinates"":[]}"
00000000000000001576,0.24,542.0,172.0,30.0,36.0,2508.0,69.0,2924.0,"{""type"":""MultiPoint"",""coordinates"":[]}"
00000000000000001486,1.03,574.0,111.0,53.0,36.0,2454.0,95.0,2684.0,"{""type"":""MultiPoint"",""coordinates"":[]}"
000000000000000015f4,1.75,574.0,149.0,246.0,36.0,2453.0,246.0,3084.0,"{""type"":""MultiPoint"",""coordinates"":[]}"
00000000000000001ac1,1.76,574.0,78.0,238.0,36.0,2507.0,243.0,4313.0,"{""type"":""MultiPoint"",""coordinates"":[]}"
00000000000000000233,2.87,606.0,691.0,411.0,36.0,1910.0,450.0,6068.0,"{""type"":""MultiPoint"",""coordinates"":[]}"
000000000000000012b3,2.7,670.0,770.0,168.0,36.0,1928.0,400.0,2217.0,"{""type"":""MultiPoint"",""coordinates"":[]}"
000000000000000012b4,0.95,670.0,298.0,-6.0,36.0,2390.0,61.0,2218.0,"{""type"":""MultiPoint"",""coordinates"":[]}"
000000000000000012c9,0.27,670.0,167.0,-23.0,36.0,2432.0,20.0,2239.0,"{""type"":""MultiPoint"",""coordinates"":[]}"
00000000000000001378,1.7,670.0,194.0,257.0,36.0,2273.0,303.0,2414.0,"{""type"":""MultiPoint"",""coordinates"":[]}"
0000000000000000138a,1.27,670.0,194.0,45.0,36.0,2429.0,84.0,2432.0,"{""type"":""MultiPoint"",""coordinates"":[]}"
00000000000000001392,2.28,670.0,378.0,219.0,36.0,2236.0,273.0,2440.0,"{""type"":""MultiPoint"",""coordinates"":[]}"
0000000000000000127e,1.33,702.0,193.0,191.0,36.0,2450.0,200.0,2164.0,"{""type"":""MultiPoint"",""coordinates"":[]}"
00000000000000001407,1.96,702.0,73.0,182.0,36.0,2421.0,158.0,2557.0,"{""type"":""MultiPoint"",""coordinates"":[]}"
0000000000000000153c,0.19,702.0,60.0,-3.0,36.0,2510.0,17.0,2866.0,"{""type"":""MultiPoint"",""coordinates"":[]}"
00000000000000001521,1.84,734.0,78.0,67.0,36.0,2539.0,120.0,2839.0,"{""type"":""MultiPoint"",""coordinates"":[]}"
00000000000000001533,0.92,766.0,123.0,22.0,36.0,2484.0,54.0,2857.0,"{""type"":""MultiPoint"",""coordinates"":[]}"
00000000000000001553,0.52,798.0,140.0,65.0,36.0,2513.0,97.0,2889.0,"{""type"":""MultiPoint"",""coordinates"":[]}"
00000000000000001569,0.48,798.0,33.0,19.0,36.0,2509.0,32.0,2911.0,"{""type"":""MultiPoint"",""coordinates"":[]}"
0000000000000000127c,1.08,830.0,75.0,14.0,36.0,2484.0,81.0,2162.0,"{""type"":""MultiPoint"",""coordinates"":[]}"
000000000000000011f4,1.22,894.0,-13.0,-12.0,36.0,2554.0,11.0,2026.0,"{""type"":""MultiPoint"",""coordinates"":[]}"
000000000000000015b5,2.29,926.0,284.0,149.0,36.0,2405.0,218.0,3021.0,"{""type"":""MultiPoint"",""coordinates"":[]}"
00000000000000001225,0.75,958.0,-23.0,11.0,36.0,2595.0,46.0,2075.0,"{""type"":""MultiPoint"",""coordinates"":[]}"
0000000000000000142a,2.95,1148.0,436.0,250.0,36.0,2124.0,360.0,2592.0,"{""type"":""MultiPoint"",""coordinates"":[]}"
0000000000000000142c,2.86,1149.0,386.0,196.0,36.0,2125.0,310.0,2594.0,"{""type"":""MultiPoint"",""coordinates"":[]}"
0000000000000000142d,2.79,1149.0,417.0,219.0,36.0,2095.0,357.0,2595.0,"{""type"":""MultiPoint"",""coordinates"":[]}"
000000000000000013e4,1.43,543.0,465.0,-16.0,36.0,2257.0,197.0,2522.0,"{""type"":""MultiPoint"",""coordinates"":[]}"
00000000000000001468,0.4,543.0,104.0,-40.0,36.0,2539.0,112.0,2654.0,"{""type"":""MultiPoint"",""coordinates"":[]}"
0000000000000000156e,1.09,543.0,155.0,51.0,36.0,2383.0,72.0,2916.0,"{""type"":""MultiPoint"",""coordinates"":[]}"
000000000000000015c6,1.9,543.0,115.0,63.0,36.0,2473.0,40.0,3038.0,"{""type"":""MultiPoint"",""coordinates"":[]}"
00000000000000001aba,1.06,543.0,21.0,169.0,36.0,2478.0,153.0,4306.0,"{""type"":""MultiPoint"",""coordinates"":[]}"
000000000000000015f2,1.27,575.0,229.0,155.0,36.0,2421.0,254.0,3082.0,"{""type"":""MultiPoint"",""coordinates"":[]}"
000000000000000013a2,2.47,607.0,371.0,177.0,36.0,2256.0,352.0,2456.0,"{""type"":""MultiPoint"",""coordinates"":[]}"
000000000000000013a6,2.92,607.0,466.0,256.0,36.0,2163.0,390.0,2460.0,"{""type"":""MultiPoint"",""coordinates"":[]}"
000000000000000013a7,2.37,607.0,514.0,355.0,36.0,2100.0,485.0,2461.0,"{""type"":""MultiPoint"",""coordinates"":[]}"
000000000000000013a9,2.35,607.0,107.0,237.0,36.0,2467.0,266.0,2463.0,"{""type"":""MultiPoint"",""coordinates"":[]}"
00000000000000000232,2.84,639.0,581.0,305.0,36.0,2026.0,440.0,6067.0,"{""type"":""MultiPoint"",""coordinates"":[]}"
00000000000000001395,0.55,639.0,30.0,-45.0,36.0,2494.0,18.0,2443.0,"{""type"":""MultiPoint"",""coordinates"":[]}"
00000000000000001379,2.71,671.0,477.0,216.0,36.0,2205.0,326.0,2415.0,"{""type"":""MultiPoint"",""coordinates"":[]}"
00000000000000001383,2.85,671.0,651.0,215.0,36.0,1950.0,440.0,2425.0,"{""type"":""MultiPoint"",""coordinates"":[]}"
000000000000000015e3,1.29,671.0,177.0,108.0,36.0,2458.0,183.0,3067.0,"{""type"":""MultiPoint"",""coordinates"":[]}"
0000000000000000132c,1.96,735.0,267.0,185.0,36.0,2394.0,236.0,2338.0,"{""type"":""MultiPoint"",""coordinates"":[]}"
0000000000000000133a,2.39,735.0,294.0,240.0,36.0,2318.0,327.0,2352.0,"{""type"":""MultiPoint"",""coordinates"":[]}"
000000000000000015ac,2.88,735.0,261.0,554.0,36.0,2092.0,564.0,3012.0,"{""type"":""MultiPoint"",""coordinates"":[]}"
00000000000000001264,0.52,767.0,6.0,-28.0,36.0,2539.0,41.0,2138.0,"{""type"":""MultiPoint"",""coordinates"":[]}"
00000000000000001232,1.79,831.0,154.0,17.0,36.0,2443.0,82.0,2088.0,"{""type"":""MultiPoint"",""coordinates"":[]}"
000000000000000012f2,0.36,831.0,62.0,15.0,36.0,2482.0,1.0,2280.0,"{""type"":""MultiPoint"",""coordinates"":[]}"
00000000000000001203,2.81,863.0,149.0,171.0,36.0,2382.0,256.0,2041.0,"{""type"":""MultiPoint"",""coordinates"":[]}"
0000000000000000122b,0.17,959.0,19.0,49.0,36.0,2557.0,71.0,2081.0,"{""type"":""MultiPoint"",""coordinates"":[]}"
000000000000000004b6,2.04,116.0,19.0,105.0,38.0,2928.0,157.0,6711.0,"{""type"":""MultiPoint"",""coordinates"":[]}"
000000000000000004ba,1.98,116.0,-27.0,93.0,38.0,3086.0,130.0,6715.0,"{""type"":""MultiPoint"",""coordinates"":[]}"
000000000000000004ff,1.31,116.0,88.0,47.0,38.0,3039.0,75.0,6784.0,"{""type"":""MultiPoint"",""coordinates"":[]}"
00000000000000000502,1.19,116.0,181.0,64.0,38.0,2704.0,83.0,6787.0,"{""type"":""MultiPoint"",""coordinates"":[]}"
00000000000000000503,1.97,116.0,97.0,84.0,38.0,2771.0,126.0,6788.0,"{""type"":""MultiPoint"",""coordinates"":[]}"
000000000000000004b3,2.02,120.0,-91.0,50.0,38.0,3190.0,98.0,6708.0,"{""type"":""MultiPoint"",""coordinates"":[]}"
000000000000000004c1,1.96,120.0,-13.0,21.0,38.0,3013.0,77.0,6722.0,"{""type"":""MultiPoint"",""coordinates"":[]}"
000000000000000004f5,0.67,120.0,72.0,-2.0,38.0,2897.0,14.0,6774.0,"{""type"":""MultiPoint"",""coordinates"":[]}"
000000000000000004fd,1.95,120.0,47.0,0.0,38.0,3060.0,59.0,6782.0,"{""type"":""MultiPoint"",""coordinates"":[]}"
000000000000000004f0,0.62,124.0,17.0,18.0,38.0,3103.0,35.0,6769.0,"{""type"":""MultiPoint"",""coordinates"":[]}"
000000000000000004f4,1.5,124.0,61.0,137.0,38.0,3005.0,188.0,6773.0,"{""type"":""MultiPoint"",""coordinates"":[]}"
000000000000000004d7,0.27,136.0,172.0,97.0,38.0,2976.0,24.0,6744.0,"{""type"":""MultiPoint"",""coordinates"":[]}"
0000000000000000050e,0.84,136.0,243.0,63.0,38.0,2943.0,76.0,6799.0,"{""type"":""MultiPoint"",""coordinates"":[]}"
00000000000000000510,0.24,136.0,129.0,61.0,38.0,3027.0,44.0,6801.0,"{""type"":""MultiPoint"",""coordinates"":[]}"
00000000000000000511,1.3,136.0,300.0,155.0,38.0,2868.0,171.0,6802.0,"{""type"":""MultiPoint"",""coordinates"":[]}"
00000000000000001833,1.39,480.0,43.0,128.0,38.0,2366.0,126.0,3659.0,"{""type"":""MultiPoint"",""coordinates"":[]}"
00000000000000001835,1.72,480.0,319.0,352.0,38.0,2301.0,361.0,3661.0,"{""type"":""MultiPoint"",""coordinates"":[]}"
00000000000000001842,1.17,480.0,67.0,103.0,38.0,2355.0,117.0,3674.0,"{""type"":""MultiPoint"",""coordinates"":[]}"
00000000000000001c76,1.71,480.0,23.0,27.0,38.0,2297.0,84.0,4750.0,"{""type"":""MultiPoint"",""coordinates"":[]}"
00000000000000001c98,2.17,480.0,22.0,62.0,38.0,2300.0,134.0,4784.0,"{""type"":""MultiPoint"",""coordinates"":[]}"
0000000000000000174e,2.63,496.0,421.0,385.0,38.0,2022.0,518.0,3430.0,"{""type"":""MultiPoint"",""coordinates"":[]}"
00000000000000001c79,1.92,496.0,85.0,123.0,38.0,2411.0,189.0,4753.0,"{""type"":""MultiPoint"",""coordinates"":[]}"
00000000000000001c91,1.69,496.0,202.0,68.0,38.0,2344.0,155.0,4777.0,"{""type"":""MultiPoint"",""coordinates"":[]}"
00000000000000001863,0.61,512.0,34.0,62.0,38.0,2376.0,34.0,3707.0,"{""type"":""MultiPoint"",""coordinates"":[]}"
0000000000000000175f,1.84,544.0,373.0,102.0,38.0,2243.0,226.0,3447.0,"{""type"":""MultiPoint"",""coordinates"":[]}"
0000000000000000176b,2.84,544.0,477.0,246.0,38.0,2085.0,404.0,3459.0,"{""type"":""MultiPoint"",""coordinates"":[]}"
0000000000000000180b,0.48,576.0,114.0,55.0,38.0,2482.0,60.0,3619.0,"{""type"":""MultiPoint"",""coordinates"":[]}"
00000000000000000490,2.57,640.0,305.0,154.0,38.0,2281.0,168.0,6673.0,"{""type"":""MultiPoint"",""coordinates"":[]}"
00000000000000001744,0.9,672.0,55.0,40.0,38.0,2343.0,28.0,3420.0,"{""type"":""MultiPoint"",""coordinates"":[]}"
00000000000000001746,1.48,672.0,65.0,92.0,38.0,2338.0,72.0,3422.0,"{""type"":""MultiPoint"",""coordinates"":[]}"
00000000000000001748,1.27,672.0,84.0,41.0,38.0,2353.0,38.0,3424.0,"{""type"":""MultiPoint"",""coordinates"":[]}"
00000000000000001876,2.12,768.0,368.0,285.0,38.0,2457.0,399.0,3726.0,"{""type"":""MultiPoint"",""coordinates"":[]}"
00000000000000001877,2.3,768.0,136.0,93.0,38.0,2817.0,152.0,3727.0,"{""type"":""MultiPoint"",""coordinates"":[]}"
00000000000000001847,2.54,513.0,87.0,291.0,38.0,2326.0,319.0,3679.0,"{""type"":""MultiPoint"",""coordinates"":[]}"
00000000000000001768,2.62,545.0,660.0,228.0,38.0,1948.0,397.0,3456.0,"{""type"":""MultiPoint"",""coordinates"":[]}"
000000000000000017b3,2.54,545.0,335.0,338.0,38.0,2125.0,445.0,3531.0,"{""type"":""MultiPoint"",""coordinates"":[]}"
000000000000000017f3,1.64,577.0,103.0,126.0,38.0,2341.0,104.0,3595.0,"{""type"":""MultiPoint"",""coordinates"":[]}"
00000000000000001810,1.38,577.0,44.0,44.0,38.0,2351.0,27.0,3624.0,"{""type"":""MultiPoint"",""coordinates"":[]}"
0000000000000000173d,1.63,673.0,71.0,186.0,38.0,2441.0,141.0,3413.0,"{""type"":""MultiPoint"",""coordinates"":[]}"
00000000000000001742,0.38,673.0,70.0,42.0,38.0,2351.0,33.0,3418.0,"{""type"":""MultiPoint"",""coordinates"":[]}"
0000000000000000186e,2.16,769.0,171.0,183.0,38.0,2677.0,263.0,3718.0,"{""type"":""MultiPoint"",""coordinates"":[]}"
00000000000000001887,1.5,769.0,44.0,49.0,38.0,2655.0,107.0,3743.0,"{""type"":""MultiPoint"",""coordinates"":[]}"
00000000000000001756,2.73,481.0,539.0,450.0,38.0,1832.0,611.0,3438.0,"{""type"":""MultiPoint"",""coordinates"":[]}"
0000000000000000176f,2.86,481.0,556.0,341.0,38.0,1941.0,470.0,3463.0,"{""type"":""MultiPoint"",""coordinates"":[]}"
00000000000000001c7e,2.1,481.0,3.0,39.0,38.0,2340.0,107.0,4758.0,"{""type"":""MultiPoint"",""coordinates"":[]}"
00000000000000001c8a,0.72,481.0,27.0,15.0,38.0,2327.0,100.0,4770.0,"{""type"":""MultiPoint"",""coordinates"":[]}"
0000000000000000174d,2.78,497.0,381.0,360.0,38.0,2057.0,488.0,3429.0,"{""type"":""MultiPoint"",""coordinates"":[]}"
00000000000000001c92,2.39,497.0,153.0,236.0,38.0,2355.0,258.0,4778.0,"{""type"":""MultiPoint"",""coordinates"":[]}"
0000000000000000175d,1.75,514.0,78.0,186.0,38.0,2323.0,157.0,3445.0,"{""type"":""MultiPoint"",""coordinates"":[]}"
0000000000000000185f,1.2,514.0,31.0,124.0,38.0,2332.0,132.0,3703.0,"{""type"":""MultiPoint"",""coordinates"":[]}"
00000000000000001780,0.33,546.0,83.0,41.0,38.0,2428.0,27.0,3480.0,"{""type"":""MultiPoint"",""coordinates"":[]}"
000000000000000017b0,2.07,578.0,-8.0,101.0,38.0,2324.0,117.0,3528.0,"{""type"":""MultiPoint"",""coordinates"":[]}"
0000000000000000180a,0.49,578.0,224.0,52.0,38.0,2451.0,68.0,3618.0,"{""type"":""MultiPoint"",""coordinates"":[]}"
0000000000000000180f,1.4,578.0,23.0,51.0,38.0,2315.0,27.0,3623.0,"{""type"":""MultiPoint"",""coordinates"":[]}"
00000000000000001cda,0.97,642.0,22.0,13.0,38.0,2463.0,10.0,4850.0,"{""type"":""MultiPoint"",""coordinates"":[]}"
000000000000000004a5,2.08,674.0,500.0,154.0,38.0,2168.0,311.0,6694.0,"{""type"":""MultiPoint"",""coordinates"":[]}"
00000000000000001739,2.94,674.0,543.0,440.0,38.0,2093.0,500.0,3409.0,"{""type"":""MultiPoint"",""coordinates"":[]}"
0000000000000000174a,0.93,674.0,73.0,53.0,38.0,2386.0,44.0,3426.0,"{""type"":""MultiPoint"",""coordinates"":[]}"
00000000000000001875,1.8,770.0,309.0,209.0,38.0,2426.0,347.0,3725.0,"{""type"":""MultiPoint"",""coordinates"":[]}"
00000000000000001879,1.13,770.0,307.0,248.0,38.0,2501.0,355.0,3729.0,"{""type"":""MultiPoint"",""coordinates"":[]}"
0000000000000000185e,1.39,515.0,-5.0,153.0,38.0,2364.0,129.0,3702.0,"{""type"":""MultiPoint"",""coordinates"":[]}"
00000000000000001762,1.78,547.0,447.0,97.0,38.0,2261.0,214.0,3450.0,"{""type"":""MultiPoint"",""coordinates"":[]}"
000000000000000017b5,2.99,547.0,542.0,507.0,38.0,1793.0,629.0,3533.0,"{""type"":""MultiPoint"",""coordinates"":[]}"
0000000000000000184d,2.88,547.0,168.0,189.0,38.0,2265.0,234.0,3685.0,"{""type"":""MultiPoint"",""coordinates"":[]}"
0000000000000000178d,1.61,579.0,255.0,235.0,38.0,2406.0,428.0,3493.0,"{""type"":""MultiPoint"",""coordinates"":[]}"
0000000000000000180d,0.57,579.0,48.0,35.0,38.0,2287.0,-2.0,3621.0,"{""type"":""MultiPoint"",""coordinates"":[]}"
00000000000000001866,1.4,579.0,33.0,71.0,38.0,2277.0,27.0,3710.0,"{""type"":""MultiPoint"",""coordinates"":[]}"
00000000000000001ce9,1.46,643.0,20.0,54.0,38.0,2362.0,24.0,4865.0,"{""type"":""MultiPoint"",""coordinates"":[]}"
00000000000000001747,1.23,675.0,49.0,32.0,38.0,2355.0,20.0,3423.0,"{""type"":""MultiPoint"",""coordinates"":[]}"
00000000000000001749,0.46,675.0,43.0,27.0,38.0,2358.0,20.0,3425.0,"{""type"":""MultiPoint"",""coordinates"":[]}"
000000000000000004ef,1.37,129.0,53.0,52.0,38.0,2858.0,103.0,6768.0,"{""type"":""MultiPoint"",""coordinates"":[]}"
000000000000000004ea,1.95,137.0,61.0,74.0,38.0,2974.0,110.0,6763.0,"{""type"":""MultiPoint"",""coordinates"":[]}"
0000000000000000050f,1.65,137.0,120.0,141.0,38.0,2973.0,102.0,6800.0,"{""type"":""MultiPoint"",""coordinates"":[]}"
000000000000000004ce,1.49,145.0,158.0,110.0,38.0,2854.0,166.0,6735.0,"{""type"":""MultiPoint"",""coordinates"":[]}"
000000000000000004cf,1.45,145.0,161.0,113.0,38.0,2714.0,193.0,6736.0,"{""type"":""MultiPoint"",""coordinates"":[]}"
000000000000000004d2,1.57,145.0,155.0,114.0,38.0,2811.0,176.0,6739.0,"{""type"":""MultiPoint"",""coordinates"":[]}"
00000000000000001785,1.13,466.0,41.0,33.0,38.0,2340.0,32.0,3485.0,"{""type"":""MultiPoint"",""coordinates"":[]}"
00000000000000001843,1.35,482.0,66.0,52.0,38.0,2374.0,60.0,3675.0,"{""type"":""MultiPoint"",""coordinates"":[]}"
00000000000000001c81,1.51,482.0,56.0,55.0,38.0,2360.0,107.0,4761.0,"{""type"":""MultiPoint"",""coordinates"":[]}"
00000000000000001752,2.7,516.0,427.0,478.0,38.0,1912.0,578.0,3434.0,"{""type"":""MultiPoint"",""coordinates"":[]}"
0000000000000000048e,1.52,548.0,193.0,110.0,38.0,2367.0,122.0,6671.0,"{""type"":""MultiPoint"",""coordinates"":[]}"
00000000000000001794,1.25,548.0,104.0,116.0,38.0,2363.0,125.0,3500.0,"{""type"":""MultiPoint"",""coordinates"":[]}"
0000000000000000178b,1.19,580.0,66.0,78.0,38.0,2384.0,106.0,3491.0,"{""type"":""MultiPoint"",""coordinates"":[]}"
00000000000000001795,1.19,580.0,9.0,132.0,38.0,2351.0,141.0,3501.0,"{""type"":""MultiPoint"",""coordinates"":[]}"
000000000000000017e9,1.79,580.0,363.0,183.0,38.0,2302.0,290.0,3585.0,"{""type"":""MultiPoint"",""coordinates"":[]}"
0000000000000000180e,0.91,580.0,17.0,46.0,38.0,2273.0,22.0,3622.0,"{""type"":""MultiPoint"",""coordinates"":[]}"
000000000000000017ef,2.76,612.0,19.0,445.0,38.0,2288.0,397.0,3591.0,"{""type"":""MultiPoint"",""coordinates"":[]}"
00000000000000001ce5,2.68,644.0,-67.0,323.0,38.0,2498.0,228.0,4861.0,"{""type"":""MultiPoint"",""coordinates"":[]}"
00000000000000001743,0.89,676.0,41.0,81.0,38.0,2352.0,51.0,3419.0,"{""type"":""MultiPoint"",""coordinates"":[]}"
000000000000000004a6,1.32,708.0,24.0,48.0,38.0,2419.0,73.0,6695.0,"{""type"":""MultiPoint"",""coordinates"":[]}"
000000000000000004a7,2.61,708.0,230.0,161.0,38.0,2236.0,248.0,6696.0,"{""type"":""MultiPoint"",""coordinates"":[]}"
0000000000000000175b,1.49,517.0,35.0,164.0,38.0,2366.0,139.0,3443.0,"{""type"":""MultiPoint"",""coordinates"":[]}"
00000000000000001864,0.63,517.0,16.0,100.0,38.0,2369.0,37.0,3708.0,"{""type"":""MultiPoint"",""coordinates"":[]}"
00000000000000001816,2.88,549.0,573.0,385.0,38.0,1863.0,541.0,3630.0,"{""type"":""MultiPoint"",""coordinates"":[]}"
00000000000000001821,1.79,549.0,254.0,99.0,38.0,2311.0,129.0,3641.0,"{""type"":""MultiPoint"",""coordinates"":[]}"
00000000000000001859,1.1,549.0,19.0,80.0,38.0,2371.0,47.0,3697.0,"{""type"":""MultiPoint"",""coordinates"":[]}"
0000000000000000178c,1.43,581.0,229.0,278.0,38.0,2409.0,459.0,3492.0,"{""type"":""MultiPoint"",""coordinates"":[]}"
000000000000000017e7,1.17,581.0,111.0,66.0,38.0,2313.0,57.0,3583.0,"{""type"":""MultiPoint"",""coordinates"":[]}"
000000000000000018d1,1.95,581.0,19.0,309.0,38.0,2356.0,278.0,3817.0,"{""type"":""MultiPoint"",""coordinates"":[]}"
000000000000000018d2,1.64,581.0,-29.0,162.0,38.0,2342.0,160.0,3818.0,"{""type"":""MultiPoint"",""coordinates"":[]}"
000000000000000017eb,2.71,613.0,-68.0,440.0,38.0,2390.0,348.0,3587.0,"{""type"":""MultiPoint"",""coordinates"":[]}"
000000000000000017f0,2.7,613.0,-16.0,439.0,38.0,2422.0,332.0,3592.0,"{""type"":""MultiPoint"",""coordinates"":[]}"
0000000000000000048d,2.72,677.0,292.0,103.0,38.0,2243.0,180.0,6670.0,"{""type"":""MultiPoint"",""coordinates"":[]}"
0000000000000000049b,2.57,677.0,265.0,157.0,38.0,2321.0,240.0,6684.0,"{""type"":""MultiPoint"",""coordinates"":[]}"
00000000000000001745,1.14,677.0,65.0,44.0,38.0,2347.0,27.0,3421.0,"{""type"":""MultiPoint"",""coordinates"":[]}"
00000000000000001770,1.98,483.0,237.0,364.0,38.0,2246.0,395.0,3464.0,"{""type"":""MultiPoint"",""coordinates"":[]}"
00000000000000001c84,2.04,483.0,69.0,81.0,38.0,2322.0,147.0,4764.0,"{""type"":""MultiPoint"",""coordinates"":[]}"
00000000000000001c87,1.86,483.0,62.0,140.0,38.0,2377.0,166.0,4767.0,"{""type"":""MultiPoint"",""coordinates"":[]}"
00000000000000001c97,1.34,483.0,23.0,64.0,38.0,2354.0,113.0,4783.0,"{""type"":""MultiPoint"",""coordinates"":[]}"
00000000000000001c99,2.06,483.0,84.0,83.0,38.0,2454.0,104.0,4785.0,"{""type"":""MultiPoint"",""coordinates"":[]}"
00000000000000001ccd,1.8,483.0,67.0,80.0,38.0,2332.0,72.0,4837.0,"{""type"":""MultiPoint"",""coordinates"":[]}"
00000000000000001845,2.77,518.0,86.0,331.0,38.0,2340.0,336.0,3677.0,"{""type"":""MultiPoint"",""coordinates"":[]}"
00000000000000001796,1.07,550.0,5.0,88.0,38.0,2361.0,76.0,3502.0,"{""type"":""MultiPoint"",""coordinates"":[]}"
000000000000000017ab,0.43,582.0,31.0,62.0,38.0,2366.0,93.0,3523.0,"{""type"":""MultiPoint"",""coordinates"":[]}"
000000000000000017ac,1.43,582.0,0.0,204.0,38.0,2558.0,202.0,3524.0,"{""type"":""MultiPoint"",""coordinates"":[]}"
000000000000000018cd,1.68,582.0,30.0,308.0,38.0,2400.0,255.0,3813.0,"{""type"":""MultiPoint"",""coordinates"":[]}"
000000000000000018ce,1.64,582.0,-19.0,208.0,38.0,2369.0,188.0,3814.0,"{""type"":""MultiPoint"",""coordinates"":[]}"
000000000000000018cf,1.62,582.0,-37.0,269.0,38.0,2481.0,248.0,3815.0,"{""type"":""MultiPoint"",""coordinates"":[]}"
00000000000000001ce2,2.2,646.0,-106.0,283.0,38.0,2554.0,194.0,4858.0,"{""type"":""MultiPoint"",""coordinates"":[]}"
00000000000000001741,1.12,678.0,141.0,135.0,38.0,2334.0,108.0,3417.0,"{""type"":""MultiPoint"",""coordinates"":[]}"
00000000000000001786,1.07,519.0,62.0,77.0,38.0,2336.0,64.0,3486.0,"{""type"":""MultiPoint"",""coordinates"":[]}"
00000000000000001cb6,1.36,519.0,76.0,7.0,38.0,2324.0,49.0,4814.0,"{""type"":""MultiPoint"",""coordinates"":[]}"
000000000000000017a0,0.93,551.0,79.0,71.0,38.0,2308.0,105.0,3512.0,"{""type"":""MultiPoint"",""coordinates"":[]}"
0000000000000000181a,2.42,551.0,128.0,308.0,38.0,2245.0,343.0,3634.0,"{""type"":""MultiPoint"",""coordinates"":[]}"
0000000000000000181b,2.6,551.0,220.0,201.0,38.0,2289.0,243.0,3635.0,"{""type"":""MultiPoint"",""coordinates"":[]}"
0000000000000000049f,0.07,583.0,165.0,96.0,38.0,2258.0,124.0,6688.0,"{""type"":""MultiPoint"",""coordinates"":[]}"
0000000000000000179a,1.31,583.0,202.0,169.0,38.0,2504.0,278.0,3506.0,"{""type"":""MultiPoint"",""coordinates"":[]}"
0000000000000000189d,1.79,583.0,156.0,199.0,38.0,2439.0,210.0,3765.0,"{""type"":""MultiPoint"",""coordinates"":[]}"
000000000000000018be,1.2,583.0,207.0,101.0,38.0,2667.0,86.0,3798.0,"{""type"":""MultiPoint"",""coordinates"":[]}"
000000000000000018cc,2.41,583.0,36.0,390.0,38.0,2542.0,340.0,3812.0,"{""type"":""MultiPoint"",""coordinates"":[]}"
000000000000000018d7,1.61,583.0,191.0,174.0,38.0,2467.0,174.0,3823.0,"{""type"":""MultiPoint"",""coordinates"":[]}"
000000000000000017e0,2.91,615.0,-86.0,376.0,38.0,2437.0,290.0,3576.0,"{""type"":""MultiPoint"",""coordinates"":[]}"
00000000000000001805,2.24,615.0,40.0,186.0,38.0,2322.0,118.0,3613.0,"{""type"":""MultiPoint"",""coordinates"":[]}"
00000000000000001cdd,2.64,647.0,-83.0,371.0,38.0,2524.0,282.0,4853.0,"{""type"":""MultiPoint"",""coordinates"":[]}"
00000000000000001ce1,1.9,647.0,-38.0,270.0,38.0,2451.0,194.0,4857.0,"{""type"":""MultiPoint"",""coordinates"":[]}"
000000000000000004b9,1.26,113.0,-16.0,66.0,38.0,3051.0,99.0,6714.0,"{""type"":""MultiPoint"",""coordinates"":[]}"
000000000000000004e9,0.99,113.0,87.0,10.0,38.0,2796.0,33.0,6762.0,"{""type"":""MultiPoint"",""coordinates"":[]}"
00000000000000000505,1.88,113.0,100.0,120.0,38.0,2736.0,166.0,6790.0,"{""type"":""MultiPoint"",""coordinates"":[]}"
000000000000000004bd,1.7,117.0,50.0,131.0,38.0,2822.0,182.0,6718.0,"{""type"":""MultiPoint"",""coordinates"":[]}"
000000000000000004ec,1.06,117.0,66.0,74.0,38.0,3074.0,86.0,6765.0,"{""type"":""MultiPoint"",""coordinates"":[]}"
000000000000000004f8,1.91,117.0,53.0,85.0,38.0,3089.0,130.0,6777.0,"{""type"":""MultiPoint"",""coordinates"":[]}"
000000000000000004b4,1.65,121.0,-55.0,45.0,38.0,3058.0,94.0,6709.0,"{""type"":""MultiPoint"",""coordinates"":[]}"
000000000000000004f6,0.53,121.0,77.0,84.0,38.0,3002.0,81.0,6775.0,"{""type"":""MultiPoint"",""coordinates"":[]}"
000000000000000004ee,2.01,125.0,109.0,72.0,38.0,2838.0,121.0,6767.0,"{""type"":""MultiPoint"",""coordinates"":[]}"
000000000000000004fc,1.88,125.0,139.0,62.0,38.0,2819.0,120.0,6781.0,"{""type"":""MultiPoint"",""coordinates"":[]}"
000000000000000004dd,2.12,138.0,453.0,381.0,38.0,2477.0,313.0,6750.0,"{""type"":""MultiPoint"",""coordinates"":[]}"
000000000000000004c9,1.2,146.0,214.0,115.0,38.0,2783.0,183.0,6730.0,"{""type"":""MultiPoint"",""coordinates"":[]}"
000000000000000004ca,1.61,146.0,182.0,113.0,38.0,2736.0,183.0,6731.0,"{""type"":""MultiPoint"",""coordinates"":[]}"
000000000000000004d1,1.72,146.0,146.0,114.0,38.0,2858.0,144.0,6738.0,"{""type"":""MultiPoint"",""coordinates"":[]}"
0000000000000000182a,1.37,484.0,45.0,71.0,38.0,2362.0,77.0,3650.0,"{""type"":""MultiPoint"",""coordinates"":[]}"
00000000000000001831,1.65,484.0,53.0,126.0,38.0,2309.0,120.0,3657.0,"{""type"":""MultiPoint"",""coordinates"":[]}"
00000000000000001c7a,2.25,484.0,153.0,146.0,38.0,2391.0,207.0,4754.0,"{""type"":""MultiPoint"",""coordinates"":[]}"
00000000000000001c96,0.76,484.0,28.0,131.0,38.0,2405.0,148.0,4782.0,"{""type"":""MultiPoint"",""coordinates"":[]}"
0000000000000000174f,2.85,500.0,517.0,440.0,38.0,1839.0,567.0,3431.0,"{""type"":""MultiPoint"",""coordinates"":[]}"
00000000000000001751,2.71,500.0,427.0,421.0,38.0,1994.0,511.0,3433.0,"{""type"":""MultiPoint"",""coordinates"":[]}"
0000000000000000175c,1.3,520.0,36.0,129.0,38.0,2344.0,92.0,3444.0,"{""type"":""MultiPoint"",""coordinates"":[]}"
00000000000000001ca8,2.28,520.0,172.0,120.0,38.0,2288.0,159.0,4800.0,"{""type"":""MultiPoint"",""coordinates"":[]}"
00000000000000001cb2,0.99,520.0,-10.0,134.0,38.0,2362.0,169.0,4810.0,"{""type"":""MultiPoint"",""coordinates"":[]}"
00000000000000001cb8,0.55,520.0,-5.0,12.0,38.0,2325.0,66.0,4816.0,"{""type"":""MultiPoint"",""coordinates"":[]}"
00000000000000001cb9,0.7,520.0,124.0,57.0,38.0,2300.0,131.0,4817.0,"{""type"":""MultiPoint"",""coordinates"":[]}"
00000000000000001846,2.46,552.0,163.0,200.0,38.0,2273.0,246.0,3678.0,"{""type"":""MultiPoint"",""coordinates"":[]}"
00000000000000001861,0.03,552.0,58.0,-4.0,38.0,2325.0,-22.0,3705.0,"{""type"":""MultiPoint"",""coordinates"":[]}"
000000000000000017e8,1.75,584.0,59.0,113.0,38.0,2367.0,89.0,3584.0,"{""type"":""MultiPoint"",""coordinates"":[]}"
000000000000000017fc,1.04,584.0,26.0,56.0,38.0,2320.0,47.0,3604.0,"{""type"":""MultiPoint"",""coordinates"":[]}"
00000000000000001898,2.07,584.0,4.0,229.0,38.0,2465.0,172.0,3760.0,"{""type"":""MultiPoint"",""coordinates"":[]}"
000000000000000018c4,1.39,584.0,127.0,171.0,38.0,2448.0,144.0,3804.0,"{""type"":""MultiPoint"",""coordinates"":[]}"
000000000000000018c5,2.23,584.0,-81.0,292.0,38.0,2527.0,229.0,3805.0,"{""type"":""MultiPoint"",""coordinates"":[]}"
000000000000000018ca,2.17,584.0,37.0,327.0,38.0,2614.0,275.0,3810.0,"{""type"":""MultiPoint"",""coordinates"":[]}"
000000000000000017de,2.78,616.0,-52.0,370.0,38.0,2386.0,287.0,3574.0,"{""type"":""MultiPoint"",""coordinates"":[]}"
00000000000000001802,2.09,616.0,47.0,190.0,38.0,2379.0,117.0,3610.0,"{""type"":""MultiPoint"",""coordinates"":[]}"
00000000000000001cd4,2.24,648.0,-88.0,379.0,38.0,2602.0,265.0,4844.0,"{""type"":""MultiPoint"",""coordinates"":[]}"
00000000000000001cd8,2.08,648.0,45.0,405.0,38.0,2567.0,328.0,4848.0,"{""type"":""MultiPoint"",""coordinates"":[]}"
00000000000000001ce4,1.4,680.0,150.0,44.0,38.0,2417.0,41.0,4860.0,"{""type"":""MultiPoint"",""coordinates"":[]}"
00000000000000001753,2.53,521.0,370.0,485.0,38.0,2012.0,544.0,3435.0,"{""type"":""MultiPoint"",""coordinates"":[]}"
00000000000000001754,2.77,521.0,425.0,432.0,38.0,1948.0,537.0,3436.0,"{""type"":""MultiPoint"",""coordinates"":[]}"
00000000000000001773,2.47,521.0,196.0,390.0,38.0,2254.0,407.0,3467.0,"{""type"":""MultiPoint"",""coordinates"":[]}"
00000000000000001cb1,1.1,521.0,127.0,82.0,38.0,2306.0,107.0,4809.0,"{""type"":""MultiPoint"",""coordinates"":[]}"
00000000000000001cb7,1.28,521.0,122.0,24.0,38.0,2288.0,104.0,4815.0,"{""type"":""MultiPoint"",""coordinates"":[]}"
00000000000000001cc1,0.35,521.0,28.0,11.0,38.0,2316.0,28.0,4825.0,"{""type"":""MultiPoint"",""coordinates"":[]}"
0000000000000000178f,2.09,553.0,90.0,113.0,38.0,2414.0,112.0,3495.0,"{""type"":""MultiPoint"",""coordinates"":[]}"
0000000000000000184a,1.87,553.0,31.0,80.0,38.0,2286.0,74.0,3682.0,"{""type"":""MultiPoint"",""coordinates"":[]}"
000000000000000018c2,1.84,585.0,252.0,269.0,38.0,2435.0,258.0,3802.0,"{""type"":""MultiPoint"",""coordinates"":[]}"
000000000000000018c7,1.41,585.0,15.0,86.0,38.0,2470.0,94.0,3807.0,"{""type"":""MultiPoint"",""coordinates"":[]}"
000000000000000018c9,1.98,585.0,-9.0,272.0,38.0,2419.0,240.0,3809.0,"{""type"":""MultiPoint"",""coordinates"":[]}"
000000000000000018cb,1.04,585.0,46.0,5.0,38.0,2417.0,25.0,3811.0,"{""type"":""MultiPoint"",""coordinates"":[]}"
000000000000000018d5,2.2,585.0,16.0,108.0,38.0,2367.0,104.0,3821.0,"{""type"":""MultiPoint"",""coordinates"":[]}"
000000000000000017dd,2.73,617.0,-32.0,219.0,38.0,2366.0,163.0,3573.0,"{""type"":""MultiPoint"",""coordinates"":[]}"
000000000000000017e1,2.53,617.0,-57.0,339.0,38.0,2406.0,266.0,3577.0,"{""type"":""MultiPoint"",""coordinates"":[]}"
00000000000000001804,2.11,617.0,-17.0,217.0,38.0,2401.0,147.0,3612.0,"{""type"":""MultiPoint"",""coordinates"":[]}"
00000000000000000488,1.4,681.0,233.0,70.0,38.0,2449.0,150.0,6665.0,"{""type"":""MultiPoint"",""coordinates"":[]}"
00000000000000001c8b,1.15,485.0,34.0,-3.0,38.0,2362.0,60.0,4771.0,"{""type"":""MultiPoint"",""coordinates"":[]}"
00000000000000001c8f,1.19,485.0,72.0,46.0,38.0,2389.0,100.0,4775.0,"{""type"":""MultiPoint"",""coordinates"":[]}"
00000000000000001c95,1.87,485.0,81.0,162.0,38.0,2375.0,200.0,4781.0,"{""type"":""MultiPoint"",""coordinates"":[]}"
0000000000000000175a,2.25,501.0,574.0,408.0,38.0,1974.0,509.0,3442.0,"{""type"":""MultiPoint"",""coordinates"":[]}"
0000000000000000184f,1.97,501.0,77.0,116.0,38.0,2303.0,58.0,3687.0,"{""type"":""MultiPoint"",""coordinates"":[]}"
00000000000000001787,0.19,522.0,50.0,33.0,38.0,2391.0,26.0,3487.0,"{""type"":""MultiPoint"",""coordinates"":[]}"
00000000000000001ca7,0.71,522.0,78.0,1.0,38.0,2344.0,50.0,4799.0,"{""type"":""MultiPoint"",""coordinates"":[]}"
00000000000000001cc2,1.02,522.0,73.0,47.0,38.0,2392.0,69.0,4826.0,"{""type"":""MultiPoint"",""coordinates"":[]}"
00000000000000001cc3,1.0,522.0,59.0,65.0,38.0,2351.0,76.0,4827.0,"{""type"":""MultiPoint"",""coordinates"":[]}"
00000000000000001791,1.62,554.0,107.0,86.0,38.0,2293.0,98.0,3497.0,"{""type"":""MultiPoint"",""coordinates"":[]}"
00000000000000001792,1.7,554.0,83.0,71.0,38.0,2309.0,110.0,3498.0,"{""type"":""MultiPoint"",""coordinates"":[]}"
0000000000000000179c,2.54,586.0,484.0,84.0,38.0,2249.0,131.0,3508.0,"{""type"":""MultiPoint"",""coordinates"":[]}"
000000000000000017f5,2.11,586.0,18.0,63.0,38.0,2320.0,42.0,3597.0,"{""type"":""MultiPoint"",""coordinates"":[]}"
0000000000000000049c,2.34,618.0,437.0,198.0,38.0,2026.0,302.0,6685.0,"{""type"":""MultiPoint"",""coordinates"":[]}"
000000000000000017df,2.57,618.0,-50.0,176.0,38.0,2374.0,122.0,3575.0,"{""type"":""MultiPoint"",""coordinates"":[]}"
000000000000000017e2,2.53,618.0,-34.0,238.0,38.0,2379.0,194.0,3578.0,"{""type"":""MultiPoint"",""coordinates"":[]}"
00000000000000001cec,0.98,650.0,4.0,22.0,38.0,2387.0,3.0,4868.0,"{""type"":""MultiPoint"",""coordinates"":[]}"
00000000000000001852,1.1,523.0,-15.0,61.0,38.0,2339.0,32.0,3690.0,"{""type"":""MultiPoint"",""coordinates"":[]}"
00000000000000001cc4,0.99,523.0,170.0,68.0,38.0,2317.0,113.0,4828.0,"{""type"":""MultiPoint"",""coordinates"":[]}"
00000000000000001cc5,1.84,523.0,59.0,41.0,38.0,2421.0,72.0,4829.0,"{""type"":""MultiPoint"",""coordinates"":[]}"
00000000000000001793,0.65,555.0,45.0,48.0,38.0,2405.0,70.0,3499.0,"{""type"":""MultiPoint"",""coordinates"":[]}"
00000000000000001896,2.49,587.0,-28.0,452.0,38.0,2492.0,382.0,3758.0,"{""type"":""MultiPoint"",""coordinates"":[]}"
00000000000000001899,2.3,587.0,-44.0,428.0,38.0,2507.0,349.0,3761.0,"{""type"":""MultiPoint"",""coordinates"":[]}"
0000000000000000189b,2.22,587.0,-45.0,313.0,38.0,2454.0,249.0,3763.0,"{""type"":""MultiPoint"",""coordinates"":[]}"
0000000000000000189c,1.78,587.0,12.0,219.0,38.0,2415.0,187.0,3764.0,"{""type"":""MultiPoint"",""coordinates"":[]}"
000000000000000017be,2.4,619.0,-21.0,115.0,38.0,2348.0,78.0,3542.0,"{""type"":""MultiPoint"",""coordinates"":[]}"
0000000000000000048f,0.74,651.0,39.0,1.0,38.0,2585.0,10.0,6672.0,"{""type"":""MultiPoint"",""coordinates"":[]}"
000000000000000004d9,2.62,139.0,564.0,275.0,38.0,2449.0,304.0,6746.0,"{""type"":""MultiPoint"",""coordinates"":[]}"
000000000000000004e0,1.36,139.0,231.0,286.0,38.0,2750.0,265.0,6753.0,"{""type"":""MultiPoint"",""coordinates"":[]}"
000000000000000004e3,2.61,139.0,419.0,254.0,38.0,2518.0,267.0,6756.0,"{""type"":""MultiPoint"",""coordinates"":[]}"
00000000000000000516,2.25,139.0,232.0,128.0,38.0,2876.0,127.0,6807.0,"{""type"":""MultiPoint"",""coordinates"":[]}"
000000000000000004cb,0.47,147.0,116.0,41.0,38.0,2870.0,54.0,6732.0,"{""type"":""MultiPoint"",""coordinates"":[]}"
000000000000000004cd,1.61,147.0,108.0,78.0,38.0,2877.0,90.0,6734.0,"{""type"":""MultiPoint"",""coordinates"":[]}"
000000000000000004d0,1.31,147.0,133.0,99.0,38.0,2856.0,152.0,6737.0,"{""type"":""MultiPoint"",""coordinates"":[]}"
00000000000000001828,0.82,486.0,50.0,22.0,38.0,2335.0,27.0,3648.0,"{""type"":""MultiPoint"",""coordinates"":[]}"
00000000000000001763,1.21,502.0,-10.0,99.0,38.0,2347.0,85.0,3451.0,"{""type"":""MultiPoint"",""coordinates"":[]}"
00000000000000001774,2.42,524.0,69.0,427.0,38.0,2344.0,399.0,3468.0,"{""type"":""MultiPoint"",""coordinates"":[]}"
000000000000000017ec,2.32,588.0,505.0,301.0,38.0,2264.0,411.0,3588.0,"{""type"":""MultiPoint"",""coordinates"":[]}"
000000000000000017fa,1.52,588.0,71.0,92.0,38.0,2371.0,81.0,3602.0,"{""type"":""MultiPoint"",""coordinates"":[]}"
00000000000000001897,1.91,588.0,-12.0,120.0,38.0,2404.0,105.0,3759.0,"{""type"":""MultiPoint"",""coordinates"":[]}"
000000000000000017cf,1.33,620.0,-41.0,154.0,38.0,2407.0,120.0,3559.0,"{""type"":""MultiPoint"",""coordinates"":[]}"
000000000000000017d2,1.32,620.0,-24.0,142.0,38.0,2378.0,126.0,3562.0,"{""type"":""MultiPoint"",""coordinates"":[]}"
000000000000000017d7,1.51,620.0,-33.0,152.0,38.0,2374.0,125.0,3567.0,"{""type"":""MultiPoint"",""coordinates"":[]}"
00000000000000001ce6,1.47,652.0,39.0,35.0,38.0,2403.0,10.0,4862.0,"{""type"":""MultiPoint"",""coordinates"":[]}"
0000000000000000179b,2.51,557.0,80.0,408.0,38.0,2252.0,412.0,3507.0,"{""type"":""MultiPoint"",""coordinates"":[]}"
000000000000000017ff,2.02,589.0,52.0,115.0,38.0,2331.0,91.0,3607.0,"{""type"":""MultiPoint"",""coordinates"":[]}"
00000000000000001895,2.18,589.0,-9.0,398.0,38.0,2402.0,332.0,3757.0,"{""type"":""MultiPoint"",""coordinates"":[]}"
000000000000000018d3,1.94,589.0,41.0,216.0,38.0,2451.0,187.0,3819.0,"{""type"":""MultiPoint"",""coordinates"":[]}"
000000000000000017c7,1.44,621.0,-24.0,137.0,38.0,2413.0,104.0,3551.0,"{""type"":""MultiPoint"",""coordinates"":[]}"
00000000000000001801,2.29,621.0,-28.0,227.0,38.0,2382.0,139.0,3609.0,"{""type"":""MultiPoint"",""coordinates"":[]}"
00000000000000001ccf,1.1,487.0,154.0,129.0,38.0,2441.0,162.0,4839.0,"{""type"":""MultiPoint"",""coordinates"":[]}"
00000000000000001750,2.74,503.0,522.0,438.0,38.0,1846.0,573.0,3432.0,"{""type"":""MultiPoint"",""coordinates"":[]}"
00000000000000001850,1.38,526.0,69.0,100.0,38.0,2387.0,75.0,3688.0,"{""type"":""MultiPoint"",""coordinates"":[]}"
00000000000000001851,1.18,526.0,38.0,66.0,38.0,2319.0,52.0,3689.0,"{""type"":""MultiPoint"",""coordinates"":[]}"
00000000000000001790,1.23,558.0,46.0,78.0,38.0,2342.0,83.0,3496.0,"{""type"":""MultiPoint"",""coordinates"":[]}"
000000000000000017bc,2.53,590.0,456.0,225.0,38.0,2128.0,286.0,3540.0,"{""type"":""MultiPoint"",""coordinates"":[]}"
000000000000000017bd,1.77,590.0,442.0,100.0,38.0,2214.0,161.0,3541.0,"{""type"":""MultiPoint"",""coordinates"":[]}"
000000000000000017f6,0.67,590.0,5.0,35.0,38.0,2339.0,12.0,3598.0,"{""type"":""MultiPoint"",""coordinates"":[]}"
00000000000000001894,1.77,590.0,61.0,211.0,38.0,2450.0,173.0,3756.0,"{""type"":""MultiPoint"",""coordinates"":[]}"
0000000000000000048c,2.93,622.0,466.0,354.0,38.0,1979.0,498.0,6669.0,"{""type"":""MultiPoint"",""coordinates"":[]}"
00000000000000000491,2.79,622.0,486.0,381.0,38.0,2058.0,531.0,6674.0,"{""type"":""MultiPoint"",""coordinates"":[]}"
00000000000000000499,2.26,622.0,294.0,203.0,38.0,2125.0,255.0,6682.0,"{""type"":""MultiPoint"",""coordinates"":[]}"
000000000000000017c5,1.72,622.0,-85.0,336.0,38.0,2423.0,260.0,3549.0,"{""type"":""MultiPoint"",""coordinates"":[]}"
000000000000000017c6,1.36,622.0,-40.0,145.0,38.0,2401.0,111.0,3550.0,"{""type"":""MultiPoint"",""coordinates"":[]}"
000000000000000017cb,1.64,622.0,-46.0,180.0,38.0,2409.0,143.0,3555.0,"{""type"":""MultiPoint"",""coordinates"":[]}"
000000000000000017ce,1.62,622.0,-15.0,112.0,38.0,2364.0,114.0,3558.0,"{""type"":""MultiPoint"",""coordinates"":[]}"
000000000000000017d3,2.02,622.0,-31.0,183.0,38.0,2404.0,150.0,3563.0,"{""type"":""MultiPoint"",""coordinates"":[]}"
00000000000000001803,2.46,622.0,-27.0,268.0,38.0,2398.0,182.0,3611.0,"{""type"":""MultiPoint"",""coordinates"":[]}"
00000000000000001cdb,1.77,654.0,22.0,166.0,38.0,2382.0,118.0,4851.0,"{""type"":""MultiPoint"",""coordinates"":[]}"
00000000000000000492,1.78,686.0,400.0,145.0,38.0,2191.0,243.0,6675.0,"{""type"":""MultiPoint"",""coordinates"":[]}"
00000000000000000494,2.47,686.0,562.0,175.0,38.0,2091.0,262.0,6677.0,"{""type"":""MultiPoint"",""coordinates"":[]}"
000000000000000018e3,1.63,591.0,125.0,147.0,38.0,2438.0,142.0,3835.0,"{""type"":""MultiPoint"",""coordinates"":[]}"
000000000000000018e5,2.57,591.0,49.0,463.0,38.0,2400.0,407.0,3837.0,"{""type"":""MultiPoint"",""coordinates"":[]}"
000000000000000018eb,1.32,591.0,25.0,107.0,38.0,2475.0,126.0,3843.0,"{""type"":""MultiPoint"",""coordinates"":[]}"
000000000000000017d1,1.33,623.0,0.0,129.0,38.0,2350.0,112.0,3561.0,"{""type"":""MultiPoint"",""coordinates"":[]}"
00000000000000001800,2.22,623.0,-11.0,191.0,38.0,2340.0,122.0,3608.0,"{""type"":""MultiPoint"",""coordinates"":[]}"
00000000000000001cea,1.92,655.0,-1.0,61.0,38.0,2386.0,25.0,4866.0,"{""type"":""MultiPoint"",""coordinates"":[]}"
00000000000000001ce3,0.26,687.0,21.0,10.0,38.0,2371.0,-1.0,4859.0,"{""type"":""MultiPoint"",""coordinates"":[]}"
000000000000000004bf,1.51,114.0,-28.0,40.0,38.0,2970.0,57.0,6720.0,"{""type"":""MultiPoint"",""coordinates"":[]}"
000000000000000004c0,0.89,118.0,-86.0,26.0,38.0,3019.0,39.0,6721.0,"{""type"":""MultiPoint"",""coordinates"":[]}"
000000000000000004ed,1.16,118.0,104.0,108.0,38.0,2823.0,140.0,6766.0,"{""type"":""MultiPoint"",""coordinates"":[]}"
000000000000000004fe,1.39,118.0,14.0,75.0,38.0,2902.0,90.0,6783.0,"{""type"":""MultiPoint"",""coordinates"":[]}"
000000000000000004b5,1.19,122.0,-67.0,-116.0,38.0,3077.0,-67.0,6710.0,"{""type"":""MultiPoint"",""coordinates"":[]}"
000000000000000004f3,1.82,122.0,60.0,4.0,38.0,3054.0,6.0,6772.0,"{""type"":""MultiPoint"",""coordinates"":[]}"
000000000000000004fb,0.8,132.0,8.0,-46.0,38.0,2921.0,-37.0,6780.0,"{""type"":""MultiPoint"",""coordinates"":[]}"
00000000000000000509,2.18,132.0,151.0,136.0,38.0,2819.0,107.0,6794.0,"{""type"":""MultiPoint"",""coordinates"":[]}"
00000000000000000512,0.57,132.0,94.0,68.0,38.0,2990.0,27.0,6803.0,"{""type"":""MultiPoint"",""coordinates"":[]}"
0000000000000000051b,1.94,132.0,135.0,119.0,38.0,2972.0,86.0,6812.0,"{""type"":""MultiPoint"",""coordinates"":[]}"
000000000000000004d5,1.04,140.0,68.0,149.0,38.0,3057.0,148.0,6742.0,"{""type"":""MultiPoint"",""coordinates"":[]}"
000000000000000004d6,0.73,140.0,0.0,124.0,38.0,3074.0,95.0,6743.0,"{""type"":""MultiPoint"",""coordinates"":[]}"
000000000000000004e4,0.99,140.0,238.0,156.0,38.0,2785.0,170.0,6757.0,"{""type"":""MultiPoint"",""coordinates"":[]}"
000000000000000004c5,1.12,148.0,9.0,-4.0,38.0,2845.0,42.0,6726.0,"{""type"":""MultiPoint"",""coordinates"":[]}"
000000000000000004cc,1.67,148.0,48.0,34.0,38.0,2982.0,45.0,6733.0,"{""type"":""MultiPoint"",""coordinates"":[]}"
000000000000000004d3,1.16,148.0,58.0,28.0,38.0,3034.0,30.0,6740.0,"{""type"":""MultiPoint"",""coordinates"":[]}"
00000000000000001c8d,1.76,488.0,148.0,131.0,38.0,2354.0,151.0,4773.0,"{""type"":""MultiPoint"",""coordinates"":[]}"
00000000000000001c8e,1.51,488.0,43.0,130.0,38.0,2339.0,184.0,4774.0,"{""type"":""MultiPoint"",""coordinates"":[]}"
00000000000000001c90,1.52,488.0,56.0,54.0,38.0,2349.0,96.0,4776.0,"{""type"":""MultiPoint"",""coordinates"":[]}"
00000000000000001cd0,1.03,488.0,285.0,207.0,38.0,2389.0,262.0,4840.0,"{""type"":""MultiPoint"",""coordinates"":[]}"
00000000000000001cad,2.67,528.0,115.0,270.0,38.0,2346.0,270.0,4805.0,"{""type"":""MultiPoint"",""coordinates"":[]}"
00000000000000001cae,2.1,528.0,22.0,170.0,38.0,2363.0,146.0,4806.0,"{""type"":""MultiPoint"",""coordinates"":[]}"
00000000000000001cb3,2.48,528.0,245.0,186.0,38.0,2234.0,286.0,4811.0,"{""type"":""MultiPoint"",""coordinates"":[]}"
00000000000000001cbd,1.74,528.0,86.0,62.0,38.0,2344.0,83.0,4821.0,"{""type"":""MultiPoint"",""coordinates"":[]}"
00000000000000001cbe,1.69,528.0,67.0,44.0,38.0,2384.0,62.0,4822.0,"{""type"":""MultiPoint"",""coordinates"":[]}"
00000000000000001cbf,0.78,528.0,80.0,39.0,38.0,2373.0,65.0,4823.0,"{""type"":""MultiPoint"",""coordinates"":[]}"
0000000000000000179f,1.86,560.0,605.0,209.0,38.0,2261.0,366.0,3511.0,"{""type"":""MultiPoint"",""coordinates"":[]}"
000000000000000017a5,1.31,560.0,101.0,120.0,38.0,2365.0,113.0,3517.0,"{""type"":""MultiPoint"",""coordinates"":[]}"
000000000000000018e2,1.24,592.0,128.0,101.0,38.0,2630.0,132.0,3834.0,"{""type"":""MultiPoint"",""coordinates"":[]}"
00000000000000000498,2.17,624.0,117.0,94.0,38.0,2554.0,114.0,6681.0,"{""type"":""MultiPoint"",""coordinates"":[]}"
000000000000000017c1,1.92,624.0,-35.0,218.0,38.0,2435.0,172.0,3545.0,"{""type"":""MultiPoint"",""coordinates"":[]}"
000000000000000017cd,1.31,624.0,10.0,90.0,38.0,2356.0,85.0,3557.0,"{""type"":""MultiPoint"",""coordinates"":[]}"
000000000000000017d0,1.37,624.0,-30.0,155.0,38.0,2411.0,121.0,3560.0,"{""type"":""MultiPoint"",""coordinates"":[]}"
000000000000000017fd,2.51,624.0,-95.0,358.0,38.0,2415.0,247.0,3605.0,"{""type"":""MultiPoint"",""coordinates"":[]}"
00000000000000001cd3,2.47,656.0,-108.0,328.0,38.0,2539.0,218.0,4843.0,"{""type"":""MultiPoint"",""coordinates"":[]}"
00000000000000001ce7,1.1,656.0,38.0,49.0,38.0,2417.0,31.0,4863.0,"{""type"":""MultiPoint"",""coordinates"":[]}"
00000000000000001ce8,0.46,656.0,54.0,49.0,38.0,2437.0,35.0,4864.0,"{""type"":""MultiPoint"",""coordinates"":[]}"
00000000000000001cef,0.35,688.0,39.0,16.0,38.0,2445.0,6.0,4871.0,"{""type"":""MultiPoint"",""coordinates"":[]}"
00000000000000001848,2.47,529.0,122.0,257.0,38.0,2310.0,258.0,3680.0,"{""type"":""MultiPoint"",""coordinates"":[]}"
00000000000000001858,2.77,529.0,185.0,322.0,38.0,2219.0,382.0,3696.0,"{""type"":""MultiPoint"",""coordinates"":[]}"
00000000000000001ca1,2.35,529.0,240.0,302.0,38.0,2163.0,436.0,4793.0,"{""type"":""MultiPoint"",""coordinates"":[]}"
00000000000000001ca2,2.1,529.0,6.0,331.0,38.0,2348.0,312.0,4794.0,"{""type"":""MultiPoint"",""coordinates"":[]}"
00000000000000001ca3,2.1,529.0,-71.0,314.0,38.0,2423.0,256.0,4795.0,"{""type"":""MultiPoint"",""coordinates"":[]}"
00000000000000001ca4,2.6,529.0,336.0,204.0,38.0,2156.0,275.0,4796.0,"{""type"":""MultiPoint"",""coordinates"":[]}"
00000000000000001ca5,2.56,529.0,676.0,194.0,38.0,1934.0,362.0,4797.0,"{""type"":""MultiPoint"",""coordinates"":[]}"
00000000000000001ca9,2.25,529.0,477.0,161.0,38.0,2181.0,306.0,4801.0,"{""type"":""MultiPoint"",""coordinates"":[]}"
00000000000000001caa,1.68,529.0,25.0,198.0,38.0,2381.0,152.0,4802.0,"{""type"":""MultiPoint"",""coordinates"":[]}"
00000000000000001cab,2.39,529.0,68.0,194.0,38.0,2508.0,174.0,4803.0,"{""type"":""MultiPoint"",""coordinates"":[]}"
00000000000000001798,2.83,561.0,282.0,504.0,38.0,1978.0,590.0,3504.0,"{""type"":""MultiPoint"",""coordinates"":[]}"
000000000000000017a9,2.09,561.0,39.0,291.0,38.0,2325.0,238.0,3521.0,"{""type"":""MultiPoint"",""coordinates"":[]}"
00000000000000001819,2.49,561.0,326.0,205.0,38.0,2204.0,269.0,3633.0,"{""type"":""MultiPoint"",""coordinates"":[]}"
000000000000000017f4,1.82,593.0,44.0,138.0,38.0,2349.0,102.0,3596.0,"{""type"":""MultiPoint"",""coordinates"":[]}"
00000000000000001cd7,0.95,657.0,55.0,45.0,38.0,2429.0,33.0,4847.0,"{""type"":""MultiPoint"",""coordinates"":[]}"
00000000000000001ced,1.73,657.0,19.0,62.0,38.0,2384.0,30.0,4869.0,"{""type"":""MultiPoint"",""coordinates"":[]}"
00000000000000001830,2.01,489.0,13.0,147.0,38.0,2346.0,138.0,3656.0,"{""type"":""MultiPoint"",""coordinates"":[]}"
00000000000000001c77,1.7,489.0,123.0,131.0,38.0,2348.0,148.0,4751.0,"{""type"":""MultiPoint"",""coordinates"":[]}"
00000000000000001c83,1.24,489.0,71.0,70.0,38.0,2349.0,163.0,4763.0,"{""type"":""MultiPoint"",""coordinates"":[]}"
0000000000000000185c,2.09,505.0,194.0,193.0,38.0,2326.0,229.0,3700.0,"{""type"":""MultiPoint"",""coordinates"":[]}"
0000000000000000185a,2.53,530.0,396.0,264.0,38.0,2208.0,321.0,3698.0,"{""type"":""MultiPoint"",""coordinates"":[]}"
0000000000000000185b,1.75,530.0,245.0,159.0,38.0,2433.0,177.0,3699.0,"{""type"":""MultiPoint"",""coordinates"":[]}"
00000000000000001c9f,2.84,530.0,689.0,301.0,38.0,2054.0,403.0,4791.0,"{""type"":""MultiPoint"",""coordinates"":[]}"
00000000000000001ca6,1.85,530.0,131.0,277.0,38.0,2309.0,393.0,4798.0,"{""type"":""MultiPoint"",""coordinates"":[]}"
00000000000000001caf,2.22,530.0,39.0,349.0,38.0,2349.0,349.0,4807.0,"{""type"":""MultiPoint"",""coordinates"":[]}"
00000000000000001cb4,1.24,530.0,51.0,116.0,38.0,2416.0,120.0,4812.0,"{""type"":""MultiPoint"",""coordinates"":[]}"
00000000000000001cb5,1.0,530.0,106.0,68.0,38.0,2320.0,114.0,4813.0,"{""type"":""MultiPoint"",""coordinates"":[]}"
000000000000000017a8,1.0,562.0,54.0,55.0,38.0,2330.0,62.0,3520.0,"{""type"":""MultiPoint"",""coordinates"":[]}"
000000000000000017aa,1.12,562.0,55.0,64.0,38.0,2362.0,79.0,3522.0,"{""type"":""MultiPoint"",""coordinates"":[]}"
000000000000000017ea,1.98,594.0,459.0,283.0,38.0,2227.0,408.0,3586.0,"{""type"":""MultiPoint"",""coordinates"":[]}"
000000000000000017fb,1.62,594.0,66.0,106.0,38.0,2363.0,106.0,3603.0,"{""type"":""MultiPoint"",""coordinates"":[]}"
000000000000000017c2,2.1,626.0,-31.0,156.0,38.0,2382.0,111.0,3546.0,"{""type"":""MultiPoint"",""coordinates"":[]}"
000000000000000017c9,2.27,626.0,-28.0,247.0,38.0,2418.0,202.0,3553.0,"{""type"":""MultiPoint"",""coordinates"":[]}"
00000000000000001cdf,1.04,658.0,45.0,83.0,38.0,2433.0,56.0,4855.0,"{""type"":""MultiPoint"",""coordinates"":[]}"
00000000000000001ceb,0.26,658.0,25.0,42.0,38.0,2370.0,23.0,4867.0,"{""type"":""MultiPoint"",""coordinates"":[]}"
00000000000000001cee,0.33,658.0,87.0,54.0,38.0,2467.0,45.0,4870.0,"{""type"":""MultiPoint"",""coordinates"":[]}"
00000000000000001849,1.53,531.0,28.0,57.0,38.0,2378.0,39.0,3681.0,"{""type"":""MultiPoint"",""coordinates"":[]}"
00000000000000001cac,2.37,531.0,42.0,149.0,38.0,2438.0,227.0,4804.0,"{""type"":""MultiPoint"",""coordinates"":[]}"
00000000000000001cba,2.63,531.0,59.0,145.0,38.0,2290.0,286.0,4818.0,"{""type"":""MultiPoint"",""coordinates"":[]}"
00000000000000001cbb,0.87,531.0,55.0,63.0,38.0,2390.0,123.0,4819.0,"{""type"":""MultiPoint"",""coordinates"":[]}"
00000000000000001cc7,2.82,531.0,213.0,300.0,38.0,2194.0,430.0,4831.0,"{""type"":""MultiPoint"",""coordinates"":[]}"
00000000000000001cc8,1.72,531.0,151.0,279.0,38.0,2245.0,375.0,4832.0,"{""type"":""MultiPoint"",""coordinates"":[]}"
000000000000000017b6,2.74,563.0,249.0,418.0,38.0,2142.0,484.0,3534.0,"{""type"":""MultiPoint"",""coordinates"":[]}"
00000000000000001806,2.34,563.0,0.0,244.0,38.0,2355.0,203.0,3614.0,"{""type"":""MultiPoint"",""coordinates"":[]}"
00000000000000001817,2.74,563.0,389.0,305.0,38.0,2033.0,439.0,3631.0,"{""type"":""MultiPoint"",""coordinates"":[]}"
000000000000000017ed,2.23,595.0,688.0,374.0,38.0,2050.0,500.0,3589.0,"{""type"":""MultiPoint"",""coordinates"":[]}"
000000000000000018e7,0.18,595.0,27.0,4.0,38.0,2498.0,3.0,3839.0,"{""type"":""MultiPoint"",""coordinates"":[]}"
000000000000000017bf,2.36,627.0,-28.0,152.0,38.0,2386.0,115.0,3543.0,"{""type"":""MultiPoint"",""coordinates"":[]}"
000000000000000017cc,2.01,627.0,-27.0,173.0,38.0,2383.0,140.0,3556.0,"{""type"":""MultiPoint"",""coordinates"":[]}"
00000000000000001cdc,1.2,659.0,79.0,59.0,38.0,2443.0,48.0,4852.0,"{""type"":""MultiPoint"",""coordinates"":[]}"
00000000000000000493,2.27,691.0,526.0,142.0,38.0,2107.0,279.0,6676.0,"{""type"":""MultiPoint"",""coordinates"":[]}"
0000000000000000050b,1.17,133.0,257.0,146.0,38.0,2865.0,92.0,6796.0,"{""type"":""MultiPoint"",""coordinates"":[]}"
0000000000000000050d,1.21,133.0,293.0,82.0,38.0,2904.0,45.0,6798.0,"{""type"":""MultiPoint"",""coordinates"":[]}"
0000000000000000051a,1.93,133.0,264.0,116.0,38.0,2845.0,79.0,6811.0,"{""type"":""MultiPoint"",""coordinates"":[]}"
0000000000000000051c,2.18,133.0,229.0,126.0,38.0,2850.0,115.0,6813.0,"{""type"":""MultiPoint"",""coordinates"":[]}"
000000000000000004d4,0.73,141.0,7.0,99.0,38.0,3012.0,68.0,6741.0,"{""type"":""MultiPoint"",""coordinates"":[]}"
000000000000000004db,1.84,141.0,225.0,148.0,38.0,2901.0,139.0,6748.0,"{""type"":""MultiPoint"",""coordinates"":[]}"
000000000000000004dc,1.46,141.0,219.0,168.0,38.0,2951.0,154.0,6749.0,"{""type"":""MultiPoint"",""coordinates"":[]}"
000000000000000004e2,2.39,141.0,422.0,170.0,38.0,2626.0,237.0,6755.0,"{""type"":""MultiPoint"",""coordinates"":[]}"
000000000000000004c4,0.77,149.0,85.0,21.0,38.0,3043.0,28.0,6725.0,"{""type"":""MultiPoint"",""coordinates"":[]}"
000000000000000004c8,0.61,149.0,82.0,-4.0,38.0,2974.0,16.0,6729.0,"{""type"":""MultiPoint"",""coordinates"":[]}"
00000000000000001755,2.7,474.0,464.0,465.0,38.0,1897.0,604.0,3437.0,"{""type"":""MultiPoint"",""coordinates"":[]}"
00000000000000001c7b,2.08,490.0,172.0,119.0,38.0,2376.0,173.0,4755.0,"{""type"":""MultiPoint"",""coordinates"":[]}"
00000000000000001c80,0.96,490.0,45.0,59.0,38.0,2338.0,96.0,4760.0,"{""type"":""MultiPoint"",""coordinates"":[]}"
00000000000000001c86,1.84,490.0,90.0,152.0,38.0,2328.0,173.0,4766.0,"{""type"":""MultiPoint"",""coordinates"":[]}"
00000000000000001cce,0.72,490.0,85.0,63.0,38.0,2422.0,78.0,4838.0,"{""type"":""MultiPoint"",""coordinates"":[]}"
00000000000000001853,0.94,532.0,91.0,41.0,38.0,2395.0,47.0,3691.0,"{""type"":""MultiPoint"",""coordinates"":[]}"
00000000000000001862,0.71,532.0,34.0,21.0,38.0,2459.0,9.0,3706.0,"{""type"":""MultiPoint"",""coordinates"":[]}"
00000000000000001cbc,1.12,532.0,41.0,134.0,38.0,2330.0,203.0,4820.0,"{""type"":""MultiPoint"",""coordinates"":[]}"
0000000000000000178a,0.85,596.0,136.0,84.0,38.0,2482.0,119.0,3490.0,"{""type"":""MultiPoint"",""coordinates"":[]}"
0000000000000000179d,2.0,596.0,500.0,286.0,38.0,2284.0,411.0,3509.0,"{""type"":""MultiPoint"",""coordinates"":[]}"
0000000000000000179e,1.28,596.0,285.0,259.0,38.0,2459.0,304.0,3510.0,"{""type"":""MultiPoint"",""coordinates"":[]}"
000000000000000017c0,2.35,628.0,-94.0,329.0,38.0,2414.0,254.0,3544.0,"{""type"":""MultiPoint"",""coordinates"":[]}"
000000000000000017ca,1.86,628.0,-30.0,207.0,38.0,2400.0,157.0,3554.0,"{""type"":""MultiPoint"",""coordinates"":[]}"
000000000000000017dc,0.03,628.0,-39.0,7.0,38.0,2466.0,2.0,3572.0,"{""type"":""MultiPoint"",""coordinates"":[]}"
00000000000000001cd5,1.18,660.0,70.0,67.0,38.0,2437.0,47.0,4845.0,"{""type"":""MultiPoint"",""coordinates"":[]}"
00000000000000001cd9,0.96,660.0,9.0,50.0,38.0,2399.0,29.0,4849.0,"{""type"":""MultiPoint"",""coordinates"":[]}"
00000000000000001cc0,0.88,533.0,3.0,-4.0,38.0,2422.0,54.0,4824.0,"{""type"":""MultiPoint"",""coordinates"":[]}"
00000000000000001799,2.78,565.0,395.0,453.0,38.0,1930.0,562.0,3505.0,"{""type"":""MultiPoint"",""coordinates"":[]}"
000000000000000017a7,2.04,565.0,-7.0,232.0,38.0,2422.0,213.0,3519.0,"{""type"":""MultiPoint"",""coordinates"":[]}"
000000000000000017f7,0.98,597.0,90.0,84.0,38.0,2306.0,57.0,3599.0,"{""type"":""MultiPoint"",""coordinates"":[]}"
000000000000000017c4,1.94,629.0,3.0,56.0,38.0,2405.0,48.0,3548.0,"{""type"":""MultiPoint"",""coordinates"":[]}"
000000000000000017d5,1.11,629.0,9.0,73.0,38.0,2429.0,55.0,3565.0,"{""type"":""MultiPoint"",""coordinates"":[]}"
000000000000000017d6,0.73,629.0,-41.0,11.0,38.0,2453.0,13.0,3566.0,"{""type"":""MultiPoint"",""coordinates"":[]}"
00000000000000001764,1.5,475.0,214.0,99.0,38.0,2286.0,143.0,3452.0,"{""type"":""MultiPoint"",""coordinates"":[]}"
0000000000000000174c,2.32,491.0,391.0,362.0,38.0,2111.0,485.0,3428.0,"{""type"":""MultiPoint"",""coordinates"":[]}"
00000000000000001c78,2.37,491.0,23.0,57.0,38.0,2373.0,104.0,4752.0,"{""type"":""MultiPoint"",""coordinates"":[]}"
00000000000000001c85,1.88,491.0,158.0,179.0,38.0,2377.0,222.0,4765.0,"{""type"":""MultiPoint"",""coordinates"":[]}"
00000000000000001765,0.7,507.0,101.0,81.0,38.0,2344.0,102.0,3453.0,"{""type"":""MultiPoint"",""coordinates"":[]}"
00000000000000001775,2.39,534.0,176.0,398.0,38.0,2186.0,426.0,3469.0,"{""type"":""MultiPoint"",""coordinates"":[]}"
0000000000000000181f,2.46,534.0,135.0,127.0,38.0,2327.0,141.0,3639.0,"{""type"":""MultiPoint"",""coordinates"":[]}"
0000000000000000045e,1.47,598.0,31.0,144.0,38.0,2592.0,214.0,6623.0,"{""type"":""MultiPoint"",""coordinates"":[]}"
000000000000000018e1,2.0,598.0,55.0,112.0,38.0,2402.0,103.0,3833.0,"{""type"":""MultiPoint"",""coordinates"":[]}"
000000000000000018ea,1.16,598.0,59.0,49.0,38.0,2488.0,66.0,3842.0,"{""type"":""MultiPoint"",""coordinates"":[]}"
00000000000000001ce0,0.95,662.0,66.0,55.0,38.0,2424.0,39.0,4856.0,"{""type"":""MultiPoint"",""coordinates"":[]}"
00000000000000001760,1.34,535.0,145.0,104.0,38.0,2303.0,107.0,3448.0,"{""type"":""MultiPoint"",""coordinates"":[]}"
0000000000000000176d,2.6,535.0,554.0,309.0,38.0,1895.0,471.0,3461.0,"{""type"":""MultiPoint"",""coordinates"":[]}"
0000000000000000181d,2.49,535.0,78.0,288.0,38.0,2238.0,297.0,3637.0,"{""type"":""MultiPoint"",""coordinates"":[]}"
00000000000000001867,1.01,535.0,62.0,54.0,38.0,2370.0,27.0,3711.0,"{""type"":""MultiPoint"",""coordinates"":[]}"
000000000000000017ae,1.37,567.0,96.0,163.0,38.0,2339.0,177.0,3526.0,"{""type"":""MultiPoint"",""coordinates"":[]}"
000000000000000017ba,1.59,567.0,581.0,204.0,38.0,2267.0,338.0,3538.0,"{""type"":""MultiPoint"",""coordinates"":[]}"
000000000000000017f8,1.12,567.0,61.0,84.0,38.0,2297.0,77.0,3600.0,"{""type"":""MultiPoint"",""coordinates"":[]}"
0000000000000000184b,1.95,567.0,-2.0,119.0,38.0,2292.0,69.0,3683.0,"{""type"":""MultiPoint"",""coordinates"":[]}"
0000000000000000184e,1.36,567.0,39.0,61.0,38.0,2307.0,30.0,3686.0,"{""type"":""MultiPoint"",""coordinates"":[]}"
0000000000000000045d,1.72,599.0,150.0,158.0,38.0,2459.0,245.0,6622.0,"{""type"":""MultiPoint"",""coordinates"":[]}"
00000000000000000467,2.47,599.0,392.0,299.0,38.0,2096.0,436.0,6632.0,"{""type"":""MultiPoint"",""coordinates"":[]}"
0000000000000000046a,2.41,599.0,410.0,322.0,38.0,2094.0,443.0,6635.0,"{""type"":""MultiPoint"",""coordinates"":[]}"
0000000000000000046b,2.87,599.0,636.0,283.0,38.0,1960.0,450.0,6636.0,"{""type"":""MultiPoint"",""coordinates"":[]}"
000000000000000017ee,2.42,599.0,588.0,382.0,38.0,2166.0,477.0,3590.0,"{""type"":""MultiPoint"",""coordinates"":[]}"
000000000000000004b7,1.71,115.0,28.0,107.0,38.0,2891.0,149.0,6712.0,"{""type"":""MultiPoint"",""coordinates"":[]}"
000000000000000004b8,1.49,115.0,7.0,17.0,38.0,2999.0,45.0,6713.0,"{""type"":""MultiPoint"",""coordinates"":[]}"
000000000000000004bc,0.94,115.0,29.0,35.0,38.0,3019.0,53.0,6717.0,"{""type"":""MultiPoint"",""coordinates"":[]}"
000000000000000004be,1.62,115.0,11.0,24.0,38.0,2886.0,74.0,6719.0,"{""type"":""MultiPoint"",""coordinates"":[]}"
00000000000000000504,0.78,115.0,8.0,5.0,38.0,3062.0,19.0,6789.0,"{""type"":""MultiPoint"",""coordinates"":[]}"
000000000000000004b0,2.04,119.0,40.0,90.0,38.0,2950.0,143.0,6705.0,"{""type"":""MultiPoint"",""coordinates"":[]}"
000000000000000004b1,1.84,119.0,14.0,58.0,38.0,2999.0,81.0,6706.0,"{""type"":""MultiPoint"",""coordinates"":[]}"
000000000000000004b2,1.57,119.0,-70.0,46.0,38.0,3139.0,61.0,6707.0,"{""type"":""MultiPoint"",""coordinates"":[]}"
000000000000000004eb,1.25,119.0,30.0,193.0,38.0,2882.0,213.0,6764.0,"{""type"":""MultiPoint"",""coordinates"":[]}"
000000000000000004fa,1.79,119.0,60.0,123.0,38.0,3062.0,174.0,6779.0,"{""type"":""MultiPoint"",""coordinates"":[]}"
000000000000000004e5,1.75,134.0,326.0,362.0,38.0,2664.0,289.0,6758.0,"{""type"":""MultiPoint"",""coordinates"":[]}"
000000000000000004e6,2.58,134.0,646.0,322.0,38.0,2375.0,309.0,6759.0,"{""type"":""MultiPoint"",""coordinates"":[]}"
000000000000000004f1,1.33,134.0,64.0,25.0,38.0,2883.0,34.0,6770.0,"{""type"":""MultiPoint"",""coordinates"":[]}"
000000000000000004f2,1.87,134.0,181.0,149.0,38.0,2944.0,214.0,6771.0,"{""type"":""MultiPoint"",""coordinates"":[]}"
000000000000000004f7,1.28,134.0,3.0,-1.0,38.0,2898.0,27.0,6776.0,"{""type"":""MultiPoint"",""coordinates"":[]}"
0000000000000000050a,0.5,134.0,262.0,138.0,38.0,2895.0,109.0,6795.0,"{""type"":""MultiPoint"",""coordinates"":[]}"
0000000000000000050c,1.29,134.0,264.0,97.0,38.0,2901.0,64.0,6797.0,"{""type"":""MultiPoint"",""coordinates"":[]}"
00000000000000000519,0.79,134.0,47.0,30.0,38.0,3016.0,17.0,6810.0,"{""type"":""MultiPoint"",""coordinates"":[]}"
000000000000000004de,1.2,142.0,149.0,103.0,38.0,2927.0,91.0,6751.0,"{""type"":""MultiPoint"",""coordinates"":[]}"
00000000000000001836,2.61,476.0,761.0,374.0,38.0,1874.0,510.0,3662.0,"{""type"":""MultiPoint"",""coordinates"":[]}"
00000000000000001841,2.82,476.0,438.0,498.0,38.0,1894.0,601.0,3673.0,"{""type"":""MultiPoint"",""coordinates"":[]}"
0000000000000000177d,1.44,492.0,-17.0,238.0,38.0,2399.0,207.0,3477.0,"{""type"":""MultiPoint"",""coordinates"":[]}"
00000000000000001c7c,1.12,492.0,45.0,48.0,38.0,2349.0,103.0,4756.0,"{""type"":""MultiPoint"",""coordinates"":[]}"
00000000000000001c89,1.72,492.0,45.0,159.0,38.0,2347.0,215.0,4769.0,"{""type"":""MultiPoint"",""coordinates"":[]}"
00000000000000001cd1,1.56,492.0,539.0,332.0,38.0,2197.0,409.0,4841.0,"{""type"":""MultiPoint"",""coordinates"":[]}"
00000000000000001761,1.36,536.0,195.0,139.0,38.0,2267.0,174.0,3449.0,"{""type"":""MultiPoint"",""coordinates"":[]}"
00000000000000001776,1.66,536.0,99.0,264.0,38.0,2335.0,261.0,3470.0,"{""type"":""MultiPoint"",""coordinates"":[]}"
000000000000000017a4,2.66,568.0,20.0,328.0,38.0,2415.0,276.0,3516.0,"{""type"":""MultiPoint"",""coordinates"":[]}"
000000000000000017a6,2.6,568.0,14.0,460.0,38.0,2288.0,396.0,3518.0,"{""type"":""MultiPoint"",""coordinates"":[]}"
0000000000000000045c,2.72,600.0,220.0,206.0,38.0,2283.0,303.0,6621.0,"{""type"":""MultiPoint"",""coordinates"":[]}"
00000000000000000463,2.95,600.0,533.0,272.0,38.0,1933.0,485.0,6628.0,"{""type"":""MultiPoint"",""coordinates"":[]}"
00000000000000000464,2.66,600.0,597.0,351.0,38.0,1941.0,531.0,6629.0,"{""type"":""MultiPoint"",""coordinates"":[]}"
00000000000000000469,2.88,600.0,721.0,311.0,38.0,1838.0,501.0,6634.0,"{""type"":""MultiPoint"",""coordinates"":[]}"
0000000000000000046c,2.36,600.0,557.0,333.0,38.0,2028.0,468.0,6637.0,"{""type"":""MultiPoint"",""coordinates"":[]}"
000000000000000018e8,1.3,600.0,16.0,45.0,38.0,2619.0,56.0,3840.0,"{""type"":""MultiPoint"",""coordinates"":[]}"
000000000000000017d4,1.18,632.0,22.0,41.0,38.0,2418.0,31.0,3564.0,"{""type"":""MultiPoint"",""coordinates"":[]}"
00000000000000001cf0,1.1,664.0,11.0,64.0,38.0,2436.0,41.0,4872.0,"{""type"":""MultiPoint"",""coordinates"":[]}"
000000000000000004a4,1.42,537.0,64.0,280.0,38.0,2424.0,274.0,6693.0,"{""type"":""MultiPoint"",""coordinates"":[]}"
0000000000000000174b,2.85,537.0,554.0,388.0,38.0,1856.0,533.0,3427.0,"{""type"":""MultiPoint"",""coordinates"":[]}"
0000000000000000175e,1.19,537.0,353.0,90.0,38.0,2219.0,178.0,3446.0,"{""type"":""MultiPoint"",""coordinates"":[]}"
000000000000000017b8,1.59,569.0,-11.0,113.0,38.0,2302.0,99.0,3536.0,"{""type"":""MultiPoint"",""coordinates"":[]}"
0000000000000000045f,2.63,601.0,586.0,270.0,38.0,1902.0,482.0,6624.0,"{""type"":""MultiPoint"",""coordinates"":[]}"
000000000000000017c3,1.59,633.0,5.0,6.0,38.0,2502.0,3.0,3547.0,"{""type"":""MultiPoint"",""coordinates"":[]}"
00000000000000001740,2.34,665.0,272.0,269.0,38.0,2377.0,322.0,3416.0,"{""type"":""MultiPoint"",""coordinates"":[]}"
0000000000000000182b,1.03,477.0,9.0,68.0,38.0,2367.0,57.0,3651.0,"{""type"":""MultiPoint"",""coordinates"":[]}"
0000000000000000182f,1.27,477.0,29.0,87.0,38.0,2362.0,75.0,3655.0,"{""type"":""MultiPoint"",""coordinates"":[]}"
00000000000000001834,1.59,477.0,212.0,123.0,38.0,2262.0,145.0,3660.0,"{""type"":""MultiPoint"",""coordinates"":[]}"
00000000000000001838,2.45,477.0,173.0,243.0,38.0,2260.0,234.0,3664.0,"{""type"":""MultiPoint"",""coordinates"":[]}"
0000000000000000183e,2.73,477.0,434.0,489.0,38.0,1941.0,567.0,3670.0,"{""type"":""MultiPoint"",""coordinates"":[]}"
0000000000000000183f,2.8,477.0,516.0,511.0,38.0,1840.0,601.0,3671.0,"{""type"":""MultiPoint"",""coordinates"":[]}"
00000000000000001840,2.96,477.0,572.0,515.0,38.0,1782.0,636.0,3672.0,"{""type"":""MultiPoint"",""coordinates"":[]}"
00000000000000001771,2.69,493.0,370.0,253.0,38.0,2137.0,377.0,3465.0,"{""type"":""MultiPoint"",""coordinates"":[]}"
00000000000000001772,2.71,493.0,607.0,321.0,38.0,1879.0,487.0,3466.0,"{""type"":""MultiPoint"",""coordinates"":[]}"
00000000000000001c7d,1.57,493.0,87.0,111.0,38.0,2361.0,159.0,4757.0,"{""type"":""MultiPoint"",""coordinates"":[]}"
00000000000000001c88,1.25,493.0,167.0,110.0,38.0,2329.0,170.0,4768.0,"{""type"":""MultiPoint"",""coordinates"":[]}"
000000000000000004a3,2.92,538.0,503.0,416.0,38.0,2021.0,541.0,6692.0,"{""type"":""MultiPoint"",""coordinates"":[]}"
00000000000000001766,2.7,538.0,519.0,267.0,38.0,1961.0,410.0,3454.0,"{""type"":""MultiPoint"",""coordinates"":[]}"
00000000000000001779,1.91,538.0,257.0,206.0,38.0,2302.0,263.0,3473.0,"{""type"":""MultiPoint"",""coordinates"":[]}"
0000000000000000177a,2.08,538.0,182.0,242.0,38.0,2260.0,308.0,3474.0,"{""type"":""MultiPoint"",""coordinates"":[]}"
0000000000000000048a,2.8,570.0,472.0,396.0,38.0,1996.0,485.0,6667.0,"{""type"":""MultiPoint"",""coordinates"":[]}"
000000000000000017af,2.6,570.0,70.0,385.0,38.0,2279.0,430.0,3527.0,"{""type"":""MultiPoint"",""coordinates"":[]}"
000000000000000017b7,2.05,570.0,176.0,332.0,38.0,2263.0,360.0,3535.0,"{""type"":""MultiPoint"",""coordinates"":[]}"
00000000000000001815,2.59,570.0,403.0,476.0,38.0,2039.0,568.0,3629.0,"{""type"":""MultiPoint"",""coordinates"":[]}"
000000000000000018e4,1.32,602.0,121.0,43.0,38.0,2645.0,86.0,3836.0,"{""type"":""MultiPoint"",""coordinates"":[]}"
000000000000000018e6,1.31,602.0,225.0,72.0,38.0,2632.0,107.0,3838.0,"{""type"":""MultiPoint"",""coordinates"":[]}"
000000000000000018e9,1.8,602.0,184.0,90.0,38.0,2810.0,110.0,3841.0,"{""type"":""MultiPoint"",""coordinates"":[]}"
000000000000000017da,0.61,634.0,-13.0,7.0,38.0,2416.0,5.0,3570.0,"{""type"":""MultiPoint"",""coordinates"":[]}"
000000000000000017db,0.93,634.0,-59.0,81.0,38.0,2432.0,73.0,3571.0,"{""type"":""MultiPoint"",""coordinates"":[]}"
0000000000000000173c,2.12,666.0,266.0,276.0,38.0,2426.0,316.0,3412.0,"{""type"":""MultiPoint"",""coordinates"":[]}"
0000000000000000186b,0.67,762.0,38.0,70.0,38.0,2663.0,74.0,3715.0,"{""type"":""MultiPoint"",""coordinates"":[]}"
00000000000000001870,1.24,762.0,78.0,115.0,38.0,2782.0,134.0,3720.0,"{""type"":""MultiPoint"",""coordinates"":[]}"
0000000000000000187a,1.03,762.0,152.0,77.0,38.0,2715.0,115.0,3730.0,"{""type"":""MultiPoint"",""coordinates"":[]}"
0000000000000000187b,1.95,762.0,30.0,161.0,38.0,2739.0,159.0,3731.0,"{""type"":""MultiPoint"",""coordinates"":[]}"
0000000000000000187c,1.88,762.0,148.0,113.0,38.0,2693.0,142.0,3732.0,"{""type"":""MultiPoint"",""coordinates"":[]}"
0000000000000000187d,1.26,762.0,141.0,106.0,38.0,2750.0,121.0,3733.0,"{""type"":""MultiPoint"",""coordinates"":[]}"
0000000000000000187e,1.07,762.0,121.0,161.0,38.0,2741.0,163.0,3734.0,"{""type"":""MultiPoint"",""coordinates"":[]}"
0000000000000000188d,1.06,762.0,64.0,101.0,38.0,2518.0,110.0,3749.0,"{""type"":""MultiPoint"",""coordinates"":[]}"
00000000000000001777,2.45,539.0,539.0,176.0,38.0,2093.0,317.0,3471.0,"{""type"":""MultiPoint"",""coordinates"":[]}"
00000000000000001818,2.74,539.0,311.0,361.0,38.0,2122.0,435.0,3632.0,"{""type"":""MultiPoint"",""coordinates"":[]}"
0000000000000000181e,2.6,539.0,121.0,198.0,38.0,2274.0,243.0,3638.0,"{""type"":""MultiPoint"",""coordinates"":[]}"
000000000000000017f9,1.24,571.0,53.0,90.0,38.0,2325.0,72.0,3601.0,"{""type"":""MultiPoint"",""coordinates"":[]}"
00000000000000001811,2.87,571.0,391.0,437.0,38.0,1982.0,543.0,3625.0,"{""type"":""MultiPoint"",""coordinates"":[]}"
00000000000000001814,2.47,571.0,343.0,438.0,38.0,2169.0,526.0,3628.0,"{""type"":""MultiPoint"",""coordinates"":[]}"
00000000000000000460,2.62,603.0,644.0,344.0,38.0,1846.0,562.0,6625.0,"{""type"":""MultiPoint"",""coordinates"":[]}"
0000000000000000046d,2.84,603.0,661.0,281.0,38.0,1959.0,446.0,6638.0,"{""type"":""MultiPoint"",""coordinates"":[]}"
000000000000000004a2,1.48,603.0,143.0,118.0,38.0,2291.0,175.0,6691.0,"{""type"":""MultiPoint"",""coordinates"":[]}"
000000000000000018c8,0.95,603.0,77.0,55.0,38.0,2993.0,31.0,3808.0,"{""type"":""MultiPoint"",""coordinates"":[]}"
000000000000000018d9,1.2,603.0,104.0,71.0,38.0,3002.0,60.0,3825.0,"{""type"":""MultiPoint"",""coordinates"":[]}"
000000000000000017d9,0.9,635.0,-34.0,0.0,38.0,2437.0,0.0,3569.0,"{""type"":""MultiPoint"",""coordinates"":[]}"
0000000000000000173a,1.2,667.0,167.0,134.0,38.0,2541.0,190.0,3410.0,"{""type"":""MultiPoint"",""coordinates"":[]}"
0000000000000000186c,0.61,763.0,51.0,55.0,38.0,2744.0,95.0,3716.0,"{""type"":""MultiPoint"",""coordinates"":[]}"
0000000000000000186f,0.93,763.0,101.0,72.0,38.0,2877.0,101.0,3719.0,"{""type"":""MultiPoint"",""coordinates"":[]}"
0000000000000000187f,1.1,763.0,81.0,79.0,38.0,2650.0,80.0,3735.0,"{""type"":""MultiPoint"",""coordinates"":[]}"
00000000000000001880,0.94,763.0,153.0,140.0,38.0,2586.0,149.0,3736.0,"{""type"":""MultiPoint"",""coordinates"":[]}"
00000000000000001885,0.44,763.0,73.0,82.0,38.0,2729.0,99.0,3741.0,"{""type"":""MultiPoint"",""coordinates"":[]}"
00000000000000001886,1.07,763.0,76.0,106.0,38.0,2725.0,110.0,3742.0,"{""type"":""MultiPoint"",""coordinates"":[]}"
00000000000000001888,0.72,763.0,41.0,57.0,38.0,2653.0,72.0,3744.0,"{""type"":""MultiPoint"",""coordinates"":[]}"
00000000000000001889,0.77,763.0,90.0,40.0,38.0,2711.0,38.0,3745.0,"{""type"":""MultiPoint"",""coordinates"":[]}"
0000000000000000188a,1.84,763.0,82.0,58.0,38.0,2658.0,90.0,3746.0,"{""type"":""MultiPoint"",""coordinates"":[]}"
0000000000000000188b,1.64,763.0,194.0,100.0,38.0,2761.0,149.0,3747.0,"{""type"":""MultiPoint"",""coordinates"":[]}"
0000000000000000188c,1.72,763.0,185.0,98.0,38.0,2742.0,122.0,3748.0,"{""type"":""MultiPoint"",""coordinates"":[]}"
000000000000000004d8,2.78,135.0,672.0,318.0,38.0,2389.0,339.0,6745.0,"{""type"":""MultiPoint"",""coordinates"":[]}"
000000000000000004e1,1.61,135.0,542.0,277.0,38.0,2515.0,307.0,6754.0,"{""type"":""MultiPoint"",""coordinates"":[]}"
00000000000000000500,1.98,135.0,49.0,88.0,38.0,2750.0,122.0,6785.0,"{""type"":""MultiPoint"",""coordinates"":[]}"
00000000000000000501,1.73,135.0,86.0,117.0,38.0,2854.0,192.0,6786.0,"{""type"":""MultiPoint"",""coordinates"":[]}"
0000000000000000051d,1.24,135.0,101.0,76.0,38.0,3067.0,61.0,6814.0,"{""type"":""MultiPoint"",""coordinates"":[]}"
000000000000000004df,0.99,143.0,502.0,285.0,38.0,2624.0,310.0,6752.0,"{""type"":""MultiPoint"",""coordinates"":[]}"
00000000000000001757,2.82,478.0,585.0,407.0,38.0,1804.0,569.0,3439.0,"{""type"":""MultiPoint"",""coordinates"":[]}"
0000000000000000182e,1.14,478.0,60.0,103.0,38.0,2358.0,98.0,3654.0,"{""type"":""MultiPoint"",""coordinates"":[]}"
00000000000000001832,2.27,478.0,13.0,186.0,38.0,2382.0,148.0,3658.0,"{""type"":""MultiPoint"",""coordinates"":[]}"
00000000000000001837,2.43,478.0,103.0,352.0,38.0,2290.0,336.0,3663.0,"{""type"":""MultiPoint"",""coordinates"":[]}"
00000000000000001839,2.9,478.0,521.0,452.0,38.0,1900.0,547.0,3665.0,"{""type"":""MultiPoint"",""coordinates"":[]}"
00000000000000001c93,1.93,494.0,100.0,151.0,38.0,2366.0,205.0,4779.0,"{""type"":""MultiPoint"",""coordinates"":[]}"
00000000000000000496,2.9,540.0,491.0,375.0,38.0,2053.0,463.0,6679.0,"{""type"":""MultiPoint"",""coordinates"":[]}"
00000000000000001822,0.66,540.0,113.0,85.0,38.0,2383.0,107.0,3642.0,"{""type"":""MultiPoint"",""coordinates"":[]}"
00000000000000001797,2.88,572.0,247.0,465.0,38.0,2048.0,557.0,3503.0,"{""type"":""MultiPoint"",""coordinates"":[]}"
000000000000000017a1,2.46,572.0,-41.0,384.0,38.0,2392.0,323.0,3513.0,"{""type"":""MultiPoint"",""coordinates"":[]}"
000000000000000017b9,2.34,572.0,-21.0,293.0,38.0,2312.0,228.0,3537.0,"{""type"":""MultiPoint"",""coordinates"":[]}"
00000000000000001812,2.84,572.0,437.0,441.0,38.0,1941.0,554.0,3626.0,"{""type"":""MultiPoint"",""coordinates"":[]}"
00000000000000001813,2.55,572.0,264.0,442.0,38.0,2226.0,489.0,3627.0,"{""type"":""MultiPoint"",""coordinates"":[]}"
00000000000000001856,1.6,572.0,36.0,77.0,38.0,2309.0,45.0,3694.0,"{""type"":""MultiPoint"",""coordinates"":[]}"
00000000000000000462,2.71,604.0,567.0,263.0,38.0,1938.0,471.0,6627.0,"{""type"":""MultiPoint"",""coordinates"":[]}"
00000000000000000466,2.97,604.0,661.0,262.0,38.0,1854.0,493.0,6631.0,"{""type"":""MultiPoint"",""coordinates"":[]}"
0000000000000000049d,2.87,636.0,422.0,252.0,38.0,2125.0,371.0,6686.0,"{""type"":""MultiPoint"",""coordinates"":[]}"
000000000000000017d8,0.94,636.0,-15.0,8.0,38.0,2410.0,3.0,3568.0,"{""type"":""MultiPoint"",""coordinates"":[]}"
0000000000000000173f,0.03,668.0,101.0,0.0,38.0,2598.0,39.0,3415.0,"{""type"":""MultiPoint"",""coordinates"":[]}"
00000000000000001871,1.55,764.0,117.0,72.0,38.0,2816.0,109.0,3721.0,"{""type"":""MultiPoint"",""coordinates"":[]}"
00000000000000001881,1.22,764.0,139.0,75.0,38.0,2837.0,89.0,3737.0,"{""type"":""MultiPoint"",""coordinates"":[]}"
0000000000000000188f,0.84,764.0,74.0,112.0,38.0,2696.0,109.0,3751.0,"{""type"":""MultiPoint"",""coordinates"":[]}"
00000000000000001783,0.87,541.0,114.0,76.0,38.0,2359.0,85.0,3483.0,"{""type"":""MultiPoint"",""coordinates"":[]}"
0000000000000000184c,2.87,573.0,96.0,361.0,38.0,2225.0,384.0,3684.0,"{""type"":""MultiPoint"",""coordinates"":[]}"
00000000000000001854,1.92,573.0,3.0,96.0,38.0,2371.0,60.0,3692.0,"{""type"":""MultiPoint"",""coordinates"":[]}"
00000000000000000468,2.99,605.0,661.0,258.0,38.0,1916.0,475.0,6633.0,"{""type"":""MultiPoint"",""coordinates"":[]}"
000000000000000017f2,2.69,605.0,98.0,458.0,38.0,2236.0,414.0,3594.0,"{""type"":""MultiPoint"",""coordinates"":[]}"
00000000000000001738,2.45,669.0,387.0,205.0,38.0,2349.0,318.0,3408.0,"{""type"":""MultiPoint"",""coordinates"":[]}"
0000000000000000173e,2.48,669.0,402.0,196.0,38.0,2334.0,319.0,3414.0,"{""type"":""MultiPoint"",""coordinates"":[]}"
0000000000000000182c,0.89,479.0,73.0,36.0,38.0,2387.0,44.0,3652.0,"{""type"":""MultiPoint"",""coordinates"":[]}"
0000000000000000182d,1.13,479.0,71.0,45.0,38.0,2395.0,61.0,3653.0,"{""type"":""MultiPoint"",""coordinates"":[]}"
0000000000000000183a,2.47,479.0,149.0,402.0,38.0,2239.0,421.0,3666.0,"{""type"":""MultiPoint"",""coordinates"":[]}"
0000000000000000183b,2.12,479.0,128.0,281.0,38.0,2305.0,295.0,3667.0,"{""type"":""MultiPoint"",""coordinates"":[]}"
0000000000000000183c,2.95,479.0,534.0,440.0,38.0,1872.0,560.0,3668.0,"{""type"":""MultiPoint"",""coordinates"":[]}"
0000000000000000183d,2.95,479.0,409.0,422.0,38.0,1984.0,542.0,3669.0,"{""type"":""MultiPoint"",""coordinates"":[]}"
0000000000000000177e,1.78,511.0,133.0,251.0,38.0,2377.0,304.0,3478.0,"{""type"":""MultiPoint"",""coordinates"":[]}"
00000000000000001769,2.85,542.0,423.0,257.0,38.0,2056.0,413.0,3457.0,"{""type"":""MultiPoint"",""coordinates"":[]}"
0000000000000000177b,2.72,542.0,527.0,145.0,38.0,2112.0,300.0,3475.0,"{""type"":""MultiPoint"",""coordinates"":[]}"
00000000000000001820,1.04,542.0,158.0,85.0,38.0,2402.0,115.0,3640.0,"{""type"":""MultiPoint"",""coordinates"":[]}"
00000000000000000465,2.97,606.0,566.0,273.0,38.0,1947.0,490.0,6630.0,"{""type"":""MultiPoint"",""coordinates"":[]}"
0000000000000000173b,2.42,670.0,277.0,256.0,38.0,2449.0,325.0,3411.0,"{""type"":""MultiPoint"",""coordinates"":[]}"
00000000000000001872,2.6,766.0,50.0,72.0,38.0,2882.0,90.0,3722.0,"{""type"":""MultiPoint"",""coordinates"":[]}"
00000000000000001884,2.74,766.0,424.0,253.0,38.0,2515.0,355.0,3740.0,"{""type"":""MultiPoint"",""coordinates"":[]}"
0000000000000000188e,2.46,766.0,236.0,135.0,38.0,2826.0,195.0,3750.0,"{""type"":""MultiPoint"",""coordinates"":[]}"
00000000000000001767,2.61,543.0,384.0,312.0,38.0,2063.0,446.0,3455.0,"{""type"":""MultiPoint"",""coordinates"":[]}"
00000000000000000495,2.82,575.0,488.0,428.0,38.0,1938.0,519.0,6678.0,"{""type"":""MultiPoint"",""coordinates"":[]}"
00000000000000001857,2.59,575.0,104.0,199.0,38.0,2319.0,209.0,3695.0,"{""type"":""MultiPoint"",""coordinates"":[]}"
00000000000000000461,2.84,607.0,598.0,268.0,38.0,1883.0,495.0,6626.0,"{""type"":""MultiPoint"",""coordinates"":[]}"
000000000000000004a1,2.2,607.0,405.0,255.0,38.0,2289.0,324.0,6690.0,"{""type"":""MultiPoint"",""coordinates"":[]}"
000000000000000017f1,2.79,607.0,330.0,492.0,38.0,2088.0,525.0,3593.0,"{""type"":""MultiPoint"",""coordinates"":[]}"
00000000000000001868,2.48,767.0,142.0,132.0,38.0,2762.0,171.0,3712.0,"{""type"":""MultiPoint"",""coordinates"":[]}"
00000000000000001869,2.92,767.0,356.0,204.0,38.0,2613.0,302.0,3713.0,"{""type"":""MultiPoint"",""coordinates"":[]}"
0000000000000000186a,2.02,767.0,83.0,92.0,38.0,2730.0,107.0,3714.0,"{""type"":""MultiPoint"",""coordinates"":[]}"
0000000000000000186d,2.1,767.0,184.0,203.0,38.0,2679.0,248.0,3717.0,"{""type"":""MultiPoint"",""coordinates"":[]}"
00000000000000001874,2.0,767.0,94.0,138.0,38.0,2621.0,238.0,3724.0,"{""type"":""MultiPoint"",""coordinates"":[]}"
00000000000000001882,2.33,767.0,268.0,166.0,38.0,2421.0,332.0,3738.0,"{""type"":""MultiPoint"",""coordinates"":[]}"
00000000000000001883,0.75,767.0,13.0,137.0,38.0,2727.0,221.0,3739.0,"{""type"":""MultiPoint"",""coordinates"":[]}"
000000000000000018f2,1.77,547.0,317.0,100.0,40.0,2768.0,120.0,3850.0,"{""type"":""MultiPoint"",""coordinates"":[]}"
000000000000000018fc,2.08,354.0,93.0,178.0,40.0,2520.0,151.0,3860.0,"{""type"":""MultiPoint"",""coordinates"":[]}"
000000000000000018ee,2.7,549.0,206.0,71.0,40.0,2769.0,100.0,3846.0,"{""type"":""MultiPoint"",""coordinates"":[]}"
000000000000000018fa,2.27,355.0,16.0,331.0,40.0,2518.0,286.0,3858.0,"{""type"":""MultiPoint"",""coordinates"":[]}"
000000000000000018ef,2.42,528.0,200.0,255.0,40.0,2483.0,290.0,3847.0,"{""type"":""MultiPoint"",""coordinates"":[]}"
000000000000000018f0,2.02,529.0,223.0,275.0,40.0,2540.0,292.0,3848.0,"{""type"":""MultiPoint"",""coordinates"":[]}"
000000000000000018f9,0.76,346.0,68.0,136.0,40.0,2498.0,107.0,3857.0,"{""type"":""MultiPoint"",""coordinates"":[]}"
000000000000000018ed,2.76,532.0,157.0,189.0,40.0,2573.0,223.0,3845.0,"{""type"":""MultiPoint"",""coordinates"":[]}"
000000000000000018f3,2.76,532.0,249.0,309.0,40.0,2348.0,367.0,3851.0,"{""type"":""MultiPoint"",""coordinates"":[]}"
000000000000000018ec,1.79,533.0,78.0,48.0,40.0,2639.0,39.0,3844.0,"{""type"":""MultiPoint"",""coordinates"":[]}"
000000000000000018f1,2.46,533.0,337.0,392.0,40.0,2186.0,483.0,3849.0,"{""type"":""MultiPoint"",""coordinates"":[]}"
000000000000000018fb,2.47,348.0,52.0,130.0,40.0,2508.0,115.0,3859.0,"{""type"":""MultiPoint"",""coordinates"":[]}"
000000000000000018f6,2.46,428.0,83.0,367.0,40.0,2519.0,389.0,3854.0,"{""type"":""MultiPoint"",""coordinates"":[]}"
000000000000000018f5,2.05,430.0,70.0,156.0,40.0,2507.0,187.0,3853.0,"{""type"":""MultiPoint"",""coordinates"":[]}"
000000000000000018f7,2.43,430.0,53.0,282.0,40.0,2566.0,290.0,3855.0,"{""type"":""MultiPoint"",""coordinates"":[]}"
000000000000000018f8,2.59,431.0,284.0,397.0,40.0,2476.0,433.0,3856.0,"{""type"":""MultiPoint"",""coordinates"":[]}"
0000000000000000097c,2.17,240.0,123.0,77.0,44.0,2438.0,217.0,7933.0,"{""type"":""MultiPoint"",""coordinates"":[]}"
00000000000000000984,2.81,240.0,687.0,334.0,44.0,1858.0,502.0,7941.0,"{""type"":""MultiPoint"",""coordinates"":[]}"
000000000000000009b7,2.69,240.0,652.0,330.0,44.0,1851.0,536.0,7992.0,"{""type"":""MultiPoint"",""coordinates"":[]}"
000000000000000009bb,1.96,240.0,409.0,280.0,44.0,2081.0,449.0,7996.0,"{""type"":""MultiPoint"",""coordinates"":[]}"
000000000000000009bc,1.52,240.0,417.0,310.0,44.0,2059.0,442.0,7997.0,"{""type"":""MultiPoint"",""coordinates"":[]}"
00000000000000000979,2.9,256.0,568.0,313.0,44.0,1911.0,506.0,7930.0,"{""type"":""MultiPoint"",""coordinates"":[]}"
0000000000000000097b,2.95,256.0,745.0,393.0,44.0,1729.0,576.0,7932.0,"{""type"":""MultiPoint"",""coordinates"":[]}"
00000000000000000981,2.95,256.0,633.0,262.0,44.0,1856.0,500.0,7938.0,"{""type"":""MultiPoint"",""coordinates"":[]}"
000000000000000009a2,2.55,256.0,490.0,327.0,44.0,1876.0,589.0,7971.0,"{""type"":""MultiPoint"",""coordinates"":[]}"
00000000000000000969,1.8,272.0,71.0,185.0,44.0,2197.0,277.0,7914.0,"{""type"":""MultiPoint"",""coordinates"":[]}"
0000000000000000079e,2.83,288.0,718.0,454.0,44.0,1704.0,611.0,7455.0,"{""type"":""MultiPoint"",""coordinates"":[]}"
0000000000000000079f,2.83,288.0,733.0,388.0,44.0,1770.0,566.0,7456.0,"{""type"":""MultiPoint"",""coordinates"":[]}"
00000000000000000914,0.66,288.0,145.0,214.0,44.0,2393.0,252.0,7829.0,"{""type"":""MultiPoint"",""coordinates"":[]}"
00000000000000000915,1.37,288.0,237.0,247.0,44.0,2322.0,288.0,7830.0,"{""type"":""MultiPoint"",""coordinates"":[]}"
00000000000000000921,3.0,288.0,911.0,230.0,44.0,1816.0,430.0,7842.0,"{""type"":""MultiPoint"",""coordinates"":[]}"
00000000000000000922,2.91,288.0,1111.0,238.0,44.0,1806.0,410.0,7843.0,"{""type"":""MultiPoint"",""coordinates"":[]}"
00000000000000000935,2.89,288.0,499.0,351.0,44.0,1906.0,530.0,7862.0,"{""type"":""MultiPoint"",""coordinates"":[]}"
00000000000000000936,1.65,288.0,-10.0,145.0,44.0,2585.0,131.0,7863.0,"{""type"":""MultiPoint"",""coordinates"":[]}"
00000000000000000937,1.68,288.0,359.0,415.0,44.0,2005.0,503.0,7864.0,"{""type"":""MultiPoint"",""coordinates"":[]}"
0000000000000000094a,2.64,288.0,782.0,368.0,44.0,1810.0,497.0,7883.0,"{""type"":""MultiPoint"",""coordinates"":[]}"
0000000000000000094b,2.54,288.0,873.0,419.0,44.0,1727.0,563.0,7884.0,"{""type"":""MultiPoint"",""coordinates"":[]}"
0000000000000000094f,2.18,288.0,402.0,311.0,44.0,2190.0,342.0,7888.0,"{""type"":""MultiPoint"",""coordinates"":[]}"
00000000000000000950,2.46,288.0,597.0,354.0,44.0,1940.0,458.0,7889.0,"{""type"":""MultiPoint"",""coordinates"":[]}"
00000000000000000953,1.0,288.0,239.0,230.0,44.0,2366.0,256.0,7892.0,"{""type"":""MultiPoint"",""coordinates"":[]}"
00000000000000000954,0.58,288.0,42.0,102.0,44.0,2521.0,134.0,7893.0,"{""type"":""MultiPoint"",""coordinates"":[]}"
00000000000000000956,1.17,288.0,215.0,279.0,44.0,2369.0,246.0,7895.0,"{""type"":""MultiPoint"",""coordinates"":[]}"
0000000000000000095b,1.57,288.0,402.0,323.0,44.0,2182.0,370.0,7900.0,"{""type"":""MultiPoint"",""coordinates"":[]}"
0000000000000000095c,1.55,288.0,459.0,350.0,44.0,2127.0,376.0,7901.0,"{""type"":""MultiPoint"",""coordinates"":[]}"
00000000000000000378,2.78,448.0,549.0,420.0,44.0,1962.0,591.0,6393.0,"{""type"":""MultiPoint"",""coordinates"":[]}"
00000000000000000367,1.38,464.0,174.0,113.0,44.0,2670.0,132.0,6376.0,"{""type"":""MultiPoint"",""coordinates"":[]}"
00000000000000000386,1.29,464.0,315.0,93.0,44.0,2514.0,171.0,6407.0,"{""type"":""MultiPoint"",""coordinates"":[]}"
00000000000000000384,1.74,480.0,266.0,145.0,44.0,2635.0,175.0,6405.0,"{""type"":""MultiPoint"",""coordinates"":[]}"
0000000000000000038f,2.61,480.0,623.0,352.0,44.0,1999.0,520.0,6416.0,"{""type"":""MultiPoint"",""coordinates"":[]}"
00000000000000000288,0.52,544.0,94.0,52.0,44.0,2653.0,56.0,6153.0,"{""type"":""MultiPoint"",""coordinates"":[]}"
00000000000000000327,0.69,576.0,-16.0,-37.0,44.0,2503.0,6.0,6312.0,"{""type"":""MultiPoint"",""coordinates"":[]}"
0000000000000000027b,1.35,640.0,74.0,114.0,44.0,2473.0,121.0,6140.0,"{""type"":""MultiPoint"",""coordinates"":[]}"
000000000000000002e6,2.08,640.0,58.0,66.0,44.0,2709.0,55.0,6247.0,"{""type"":""MultiPoint"",""coordinates"":[]}"
00000000000000000374,1.49,513.0,312.0,109.0,44.0,2345.0,177.0,6389.0,"{""type"":""MultiPoint"",""coordinates"":[]}"
0000000000000000037d,2.61,513.0,215.0,358.0,44.0,2254.0,420.0,6398.0,"{""type"":""MultiPoint"",""coordinates"":[]}"
000000000000000002d1,2.8,577.0,311.0,360.0,44.0,2166.0,471.0,6226.0,"{""type"":""MultiPoint"",""coordinates"":[]}"
000000000000000002d2,2.66,577.0,358.0,447.0,44.0,2103.0,508.0,6227.0,"{""type"":""MultiPoint"",""coordinates"":[]}"
00000000000000001e15,2.25,577.0,56.0,82.0,44.0,2437.0,88.0,5165.0,"{""type"":""MultiPoint"",""coordinates"":[]}"
00000000000000000258,3.0,641.0,643.0,251.0,44.0,2018.0,373.0,6105.0,"{""type"":""MultiPoint"",""coordinates"":[]}"
000000000000000002e4,1.43,641.0,33.0,-4.0,44.0,2619.0,-10.0,6245.0,"{""type"":""MultiPoint"",""coordinates"":[]}"
000000000000000002e7,1.27,641.0,122.0,-74.0,44.0,2758.0,-84.0,6248.0,"{""type"":""MultiPoint"",""coordinates"":[]}"
0000000000000000097d,2.41,257.0,140.0,116.0,44.0,2468.0,198.0,7934.0,"{""type"":""MultiPoint"",""coordinates"":[]}"
0000000000000000097f,2.87,257.0,605.0,324.0,44.0,1873.0,527.0,7936.0,"{""type"":""MultiPoint"",""coordinates"":[]}"
00000000000000000989,2.17,257.0,133.0,226.0,44.0,2307.0,288.0,7946.0,"{""type"":""MultiPoint"",""coordinates"":[]}"
0000000000000000098b,2.61,257.0,416.0,302.0,44.0,2057.0,447.0,7948.0,"{""type"":""MultiPoint"",""coordinates"":[]}"
0000000000000000099c,2.05,257.0,393.0,307.0,44.0,1961.0,540.0,7965.0,"{""type"":""MultiPoint"",""coordinates"":[]}"
0000000000000000099e,2.8,257.0,382.0,353.0,44.0,1884.0,595.0,7967.0,"{""type"":""MultiPoint"",""coordinates"":[]}"
0000000000000000079c,1.62,289.0,13.0,317.0,44.0,2348.0,373.0,7453.0,"{""type"":""MultiPoint"",""coordinates"":[]}"
0000000000000000079d,1.81,289.0,109.0,315.0,44.0,2328.0,381.0,7454.0,"{""type"":""MultiPoint"",""coordinates"":[]}"
000000000000000007a0,1.17,289.0,153.0,271.0,44.0,2333.0,340.0,7457.0,"{""type"":""MultiPoint"",""coordinates"":[]}"
00000000000000000913,1.16,289.0,113.0,119.0,44.0,2764.0,144.0,7828.0,"{""type"":""MultiPoint"",""coordinates"":[]}"
00000000000000000920,0.68,289.0,93.0,116.0,44.0,2596.0,128.0,7841.0,"{""type"":""MultiPoint"",""coordinates"":[]}"
00000000000000000925,0.8,289.0,343.0,185.0,44.0,2236.0,290.0,7846.0,"{""type"":""MultiPoint"",""coordinates"":[]}"
0000000000000000092a,0.82,289.0,27.0,166.0,44.0,2488.0,210.0,7851.0,"{""type"":""MultiPoint"",""coordinates"":[]}"
00000000000000000934,2.53,289.0,699.0,360.0,44.0,1894.0,527.0,7861.0,"{""type"":""MultiPoint"",""coordinates"":[]}"
00000000000000000938,1.45,289.0,48.0,243.0,44.0,2407.0,269.0,7865.0,"{""type"":""MultiPoint"",""coordinates"":[]}"
00000000000000000939,2.72,289.0,684.0,421.0,44.0,1809.0,579.0,7866.0,"{""type"":""MultiPoint"",""coordinates"":[]}"
0000000000000000093b,2.9,289.0,807.0,414.0,44.0,1657.0,641.0,7868.0,"{""type"":""MultiPoint"",""coordinates"":[]}"
0000000000000000095d,2.73,289.0,904.0,377.0,44.0,1704.0,566.0,7902.0,"{""type"":""MultiPoint"",""coordinates"":[]}"
0000000000000000036b,2.73,401.0,566.0,457.0,44.0,1905.0,611.0,6380.0,"{""type"":""MultiPoint"",""coordinates"":[]}"
00000000000000000379,2.26,417.0,412.0,333.0,44.0,2265.0,437.0,6394.0,"{""type"":""MultiPoint"",""coordinates"":[]}"
000000000000000003a3,1.79,449.0,72.0,110.0,44.0,2736.0,116.0,6436.0,"{""type"":""MultiPoint"",""coordinates"":[]}"
00000000000000000299,0.83,546.0,40.0,54.0,44.0,2662.0,56.0,6170.0,"{""type"":""MultiPoint"",""coordinates"":[]}"
0000000000000000029a,0.5,546.0,120.0,81.0,44.0,2650.0,57.0,6171.0,"{""type"":""MultiPoint"",""coordinates"":[]}"
000000000000000002ea,2.8,546.0,184.0,235.0,44.0,2409.0,335.0,6251.0,"{""type"":""MultiPoint"",""coordinates"":[]}"
0000000000000000034e,2.22,578.0,54.0,204.0,44.0,2375.0,250.0,6351.0,"{""type"":""MultiPoint"",""coordinates"":[]}"
000000000000000002e5,1.92,642.0,-34.0,77.0,44.0,2538.0,86.0,6246.0,"{""type"":""MultiPoint"",""coordinates"":[]}"
00000000000000000248,1.79,611.0,301.0,204.0,44.0,2330.0,281.0,6089.0,"{""type"":""MultiPoint"",""coordinates"":[]}"
000000000000000002d5,2.36,611.0,134.0,348.0,44.0,2283.0,388.0,6230.0,"{""type"":""MultiPoint"",""coordinates"":[]}"
00000000000000000335,1.54,611.0,61.0,51.0,44.0,2634.0,56.0,6326.0,"{""type"":""MultiPoint"",""coordinates"":[]}"
00000000000000000976,1.87,249.0,243.0,183.0,44.0,2257.0,338.0,7927.0,"{""type"":""MultiPoint"",""coordinates"":[]}"
0000000000000000098a,1.1,249.0,63.0,131.0,44.0,2351.0,141.0,7947.0,"{""type"":""MultiPoint"",""coordinates"":[]}"
00000000000000000987,2.69,258.0,568.0,279.0,44.0,1940.0,475.0,7944.0,"{""type"":""MultiPoint"",""coordinates"":[]}"
0000000000000000099f,2.74,258.0,509.0,424.0,44.0,1796.0,616.0,7968.0,"{""type"":""MultiPoint"",""coordinates"":[]}"
0000000000000000096a,0.64,274.0,12.0,105.0,44.0,2350.0,134.0,7915.0,"{""type"":""MultiPoint"",""coordinates"":[]}"
0000000000000000091f,0.92,290.0,178.0,145.0,44.0,2586.0,176.0,7840.0,"{""type"":""MultiPoint"",""coordinates"":[]}"
00000000000000000926,2.64,290.0,706.0,252.0,44.0,1969.0,447.0,7847.0,"{""type"":""MultiPoint"",""coordinates"":[]}"
00000000000000000927,2.32,290.0,490.0,251.0,44.0,2155.0,407.0,7848.0,"{""type"":""MultiPoint"",""coordinates"":[]}"
0000000000000000092c,2.86,290.0,599.0,250.0,44.0,2139.0,395.0,7853.0,"{""type"":""MultiPoint"",""coordinates"":[]}"
0000000000000000093a,1.21,290.0,-25.0,64.0,44.0,2409.0,98.0,7867.0,"{""type"":""MultiPoint"",""coordinates"":[]}"
0000000000000000093d,1.64,290.0,409.0,409.0,44.0,2001.0,524.0,7870.0,"{""type"":""MultiPoint"",""coordinates"":[]}"
0000000000000000095e,1.59,290.0,127.0,109.0,44.0,2716.0,139.0,7903.0,"{""type"":""MultiPoint"",""coordinates"":[]}"
00000000000000000369,0.82,402.0,209.0,109.0,44.0,2531.0,152.0,6378.0,"{""type"":""MultiPoint"",""coordinates"":[]}"
000000000000000003a9,0.98,402.0,56.0,130.0,44.0,2605.0,148.0,6442.0,"{""type"":""MultiPoint"",""coordinates"":[]}"
00000000000000000394,2.28,450.0,746.0,289.0,44.0,2234.0,414.0,6421.0,"{""type"":""MultiPoint"",""coordinates"":[]}"
00000000000000000370,1.38,498.0,194.0,18.0,44.0,2390.0,72.0,6385.0,"{""type"":""MultiPoint"",""coordinates"":[]}"
0000000000000000039d,1.65,498.0,299.0,182.0,44.0,2468.0,248.0,6430.0,"{""type"":""MultiPoint"",""coordinates"":[]}"
0000000000000000029b,0.16,548.0,-7.0,80.0,44.0,2954.0,55.0,6172.0,"{""type"":""MultiPoint"",""coordinates"":[]}"
000000000000000002ed,2.27,548.0,62.0,26.0,44.0,2675.0,20.0,6254.0,"{""type"":""MultiPoint"",""coordinates"":[]}"
0000000000000000025b,2.95,580.0,624.0,350.0,44.0,1957.0,475.0,6108.0,"{""type"":""MultiPoint"",""coordinates"":[]}"
00000000000000000336,0.95,612.0,-69.0,-13.0,44.0,2650.0,51.0,6327.0,"{""type"":""MultiPoint"",""coordinates"":[]}"
0000000000000000036d,1.36,517.0,102.0,168.0,44.0,2570.0,183.0,6382.0,"{""type"":""MultiPoint"",""coordinates"":[]}"
0000000000000000029c,1.02,549.0,132.0,130.0,44.0,2577.0,106.0,6173.0,"{""type"":""MultiPoint"",""coordinates"":[]}"
000000000000000002ec,2.37,549.0,145.0,126.0,44.0,2498.0,197.0,6253.0,"{""type"":""MultiPoint"",""coordinates"":[]}"
0000000000000000037a,1.3,549.0,43.0,210.0,44.0,2466.0,214.0,6395.0,"{""type"":""MultiPoint"",""coordinates"":[]}"
00000000000000000269,0.02,581.0,19.0,39.0,44.0,2463.0,35.0,6122.0,"{""type"":""MultiPoint"",""coordinates"":[]}"
0000000000000000026d,1.46,581.0,23.0,153.0,44.0,2454.0,118.0,6126.0,"{""type"":""MultiPoint"",""coordinates"":[]}"
0000000000000000025c,2.51,613.0,349.0,229.0,44.0,2269.0,289.0,6109.0,"{""type"":""MultiPoint"",""coordinates"":[]}"
000000000000000002da,2.01,645.0,46.0,113.0,44.0,2525.0,81.0,6235.0,"{""type"":""MultiPoint"",""coordinates"":[]}"
000000000000000002db,1.82,645.0,130.0,200.0,44.0,2439.0,204.0,6236.0,"{""type"":""MultiPoint"",""coordinates"":[]}"
000000000000000002de,1.72,645.0,173.0,69.0,44.0,2579.0,102.0,6239.0,"{""type"":""MultiPoint"",""coordinates"":[]}"
00000000000000000994,1.62,259.0,120.0,119.0,44.0,2334.0,152.0,7957.0,"{""type"":""MultiPoint"",""coordinates"":[]}"
0000000000000000090f,2.88,291.0,941.0,187.0,44.0,1915.0,408.0,7824.0,"{""type"":""MultiPoint"",""coordinates"":[]}"
00000000000000000910,2.85,291.0,711.0,73.0,44.0,2184.0,256.0,7825.0,"{""type"":""MultiPoint"",""coordinates"":[]}"
00000000000000000919,1.13,291.0,221.0,84.0,44.0,2620.0,133.0,7834.0,"{""type"":""MultiPoint"",""coordinates"":[]}"
0000000000000000091e,1.96,291.0,371.0,275.0,44.0,2166.0,385.0,7839.0,"{""type"":""MultiPoint"",""coordinates"":[]}"
00000000000000000928,1.39,291.0,51.0,256.0,44.0,2380.0,260.0,7849.0,"{""type"":""MultiPoint"",""coordinates"":[]}"
0000000000000000092d,2.72,291.0,641.0,213.0,44.0,2270.0,337.0,7854.0,"{""type"":""MultiPoint"",""coordinates"":[]}"
0000000000000000093c,0.96,291.0,51.0,231.0,44.0,2364.0,238.0,7869.0,"{""type"":""MultiPoint"",""coordinates"":[]}"
0000000000000000093e,2.88,291.0,504.0,381.0,44.0,1912.0,522.0,7871.0,"{""type"":""MultiPoint"",""coordinates"":[]}"
0000000000000000093f,1.38,291.0,329.0,374.0,44.0,2105.0,472.0,7872.0,"{""type"":""MultiPoint"",""coordinates"":[]}"
00000000000000000941,1.33,291.0,193.0,282.0,44.0,2317.0,319.0,7874.0,"{""type"":""MultiPoint"",""coordinates"":[]}"
0000000000000000095f,1.05,291.0,232.0,91.0,44.0,2618.0,130.0,7904.0,"{""type"":""MultiPoint"",""coordinates"":[]}"
00000000000000000961,0.88,291.0,131.0,90.0,44.0,2510.0,100.0,7906.0,"{""type"":""MultiPoint"",""coordinates"":[]}"
00000000000000000964,1.64,291.0,186.0,199.0,44.0,2465.0,199.0,7909.0,"{""type"":""MultiPoint"",""coordinates"":[]}"
00000000000000000377,1.99,387.0,552.0,266.0,44.0,2271.0,404.0,6392.0,"{""type"":""MultiPoint"",""coordinates"":[]}"
00000000000000000381,1.08,435.0,48.0,209.0,44.0,2714.0,255.0,6402.0,"{""type"":""MultiPoint"",""coordinates"":[]}"
00000000000000000390,0.16,435.0,188.0,202.0,44.0,2680.0,231.0,6417.0,"{""type"":""MultiPoint"",""coordinates"":[]}"
0000000000000000029d,1.12,550.0,122.0,143.0,44.0,2574.0,134.0,6174.0,"{""type"":""MultiPoint"",""coordinates"":[]}"
0000000000000000029e,0.76,550.0,62.0,86.0,44.0,2564.0,57.0,6175.0,"{""type"":""MultiPoint"",""coordinates"":[]}"
00000000000000000259,1.9,614.0,146.0,173.0,44.0,2439.0,210.0,6106.0,"{""type"":""MultiPoint"",""coordinates"":[]}"
000000000000000002d6,2.32,614.0,341.0,32.0,44.0,2477.0,187.0,6231.0,"{""type"":""MultiPoint"",""coordinates"":[]}"
00000000000000000337,1.43,614.0,15.0,-13.0,44.0,2685.0,47.0,6328.0,"{""type"":""MultiPoint"",""coordinates"":[]}"
0000000000000000024e,2.95,646.0,586.0,287.0,44.0,2027.0,392.0,6095.0,"{""type"":""MultiPoint"",""coordinates"":[]}"
000000000000000002d9,1.88,519.0,261.0,28.0,44.0,2531.0,143.0,6234.0,"{""type"":""MultiPoint"",""coordinates"":[]}"
0000000000000000038c,2.1,551.0,300.0,175.0,44.0,2421.0,223.0,6413.0,"{""type"":""MultiPoint"",""coordinates"":[]}"
0000000000000000032a,0.67,583.0,-19.0,-12.0,44.0,2448.0,48.0,6315.0,"{""type"":""MultiPoint"",""coordinates"":[]}"
0000000000000000035b,0.95,583.0,67.0,131.0,44.0,2532.0,104.0,6364.0,"{""type"":""MultiPoint"",""coordinates"":[]}"
000000000000000002cc,1.72,647.0,62.0,145.0,44.0,2656.0,119.0,6221.0,"{""type"":""MultiPoint"",""coordinates"":[]}"
00000000000000000986,2.94,242.0,553.0,293.0,44.0,2002.0,458.0,7943.0,"{""type"":""MultiPoint"",""coordinates"":[]}"
000000000000000009bd,2.61,242.0,726.0,393.0,44.0,1767.0,570.0,7998.0,"{""type"":""MultiPoint"",""coordinates"":[]}"
0000000000000000098d,1.71,260.0,451.0,144.0,44.0,2200.0,224.0,7950.0,"{""type"":""MultiPoint"",""coordinates"":[]}"
000000000000000009a0,2.45,260.0,569.0,417.0,44.0,1816.0,628.0,7969.0,"{""type"":""MultiPoint"",""coordinates"":[]}"
0000000000000000096d,1.0,276.0,40.0,94.0,44.0,2390.0,136.0,7918.0,"{""type"":""MultiPoint"",""coordinates"":[]}"
0000000000000000096e,2.84,276.0,619.0,306.0,44.0,1874.0,521.0,7919.0,"{""type"":""MultiPoint"",""coordinates"":[]}"
000000000000000009a6,2.57,276.0,821.0,90.0,44.0,1876.0,264.0,7975.0,"{""type"":""MultiPoint"",""coordinates"":[]}"
000000000000000009a7,2.67,276.0,687.0,89.0,44.0,1886.0,216.0,7976.0,"{""type"":""MultiPoint"",""coordinates"":[]}"
000000000000000009a9,0.69,276.0,597.0,90.0,44.0,2129.0,232.0,7978.0,"{""type"":""MultiPoint"",""coordinates"":[]}"
000000000000000009aa,1.25,276.0,500.0,87.0,44.0,2300.0,207.0,7979.0,"{""type"":""MultiPoint"",""coordinates"":[]}"
000000000000000009ab,1.06,276.0,232.0,136.0,44.0,2404.0,220.0,7980.0,"{""type"":""MultiPoint"",""coordinates"":[]}"
000000000000000009ad,1.57,276.0,545.0,89.0,44.0,2250.0,238.0,7982.0,"{""type"":""MultiPoint"",""coordinates"":[]}"
000000000000000009ae,2.17,276.0,587.0,82.0,44.0,2122.0,203.0,7983.0,"{""type"":""MultiPoint"",""coordinates"":[]}"
0000000000000000090d,0.62,292.0,122.0,66.0,44.0,2729.0,79.0,7822.0,"{""type"":""MultiPoint"",""coordinates"":[]}"
0000000000000000091d,2.86,292.0,627.0,310.0,44.0,1923.0,492.0,7838.0,"{""type"":""MultiPoint"",""coordinates"":[]}"
00000000000000000929,2.86,292.0,533.0,290.0,44.0,2008.0,426.0,7850.0,"{""type"":""MultiPoint"",""coordinates"":[]}"
00000000000000000943,1.43,292.0,87.0,231.0,44.0,2422.0,255.0,7876.0,"{""type"":""MultiPoint"",""coordinates"":[]}"
000000000000000008f3,2.28,340.0,572.0,31.0,44.0,2367.0,290.0,7796.0,"{""type"":""MultiPoint"",""coordinates"":[]}"
000000000000000008f4,2.36,340.0,543.0,15.0,44.0,2404.0,270.0,7797.0,"{""type"":""MultiPoint"",""coordinates"":[]}"
00000000000000000382,1.09,452.0,232.0,141.0,44.0,2525.0,200.0,6403.0,"{""type"":""MultiPoint"",""coordinates"":[]}"
00000000000000000387,1.67,452.0,255.0,204.0,44.0,2477.0,245.0,6408.0,"{""type"":""MultiPoint"",""coordinates"":[]}"
0000000000000000038a,2.33,452.0,673.0,319.0,44.0,2188.0,429.0,6411.0,"{""type"":""MultiPoint"",""coordinates"":[]}"
0000000000000000037e,2.07,468.0,277.0,290.0,44.0,2441.0,297.0,6399.0,"{""type"":""MultiPoint"",""coordinates"":[]}"
000000000000000002e3,1.99,520.0,153.0,-16.0,44.0,2577.0,-23.0,6244.0,"{""type"":""MultiPoint"",""coordinates"":[]}"
000000000000000003a1,2.01,520.0,446.0,264.0,44.0,2255.0,354.0,6434.0,"{""type"":""MultiPoint"",""coordinates"":[]}"
00000000000000000265,0.91,584.0,46.0,46.0,44.0,2472.0,52.0,6118.0,"{""type"":""MultiPoint"",""coordinates"":[]}"
00000000000000000267,0.29,584.0,33.0,67.0,44.0,2630.0,70.0,6120.0,"{""type"":""MultiPoint"",""coordinates"":[]}"
00000000000000000328,0.55,584.0,22.0,-58.0,44.0,2553.0,-6.0,6313.0,"{""type"":""MultiPoint"",""coordinates"":[]}"
00000000000000000338,1.51,584.0,-5.0,120.0,44.0,2509.0,116.0,6329.0,"{""type"":""MultiPoint"",""coordinates"":[]}"
0000000000000000024f,2.98,648.0,527.0,203.0,44.0,2071.0,312.0,6096.0,"{""type"":""MultiPoint"",""coordinates"":[]}"
00000000000000000256,2.9,648.0,596.0,281.0,44.0,2048.0,410.0,6103.0,"{""type"":""MultiPoint"",""coordinates"":[]}"
000000000000000002dc,1.82,648.0,96.0,-14.0,44.0,2742.0,-26.0,6237.0,"{""type"":""MultiPoint"",""coordinates"":[]}"
000000000000000002d8,1.0,521.0,197.0,-37.0,44.0,2536.0,-32.0,6233.0,"{""type"":""MultiPoint"",""coordinates"":[]}"
00000000000000000266,0.78,585.0,29.0,69.0,44.0,2580.0,101.0,6119.0,"{""type"":""MultiPoint"",""coordinates"":[]}"
00000000000000000349,2.53,585.0,20.0,228.0,44.0,2510.0,222.0,6346.0,"{""type"":""MultiPoint"",""coordinates"":[]}"
0000000000000000098f,2.36,261.0,60.0,333.0,44.0,2328.0,313.0,7952.0,"{""type"":""MultiPoint"",""coordinates"":[]}"
000000000000000009b0,2.12,261.0,350.0,202.0,44.0,2111.0,400.0,7985.0,"{""type"":""MultiPoint"",""coordinates"":[]}"
0000000000000000096f,1.19,277.0,106.0,181.0,44.0,2350.0,225.0,7920.0,"{""type"":""MultiPoint"",""coordinates"":[]}"
00000000000000000999,0.82,277.0,41.0,49.0,44.0,2368.0,92.0,7962.0,"{""type"":""MultiPoint"",""coordinates"":[]}"
000000000000000009a8,2.26,277.0,715.0,99.0,44.0,1923.0,285.0,7977.0,"{""type"":""MultiPoint"",""coordinates"":[]}"
000000000000000009af,1.58,277.0,241.0,85.0,44.0,2442.0,153.0,7984.0,"{""type"":""MultiPoint"",""coordinates"":[]}"
00000000000000000905,1.98,293.0,15.0,272.0,44.0,2479.0,278.0,7814.0,"{""type"":""MultiPoint"",""coordinates"":[]}"
0000000000000000091a,1.22,293.0,113.0,111.0,44.0,2608.0,151.0,7835.0,"{""type"":""MultiPoint"",""coordinates"":[]}"
0000000000000000091b,2.77,293.0,530.0,367.0,44.0,1935.0,506.0,7836.0,"{""type"":""MultiPoint"",""coordinates"":[]}"
0000000000000000091c,0.83,293.0,23.0,260.0,44.0,2397.0,270.0,7837.0,"{""type"":""MultiPoint"",""coordinates"":[]}"
0000000000000000092e,2.32,293.0,-23.0,293.0,44.0,2443.0,273.0,7855.0,"{""type"":""MultiPoint"",""coordinates"":[]}"
0000000000000000092f,2.91,293.0,497.0,352.0,44.0,2043.0,475.0,7856.0,"{""type"":""MultiPoint"",""coordinates"":[]}"
00000000000000000930,0.67,293.0,62.0,244.0,44.0,2519.0,250.0,7857.0,"{""type"":""MultiPoint"",""coordinates"":[]}"
00000000000000000931,2.41,293.0,249.0,208.0,44.0,2460.0,288.0,7858.0,"{""type"":""MultiPoint"",""coordinates"":[]}"
00000000000000000942,2.63,293.0,196.0,321.0,44.0,2291.0,376.0,7875.0,"{""type"":""MultiPoint"",""coordinates"":[]}"
00000000000000000948,0.2,293.0,93.0,86.0,44.0,2887.0,91.0,7881.0,"{""type"":""MultiPoint"",""coordinates"":[]}"
00000000000000000949,1.45,293.0,6.0,147.0,44.0,2373.0,137.0,7882.0,"{""type"":""MultiPoint"",""coordinates"":[]}"
00000000000000000962,1.58,293.0,41.0,133.0,44.0,2666.0,126.0,7907.0,"{""type"":""MultiPoint"",""coordinates"":[]}"
00000000000000000399,1.13,405.0,53.0,111.0,44.0,2434.0,114.0,6426.0,"{""type"":""MultiPoint"",""coordinates"":[]}"
000000000000000003a0,1.34,437.0,143.0,190.0,44.0,2632.0,271.0,6433.0,"{""type"":""MultiPoint"",""coordinates"":[]}"
0000000000000000037c,1.12,453.0,323.0,76.0,44.0,2651.0,195.0,6397.0,"{""type"":""MultiPoint"",""coordinates"":[]}"
00000000000000000375,1.11,469.0,316.0,55.0,44.0,2666.0,128.0,6390.0,"{""type"":""MultiPoint"",""coordinates"":[]}"
0000000000000000037b,2.45,501.0,448.0,386.0,44.0,2064.0,519.0,6396.0,"{""type"":""MultiPoint"",""coordinates"":[]}"
0000000000000000032d,1.52,586.0,-29.0,56.0,44.0,2461.0,90.0,6318.0,"{""type"":""MultiPoint"",""coordinates"":[]}"
0000000000000000035a,0.89,586.0,102.0,118.0,44.0,2709.0,118.0,6363.0,"{""type"":""MultiPoint"",""coordinates"":[]}"
00000000000000000252,2.65,618.0,299.0,180.0,44.0,2307.0,256.0,6099.0,"{""type"":""MultiPoint"",""coordinates"":[]}"
00000000000000000264,1.97,587.0,65.0,148.0,44.0,2442.0,124.0,6117.0,"{""type"":""MultiPoint"",""coordinates"":[]}"
0000000000000000033a,1.55,587.0,-18.0,80.0,44.0,2543.0,111.0,6331.0,"{""type"":""MultiPoint"",""coordinates"":[]}"
0000000000000000034a,2.39,587.0,36.0,200.0,44.0,2440.0,204.0,6347.0,"{""type"":""MultiPoint"",""coordinates"":[]}"
00000000000000000359,0.77,587.0,15.0,88.0,44.0,2579.0,60.0,6362.0,"{""type"":""MultiPoint"",""coordinates"":[]}"
0000000000000000035e,1.29,587.0,259.0,127.0,44.0,2744.0,134.0,6367.0,"{""type"":""MultiPoint"",""coordinates"":[]}"
0000000000000000035f,1.43,587.0,173.0,134.0,44.0,2812.0,146.0,6368.0,"{""type"":""MultiPoint"",""coordinates"":[]}"
00000000000000000360,1.04,587.0,36.0,183.0,44.0,2684.0,169.0,6369.0,"{""type"":""MultiPoint"",""coordinates"":[]}"
00000000000000000974,1.61,251.0,365.0,277.0,44.0,2161.0,384.0,7925.0,"{""type"":""MultiPoint"",""coordinates"":[]}"
0000000000000000098c,2.57,251.0,403.0,307.0,44.0,2023.0,457.0,7949.0,"{""type"":""MultiPoint"",""coordinates"":[]}"
0000000000000000099b,1.23,251.0,331.0,283.0,44.0,2222.0,317.0,7964.0,"{""type"":""MultiPoint"",""coordinates"":[]}"
00000000000000000992,1.86,262.0,59.0,49.0,44.0,2351.0,104.0,7955.0,"{""type"":""MultiPoint"",""coordinates"":[]}"
00000000000000000971,2.71,278.0,617.0,125.0,44.0,2127.0,285.0,7922.0,"{""type"":""MultiPoint"",""coordinates"":[]}"
00000000000000000762,2.53,294.0,162.0,291.0,44.0,2261.0,367.0,7395.0,"{""type"":""MultiPoint"",""coordinates"":[]}"
000000000000000008fe,2.92,294.0,679.0,177.0,44.0,2087.0,368.0,7807.0,"{""type"":""MultiPoint"",""coordinates"":[]}"
00000000000000000900,2.73,294.0,306.0,232.0,44.0,2250.0,368.0,7809.0,"{""type"":""MultiPoint"",""coordinates"":[]}"
00000000000000000901,2.68,294.0,301.0,202.0,44.0,2299.0,329.0,7810.0,"{""type"":""MultiPoint"",""coordinates"":[]}"
00000000000000000902,1.93,294.0,18.0,110.0,44.0,2744.0,114.0,7811.0,"{""type"":""MultiPoint"",""coordinates"":[]}"
00000000000000000903,1.51,294.0,18.0,279.0,44.0,2460.0,284.0,7812.0,"{""type"":""MultiPoint"",""coordinates"":[]}"
00000000000000000904,1.33,294.0,383.0,340.0,44.0,2218.0,413.0,7813.0,"{""type"":""MultiPoint"",""coordinates"":[]}"
00000000000000000906,2.48,294.0,399.0,345.0,44.0,2058.0,463.0,7815.0,"{""type"":""MultiPoint"",""coordinates"":[]}"
00000000000000000907,1.73,294.0,0.0,233.0,44.0,2465.0,268.0,7816.0,"{""type"":""MultiPoint"",""coordinates"":[]}"
00000000000000000908,2.45,294.0,352.0,365.0,44.0,2142.0,452.0,7817.0,"{""type"":""MultiPoint"",""coordinates"":[]}"
00000000000000000909,1.57,294.0,-37.0,277.0,44.0,2477.0,271.0,7818.0,"{""type"":""MultiPoint"",""coordinates"":[]}"
0000000000000000090a,2.69,294.0,558.0,428.0,44.0,1841.0,577.0,7819.0,"{""type"":""MultiPoint"",""coordinates"":[]}"
00000000000000000933,1.53,294.0,146.0,215.0,44.0,2387.0,259.0,7860.0,"{""type"":""MultiPoint"",""coordinates"":[]}"
00000000000000000940,2.92,294.0,447.0,278.0,44.0,2182.0,390.0,7873.0,"{""type"":""MultiPoint"",""coordinates"":[]}"
00000000000000000944,1.62,294.0,135.0,323.0,44.0,2334.0,334.0,7877.0,"{""type"":""MultiPoint"",""coordinates"":[]}"
00000000000000000947,2.24,294.0,280.0,349.0,44.0,2219.0,399.0,7880.0,"{""type"":""MultiPoint"",""coordinates"":[]}"
000000000000000008f1,1.41,342.0,174.0,46.0,44.0,2806.0,112.0,7794.0,"{""type"":""MultiPoint"",""coordinates"":[]}"
000000000000000008f2,1.5,342.0,316.0,37.0,44.0,2736.0,138.0,7795.0,"{""type"":""MultiPoint"",""coordinates"":[]}"
0000000000000000039f,1.77,438.0,159.0,112.0,44.0,2589.0,113.0,6432.0,"{""type"":""MultiPoint"",""coordinates"":[]}"
000000000000000002ce,1.93,524.0,77.0,92.0,44.0,2392.0,89.0,6223.0,"{""type"":""MultiPoint"",""coordinates"":[]}"
0000000000000000032f,0.97,588.0,-12.0,-23.0,44.0,2521.0,19.0,6320.0,"{""type"":""MultiPoint"",""coordinates"":[]}"
00000000000000000351,1.85,588.0,-5.0,152.0,44.0,2600.0,143.0,6354.0,"{""type"":""MultiPoint"",""coordinates"":[]}"
00000000000000000278,1.44,557.0,113.0,45.0,44.0,2462.0,66.0,6137.0,"{""type"":""MultiPoint"",""coordinates"":[]}"
00000000000000000340,2.7,589.0,633.0,174.0,44.0,2025.0,475.0,6337.0,"{""type"":""MultiPoint"",""coordinates"":[]}"
00000000000000000361,1.9,589.0,11.0,192.0,44.0,2726.0,160.0,6370.0,"{""type"":""MultiPoint"",""coordinates"":[]}"
0000000000000000024d,2.88,653.0,489.0,192.0,44.0,2183.0,313.0,6094.0,"{""type"":""MultiPoint"",""coordinates"":[]}"
00000000000000000255,1.53,685.0,227.0,33.0,44.0,2310.0,76.0,6102.0,"{""type"":""MultiPoint"",""coordinates"":[]}"
00000000000000000246,0.81,909.0,18.0,9.0,44.0,2741.0,-36.0,6087.0,"{""type"":""MultiPoint"",""coordinates"":[]}"
000000000000000009cc,2.09,263.0,209.0,303.0,44.0,2259.0,340.0,8013.0,"{""type"":""MultiPoint"",""coordinates"":[]}"
0000000000000000099a,2.39,279.0,151.0,244.0,44.0,2287.0,292.0,7963.0,"{""type"":""MultiPoint"",""coordinates"":[]}"
0000000000000000075b,0.82,295.0,-54.0,267.0,44.0,2472.0,220.0,7388.0,"{""type"":""MultiPoint"",""coordinates"":[]}"
000000000000000008fc,1.72,295.0,-9.0,268.0,44.0,2448.0,287.0,7805.0,"{""type"":""MultiPoint"",""coordinates"":[]}"
000000000000000008fd,2.71,295.0,438.0,408.0,44.0,1934.0,542.0,7806.0,"{""type"":""MultiPoint"",""coordinates"":[]}"
0000000000000000090b,2.69,295.0,390.0,257.0,44.0,2092.0,416.0,7820.0,"{""type"":""MultiPoint"",""coordinates"":[]}"
00000000000000000932,2.82,295.0,226.0,366.0,44.0,2131.0,436.0,7859.0,"{""type"":""MultiPoint"",""coordinates"":[]}"
000000000000000002cd,1.66,526.0,56.0,324.0,44.0,2396.0,313.0,6222.0,"{""type"":""MultiPoint"",""coordinates"":[]}"
00000000000000000391,2.61,526.0,513.0,317.0,44.0,2096.0,477.0,6418.0,"{""type"":""MultiPoint"",""coordinates"":[]}"
00000000000000000392,2.91,526.0,372.0,351.0,44.0,2113.0,481.0,6419.0,"{""type"":""MultiPoint"",""coordinates"":[]}"
00000000000000001e14,2.86,526.0,92.0,315.0,44.0,2354.0,337.0,5164.0,"{""type"":""MultiPoint"",""coordinates"":[]}"
00000000000000000271,0.59,558.0,101.0,53.0,44.0,2546.0,18.0,6130.0,"{""type"":""MultiPoint"",""coordinates"":[]}"
00000000000000000277,1.39,558.0,141.0,149.0,44.0,2480.0,143.0,6136.0,"{""type"":""MultiPoint"",""coordinates"":[]}"
0000000000000000034b,2.51,590.0,299.0,304.0,44.0,2147.0,453.0,6348.0,"{""type"":""MultiPoint"",""coordinates"":[]}"
00000000000000000350,2.8,590.0,571.0,227.0,44.0,1991.0,503.0,6353.0,"{""type"":""MultiPoint"",""coordinates"":[]}"
00000000000000000352,2.43,590.0,489.0,211.0,44.0,2136.0,388.0,6355.0,"{""type"":""MultiPoint"",""coordinates"":[]}"
00000000000000001e13,2.64,527.0,80.0,300.0,44.0,2415.0,291.0,5163.0,"{""type"":""MultiPoint"",""coordinates"":[]}"
00000000000000000262,0.76,559.0,202.0,113.0,44.0,2475.0,73.0,6115.0,"{""type"":""MultiPoint"",""coordinates"":[]}"
00000000000000000342,2.9,591.0,614.0,255.0,44.0,2006.0,531.0,6339.0,"{""type"":""MultiPoint"",""coordinates"":[]}"
0000000000000000097a,1.25,244.0,160.0,135.0,44.0,2377.0,257.0,7931.0,"{""type"":""MultiPoint"",""coordinates"":[]}"
00000000000000000983,1.35,252.0,25.0,38.0,44.0,2454.0,50.0,7940.0,"{""type"":""MultiPoint"",""coordinates"":[]}"
0000000000000000098e,2.84,252.0,383.0,174.0,44.0,2083.0,363.0,7951.0,"{""type"":""MultiPoint"",""coordinates"":[]}"
000000000000000009a1,1.12,264.0,322.0,368.0,44.0,2054.0,486.0,7970.0,"{""type"":""MultiPoint"",""coordinates"":[]}"
000000000000000009d0,2.29,264.0,493.0,396.0,44.0,1891.0,537.0,8017.0,"{""type"":""MultiPoint"",""coordinates"":[]}"
000000000000000009d1,2.68,264.0,433.0,391.0,44.0,1941.0,515.0,8018.0,"{""type"":""MultiPoint"",""coordinates"":[]}"
000000000000000009d2,1.23,264.0,24.0,243.0,44.0,2312.0,278.0,8019.0,"{""type"":""MultiPoint"",""coordinates"":[]}"
000000000000000009d3,2.07,264.0,241.0,338.0,44.0,2155.0,377.0,8020.0,"{""type"":""MultiPoint"",""coordinates"":[]}"
0000000000000000075d,1.85,296.0,-1.0,251.0,44.0,2428.0,250.0,7390.0,"{""type"":""MultiPoint"",""coordinates"":[]}"
00000000000000000760,0.75,296.0,116.0,164.0,44.0,2842.0,184.0,7393.0,"{""type"":""MultiPoint"",""coordinates"":[]}"
00000000000000000761,1.38,296.0,176.0,99.0,44.0,2883.0,132.0,7394.0,"{""type"":""MultiPoint"",""coordinates"":[]}"
00000000000000000763,1.61,296.0,-7.0,272.0,44.0,2434.0,284.0,7396.0,"{""type"":""MultiPoint"",""coordinates"":[]}"
000000000000000008fb,2.8,296.0,320.0,287.0,44.0,2079.0,477.0,7804.0,"{""type"":""MultiPoint"",""coordinates"":[]}"
00000000000000000945,1.38,296.0,56.0,224.0,44.0,2427.0,236.0,7878.0,"{""type"":""MultiPoint"",""coordinates"":[]}"
000000000000000008eb,0.37,344.0,-9.0,3.0,44.0,2863.0,33.0,7788.0,"{""type"":""MultiPoint"",""coordinates"":[]}"
000000000000000008f0,0.38,344.0,72.0,71.0,44.0,2772.0,89.0,7793.0,"{""type"":""MultiPoint"",""coordinates"":[]}"
00000000000000000383,2.57,408.0,593.0,393.0,44.0,1950.0,606.0,6404.0,"{""type"":""MultiPoint"",""coordinates"":[]}"
0000000000000000038b,2.27,424.0,21.0,367.0,44.0,2475.0,341.0,6412.0,"{""type"":""MultiPoint"",""coordinates"":[]}"
000000000000000002e1,1.82,528.0,58.0,99.0,44.0,2466.0,113.0,6242.0,"{""type"":""MultiPoint"",""coordinates"":[]}"
00000000000000000273,1.47,560.0,142.0,77.0,44.0,2525.0,68.0,6132.0,"{""type"":""MultiPoint"",""coordinates"":[]}"
00000000000000000329,0.83,592.0,-32.0,-34.0,44.0,2714.0,34.0,6314.0,"{""type"":""MultiPoint"",""coordinates"":[]}"
0000000000000000033b,2.76,592.0,680.0,311.0,44.0,1875.0,587.0,6332.0,"{""type"":""MultiPoint"",""coordinates"":[]}"
0000000000000000034f,2.34,592.0,59.0,117.0,44.0,2545.0,181.0,6352.0,"{""type"":""MultiPoint"",""coordinates"":[]}"
0000000000000000024a,2.06,656.0,220.0,114.0,44.0,2393.0,161.0,6091.0,"{""type"":""MultiPoint"",""coordinates"":[]}"
000000000000000002e2,2.02,529.0,16.0,183.0,44.0,2389.0,139.0,6243.0,"{""type"":""MultiPoint"",""coordinates"":[]}"
00000000000000000274,0.04,561.0,49.0,53.0,44.0,2514.0,27.0,6133.0,"{""type"":""MultiPoint"",""coordinates"":[]}"
0000000000000000032e,2.62,593.0,582.0,303.0,44.0,1913.0,578.0,6319.0,"{""type"":""MultiPoint"",""coordinates"":[]}"
00000000000000000343,2.63,593.0,464.0,195.0,44.0,2181.0,412.0,6340.0,"{""type"":""MultiPoint"",""coordinates"":[]}"
000000000000000009a3,0.72,265.0,354.0,375.0,44.0,2008.0,536.0,7972.0,"{""type"":""MultiPoint"",""coordinates"":[]}"
000000000000000009ce,2.41,265.0,492.0,406.0,44.0,1938.0,541.0,8015.0,"{""type"":""MultiPoint"",""coordinates"":[]}"
000000000000000009cf,2.08,265.0,101.0,289.0,44.0,2333.0,281.0,8016.0,"{""type"":""MultiPoint"",""coordinates"":[]}"
00000000000000000779,1.07,281.0,786.0,197.0,44.0,1977.0,381.0,7418.0,"{""type"":""MultiPoint"",""coordinates"":[]}"
00000000000000000759,2.85,297.0,271.0,304.0,44.0,2093.0,489.0,7386.0,"{""type"":""MultiPoint"",""coordinates"":[]}"
00000000000000000946,0.34,297.0,85.0,206.0,44.0,2322.0,226.0,7879.0,"{""type"":""MultiPoint"",""coordinates"":[]}"
000000000000000008e9,1.03,345.0,157.0,81.0,44.0,2717.0,124.0,7786.0,"{""type"":""MultiPoint"",""coordinates"":[]}"
000000000000000008ea,1.74,345.0,337.0,26.0,44.0,2645.0,204.0,7787.0,"{""type"":""MultiPoint"",""coordinates"":[]}"
00000000000000000368,0.71,441.0,124.0,27.0,44.0,2882.0,60.0,6377.0,"{""type"":""MultiPoint"",""coordinates"":[]}"
0000000000000000038e,0.05,473.0,64.0,92.0,44.0,2855.0,175.0,6415.0,"{""type"":""MultiPoint"",""coordinates"":[]}"
00000000000000000393,3.0,473.0,464.0,433.0,44.0,1993.0,559.0,6420.0,"{""type"":""MultiPoint"",""coordinates"":[]}"
00000000000000000397,1.85,505.0,154.0,221.0,44.0,2448.0,228.0,6424.0,"{""type"":""MultiPoint"",""coordinates"":[]}"
000000000000000002df,1.54,530.0,52.0,75.0,44.0,2496.0,85.0,6240.0,"{""type"":""MultiPoint"",""coordinates"":[]}"
000000000000000002e0,1.78,530.0,35.0,122.0,44.0,2424.0,113.0,6241.0,"{""type"":""MultiPoint"",""coordinates"":[]}"
000000000000000003a5,1.38,530.0,261.0,132.0,44.0,2525.0,216.0,6438.0,"{""type"":""MultiPoint"",""coordinates"":[]}"
00000000000000000275,1.04,562.0,163.0,53.0,44.0,2562.0,74.0,6134.0,"{""type"":""MultiPoint"",""coordinates"":[]}"
000000000000000002a7,0.58,562.0,54.0,98.0,44.0,2507.0,77.0,6184.0,"{""type"":""MultiPoint"",""coordinates"":[]}"
0000000000000000033c,2.65,594.0,529.0,365.0,44.0,1956.0,562.0,6333.0,"{""type"":""MultiPoint"",""coordinates"":[]}"
0000000000000000024c,2.56,690.0,259.0,25.0,44.0,2294.0,84.0,6093.0,"{""type"":""MultiPoint"",""coordinates"":[]}"
00000000000000000251,2.9,595.0,562.0,292.0,44.0,2008.0,431.0,6098.0,"{""type"":""MultiPoint"",""coordinates"":[]}"
00000000000000000344,2.64,595.0,582.0,313.0,44.0,2130.0,417.0,6341.0,"{""type"":""MultiPoint"",""coordinates"":[]}"
00000000000000000353,1.81,595.0,95.0,113.0,44.0,2472.0,224.0,6356.0,"{""type"":""MultiPoint"",""coordinates"":[]}"
0000000000000000097e,1.94,237.0,234.0,244.0,44.0,2258.0,310.0,7935.0,"{""type"":""MultiPoint"",""coordinates"":[]}"
00000000000000000978,1.81,245.0,161.0,162.0,44.0,2326.0,305.0,7929.0,"{""type"":""MultiPoint"",""coordinates"":[]}"
00000000000000000988,2.73,245.0,699.0,330.0,44.0,1828.0,531.0,7945.0,"{""type"":""MultiPoint"",""coordinates"":[]}"
000000000000000009c0,1.3,245.0,371.0,199.0,44.0,2183.0,310.0,8001.0,"{""type"":""MultiPoint"",""coordinates"":[]}"
00000000000000000790,1.94,266.0,568.0,218.0,44.0,2026.0,359.0,7441.0,"{""type"":""MultiPoint"",""coordinates"":[]}"
00000000000000000794,2.79,266.0,766.0,328.0,44.0,1794.0,526.0,7445.0,"{""type"":""MultiPoint"",""coordinates"":[]}"
00000000000000000796,1.47,266.0,484.0,265.0,44.0,2044.0,418.0,7447.0,"{""type"":""MultiPoint"",""coordinates"":[]}"
00000000000000000797,0.06,266.0,65.0,61.0,44.0,2444.0,54.0,7448.0,"{""type"":""MultiPoint"",""coordinates"":[]}"
00000000000000000798,0.67,266.0,264.0,133.0,44.0,2320.0,165.0,7449.0,"{""type"":""MultiPoint"",""coordinates"":[]}"
00000000000000000799,2.54,266.0,579.0,191.0,44.0,2026.0,349.0,7450.0,"{""type"":""MultiPoint"",""coordinates"":[]}"
000000000000000009cb,0.87,266.0,-7.0,218.0,44.0,2277.0,184.0,8012.0,"{""type"":""MultiPoint"",""coordinates"":[]}"
00000000000000000778,2.48,282.0,1099.0,208.0,44.0,1701.0,439.0,7417.0,"{""type"":""MultiPoint"",""coordinates"":[]}"
0000000000000000077a,1.81,282.0,876.0,224.0,44.0,1897.0,410.0,7419.0,"{""type"":""MultiPoint"",""coordinates"":[]}"
0000000000000000077c,1.94,282.0,952.0,238.0,44.0,1828.0,437.0,7421.0,"{""type"":""MultiPoint"",""coordinates"":[]}"
000000000000000009b1,1.22,282.0,515.0,4.0,44.0,2276.0,162.0,7986.0,"{""type"":""MultiPoint"",""coordinates"":[]}"
000000000000000009b3,2.26,282.0,566.0,74.0,44.0,2235.0,169.0,7988.0,"{""type"":""MultiPoint"",""coordinates"":[]}"
000000000000000009b4,1.65,282.0,538.0,24.0,44.0,2226.0,184.0,7989.0,"{""type"":""MultiPoint"",""coordinates"":[]}"
0000000000000000075f,2.84,298.0,318.0,334.0,44.0,2061.0,515.0,7392.0,"{""type"":""MultiPoint"",""coordinates"":[]}"
00000000000000000766,2.74,298.0,315.0,351.0,44.0,2158.0,471.0,7399.0,"{""type"":""MultiPoint"",""coordinates"":[]}"
00000000000000000767,0.8,298.0,7.0,135.0,44.0,3107.0,149.0,7400.0,"{""type"":""MultiPoint"",""coordinates"":[]}"
000000000000000008ec,1.12,346.0,28.0,37.0,44.0,2880.0,69.0,7789.0,"{""type"":""MultiPoint"",""coordinates"":[]}"
000000000000000008f8,2.07,346.0,447.0,7.0,44.0,2556.0,156.0,7801.0,"{""type"":""MultiPoint"",""coordinates"":[]}"
000000000000000008f9,1.74,346.0,60.0,84.0,44.0,2787.0,116.0,7802.0,"{""type"":""MultiPoint"",""coordinates"":[]}"
000000000000000002a8,0.69,564.0,6.0,124.0,44.0,2384.0,92.0,6185.0,"{""type"":""MultiPoint"",""coordinates"":[]}"
00000000000000000354,2.61,596.0,711.0,333.0,44.0,1894.0,573.0,6357.0,"{""type"":""MultiPoint"",""coordinates"":[]}"
00000000000000000395,1.79,533.0,367.0,159.0,44.0,2414.0,204.0,6422.0,"{""type"":""MultiPoint"",""coordinates"":[]}"
00000000000000000398,0.56,533.0,148.0,164.0,44.0,2360.0,181.0,6425.0,"{""type"":""MultiPoint"",""coordinates"":[]}"
000000000000000002a5,1.22,565.0,41.0,164.0,44.0,2469.0,139.0,6182.0,"{""type"":""MultiPoint"",""coordinates"":[]}"
000000000000000002a9,0.18,565.0,92.0,94.0,44.0,2521.0,57.0,6186.0,"{""type"":""MultiPoint"",""coordinates"":[]}"
0000000000000000032b,0.43,597.0,41.0,-26.0,44.0,2443.0,14.0,6316.0,"{""type"":""MultiPoint"",""coordinates"":[]}"
0000000000000000035c,2.67,597.0,253.0,290.0,44.0,2375.0,383.0,6365.0,"{""type"":""MultiPoint"",""coordinates"":[]}"
000000000000000009a4,1.33,267.0,170.0,235.0,44.0,2188.0,358.0,7973.0,"{""type"":""MultiPoint"",""coordinates"":[]}"
000000000000000009c4,1.54,267.0,-12.0,261.0,44.0,2326.0,206.0,8005.0,"{""type"":""MultiPoint"",""coordinates"":[]}"
000000000000000009c5,1.54,267.0,194.0,404.0,44.0,2088.0,458.0,8006.0,"{""type"":""MultiPoint"",""coordinates"":[]}"
000000000000000009c6,1.85,267.0,68.0,282.0,44.0,2266.0,297.0,8007.0,"{""type"":""MultiPoint"",""coordinates"":[]}"
000000000000000009c7,1.15,267.0,43.0,296.0,44.0,2266.0,295.0,8008.0,"{""type"":""MultiPoint"",""coordinates"":[]}"
000000000000000009c8,1.48,267.0,10.0,335.0,44.0,2220.0,348.0,8009.0,"{""type"":""MultiPoint"",""coordinates"":[]}"
0000000000000000077b,2.39,283.0,985.0,269.0,44.0,1759.0,465.0,7420.0,"{""type"":""MultiPoint"",""coordinates"":[]}"
0000000000000000077d,1.12,283.0,708.0,140.0,44.0,2095.0,306.0,7422.0,"{""type"":""MultiPoint"",""coordinates"":[]}"
00000000000000000782,0.8,283.0,174.0,17.0,44.0,2647.0,63.0,7427.0,"{""type"":""MultiPoint"",""coordinates"":[]}"
00000000000000000783,1.45,283.0,386.0,77.0,44.0,2458.0,160.0,7428.0,"{""type"":""MultiPoint"",""coordinates"":[]}"
00000000000000000991,1.46,283.0,325.0,152.0,44.0,2613.0,253.0,7954.0,"{""type"":""MultiPoint"",""coordinates"":[]}"
000000000000000009b2,1.49,283.0,475.0,28.0,44.0,2384.0,139.0,7987.0,"{""type"":""MultiPoint"",""coordinates"":[]}"
00000000000000000758,0.66,299.0,-79.0,216.0,44.0,2494.0,184.0,7385.0,"{""type"":""MultiPoint"",""coordinates"":[]}"
00000000000000000765,1.59,299.0,78.0,192.0,44.0,2514.0,200.0,7398.0,"{""type"":""MultiPoint"",""coordinates"":[]}"
00000000000000000769,1.28,299.0,22.0,271.0,44.0,2393.0,295.0,7402.0,"{""type"":""MultiPoint"",""coordinates"":[]}"
000000000000000008ed,1.99,347.0,100.0,60.0,44.0,2659.0,198.0,7790.0,"{""type"":""MultiPoint"",""coordinates"":[]}"
000000000000000008f7,2.23,347.0,123.0,66.0,44.0,2707.0,106.0,7800.0,"{""type"":""MultiPoint"",""coordinates"":[]}"
0000000000000000039b,1.62,491.0,-27.0,233.0,44.0,2547.0,207.0,6428.0,"{""type"":""MultiPoint"",""coordinates"":[]}"
00000000000000000345,2.02,598.0,11.0,171.0,44.0,2552.0,190.0,6342.0,"{""type"":""MultiPoint"",""coordinates"":[]}"
0000000000000000034d,2.96,598.0,747.0,300.0,44.0,1928.0,505.0,6350.0,"{""type"":""MultiPoint"",""coordinates"":[]}"
0000000000000000026f,0.34,630.0,-10.0,27.0,44.0,2573.0,42.0,6128.0,"{""type"":""MultiPoint"",""coordinates"":[]}"
000000000000000002aa,1.63,567.0,89.0,145.0,44.0,2569.0,154.0,6187.0,"{""type"":""MultiPoint"",""coordinates"":[]}"
000000000000000002ab,1.84,567.0,150.0,168.0,44.0,2550.0,202.0,6188.0,"{""type"":""MultiPoint"",""coordinates"":[]}"
00000000000000001e12,1.89,567.0,-3.0,-29.0,44.0,2943.0,-52.0,5162.0,"{""type"":""MultiPoint"",""coordinates"":[]}"
0000000000000000025a,1.38,599.0,180.0,57.0,44.0,2376.0,89.0,6107.0,"{""type"":""MultiPoint"",""coordinates"":[]}"
000000000000000002d7,1.05,599.0,108.0,-121.0,44.0,2863.0,-107.0,6232.0,"{""type"":""MultiPoint"",""coordinates"":[]}"
0000000000000000033d,1.52,599.0,-9.0,118.0,44.0,2663.0,66.0,6334.0,"{""type"":""MultiPoint"",""coordinates"":[]}"
00000000000000000362,1.25,599.0,-33.0,152.0,44.0,2787.0,148.0,6371.0,"{""type"":""MultiPoint"",""coordinates"":[]}"
0000000000000000026e,0.04,631.0,18.0,25.0,44.0,2494.0,42.0,6127.0,"{""type"":""MultiPoint"",""coordinates"":[]}"
0000000000000000027a,0.12,631.0,17.0,59.0,44.0,2474.0,45.0,6139.0,"{""type"":""MultiPoint"",""coordinates"":[]}"
00000000000000000982,2.59,238.0,515.0,211.0,44.0,2157.0,360.0,7939.0,"{""type"":""MultiPoint"",""coordinates"":[]}"
000000000000000009bf,2.76,246.0,749.0,411.0,44.0,1655.0,619.0,8000.0,"{""type"":""MultiPoint"",""coordinates"":[]}"
00000000000000000975,2.62,254.0,232.0,291.0,44.0,2136.0,399.0,7926.0,"{""type"":""MultiPoint"",""coordinates"":[]}"
00000000000000000990,0.82,254.0,37.0,52.0,44.0,2451.0,83.0,7953.0,"{""type"":""MultiPoint"",""coordinates"":[]}"
000000000000000009b8,0.93,254.0,49.0,74.0,44.0,2441.0,96.0,7993.0,"{""type"":""MultiPoint"",""coordinates"":[]}"
000000000000000009c1,0.68,254.0,86.0,83.0,44.0,2406.0,103.0,8002.0,"{""type"":""MultiPoint"",""coordinates"":[]}"
00000000000000000791,1.48,268.0,476.0,175.0,44.0,2131.0,283.0,7442.0,"{""type"":""MultiPoint"",""coordinates"":[]}"
00000000000000000792,1.19,268.0,224.0,54.0,44.0,2357.0,127.0,7443.0,"{""type"":""MultiPoint"",""coordinates"":[]}"
00000000000000000793,1.37,268.0,340.0,206.0,44.0,2275.0,256.0,7444.0,"{""type"":""MultiPoint"",""coordinates"":[]}"
0000000000000000079a,1.75,268.0,271.0,106.0,44.0,2304.0,203.0,7451.0,"{""type"":""MultiPoint"",""coordinates"":[]}"
0000000000000000079b,2.29,268.0,530.0,287.0,44.0,2018.0,431.0,7452.0,"{""type"":""MultiPoint"",""coordinates"":[]}"
000000000000000009c9,1.28,268.0,-11.0,209.0,44.0,2222.0,219.0,8010.0,"{""type"":""MultiPoint"",""coordinates"":[]}"
000000000000000009ca,1.31,268.0,-6.0,274.0,44.0,2232.0,266.0,8011.0,"{""type"":""MultiPoint"",""coordinates"":[]}"
0000000000000000077e,0.37,284.0,382.0,62.0,44.0,2527.0,158.0,7423.0,"{""type"":""MultiPoint"",""coordinates"":[]}"
0000000000000000077f,0.84,284.0,349.0,59.0,44.0,2482.0,115.0,7424.0,"{""type"":""MultiPoint"",""coordinates"":[]}"
00000000000000000780,0.08,284.0,336.0,70.0,44.0,2472.0,137.0,7425.0,"{""type"":""MultiPoint"",""coordinates"":[]}"
00000000000000000781,0.9,284.0,313.0,66.0,44.0,2424.0,135.0,7426.0,"{""type"":""MultiPoint"",""coordinates"":[]}"
00000000000000000784,2.47,284.0,485.0,127.0,44.0,2260.0,238.0,7429.0,"{""type"":""MultiPoint"",""coordinates"":[]}"
00000000000000000757,2.82,300.0,313.0,283.0,44.0,2125.0,468.0,7384.0,"{""type"":""MultiPoint"",""coordinates"":[]}"
0000000000000000076a,2.56,300.0,123.0,208.0,44.0,2481.0,280.0,7403.0,"{""type"":""MultiPoint"",""coordinates"":[]}"
000000000000000008e7,1.49,348.0,253.0,9.0,44.0,2609.0,184.0,7784.0,"{""type"":""MultiPoint"",""coordinates"":[]}"
000000000000000008f5,2.24,348.0,70.0,97.0,44.0,2581.0,111.0,7798.0,"{""type"":""MultiPoint"",""coordinates"":[]}"
000000000000000008f6,1.12,348.0,66.0,45.0,44.0,2597.0,23.0,7799.0,"{""type"":""MultiPoint"",""coordinates"":[]}"
000000000000000008fa,1.26,348.0,96.0,43.0,44.0,2654.0,69.0,7803.0,"{""type"":""MultiPoint"",""coordinates"":[]}"
00000000000000000380,2.24,412.0,251.0,260.0,44.0,2465.0,267.0,6401.0,"{""type"":""MultiPoint"",""coordinates"":[]}"
0000000000000000038d,1.16,444.0,95.0,176.0,44.0,2385.0,155.0,6414.0,"{""type"":""MultiPoint"",""coordinates"":[]}"
00000000000000000376,1.65,460.0,283.0,156.0,44.0,2558.0,201.0,6391.0,"{""type"":""MultiPoint"",""coordinates"":[]}"
00000000000000000396,0.55,460.0,93.0,28.0,44.0,2517.0,53.0,6423.0,"{""type"":""MultiPoint"",""coordinates"":[]}"
00000000000000000365,2.16,492.0,559.0,259.0,44.0,2147.0,418.0,6374.0,"{""type"":""MultiPoint"",""coordinates"":[]}"
00000000000000000366,2.81,492.0,660.0,335.0,44.0,1930.0,543.0,6375.0,"{""type"":""MultiPoint"",""coordinates"":[]}"
0000000000000000039c,2.95,492.0,491.0,431.0,44.0,1972.0,596.0,6429.0,"{""type"":""MultiPoint"",""coordinates"":[]}"
0000000000000000032c,0.06,600.0,38.0,-55.0,44.0,2564.0,-12.0,6317.0,"{""type"":""MultiPoint"",""coordinates"":[]}"
00000000000000000333,1.11,600.0,129.0,-18.0,44.0,2581.0,33.0,6324.0,"{""type"":""MultiPoint"",""coordinates"":[]}"
00000000000000000363,2.82,600.0,277.0,335.0,44.0,2281.0,449.0,6372.0,"{""type"":""MultiPoint"",""coordinates"":[]}"
0000000000000000027d,0.68,569.0,95.0,61.0,44.0,2552.0,48.0,6142.0,"{""type"":""MultiPoint"",""coordinates"":[]}"
0000000000000000027e,0.46,569.0,99.0,86.0,44.0,2505.0,69.0,6143.0,"{""type"":""MultiPoint"",""coordinates"":[]}"
000000000000000002ac,1.67,569.0,94.0,185.0,44.0,2458.0,165.0,6189.0,"{""type"":""MultiPoint"",""coordinates"":[]}"
00000000000000000970,1.69,269.0,10.0,62.0,44.0,2410.0,122.0,7921.0,"{""type"":""MultiPoint"",""coordinates"":[]}"
00000000000000000993,0.13,285.0,209.0,-27.0,44.0,2990.0,-10.0,7956.0,"{""type"":""MultiPoint"",""coordinates"":[]}"
00000000000000000995,0.25,285.0,420.0,16.0,44.0,2645.0,44.0,7958.0,"{""type"":""MultiPoint"",""coordinates"":[]}"
00000000000000000389,1.15,477.0,176.0,52.0,44.0,2451.0,122.0,6410.0,"{""type"":""MultiPoint"",""coordinates"":[]}"
00000000000000000373,2.33,538.0,232.0,147.0,44.0,2502.0,191.0,6388.0,"{""type"":""MultiPoint"",""coordinates"":[]}"
0000000000000000027f,0.03,570.0,90.0,30.0,44.0,2779.0,6.0,6144.0,"{""type"":""MultiPoint"",""coordinates"":[]}"
00000000000000000280,0.26,570.0,7.0,77.0,44.0,2480.0,36.0,6145.0,"{""type"":""MultiPoint"",""coordinates"":[]}"
000000000000000002ad,1.71,570.0,100.0,157.0,44.0,2518.0,147.0,6190.0,"{""type"":""MultiPoint"",""coordinates"":[]}"
0000000000000000028e,0.62,571.0,112.0,156.0,44.0,2512.0,154.0,6159.0,"{""type"":""MultiPoint"",""coordinates"":[]}"
0000000000000000028f,2.3,571.0,38.0,350.0,44.0,2434.0,315.0,6160.0,"{""type"":""MultiPoint"",""coordinates"":[]}"
000000000000000002e8,2.61,635.0,319.0,191.0,44.0,2375.0,298.0,6249.0,"{""type"":""MultiPoint"",""coordinates"":[]}"
000000000000000002e9,2.02,635.0,156.0,18.0,44.0,2649.0,22.0,6250.0,"{""type"":""MultiPoint"",""coordinates"":[]}"
00000000000000000254,2.99,667.0,570.0,222.0,44.0,2049.0,299.0,6101.0,"{""type"":""MultiPoint"",""coordinates"":[]}"
000000000000000009be,1.29,247.0,88.0,211.0,44.0,2343.0,266.0,7999.0,"{""type"":""MultiPoint"",""coordinates"":[]}"
00000000000000000977,0.92,255.0,63.0,82.0,44.0,2439.0,105.0,7928.0,"{""type"":""MultiPoint"",""coordinates"":[]}"
000000000000000009b9,0.77,255.0,138.0,97.0,44.0,2382.0,151.0,7994.0,"{""type"":""MultiPoint"",""coordinates"":[]}"
000000000000000009ba,1.16,255.0,177.0,124.0,44.0,2343.0,177.0,7995.0,"{""type"":""MultiPoint"",""coordinates"":[]}"
000000000000000009c2,1.02,255.0,118.0,82.0,44.0,2456.0,88.0,8003.0,"{""type"":""MultiPoint"",""coordinates"":[]}"
0000000000000000094c,1.19,286.0,142.0,209.0,44.0,2349.0,181.0,7885.0,"{""type"":""MultiPoint"",""coordinates"":[]}"
00000000000000000958,2.82,286.0,653.0,400.0,44.0,1878.0,521.0,7897.0,"{""type"":""MultiPoint"",""coordinates"":[]}"
00000000000000000959,2.8,286.0,759.0,436.0,44.0,1770.0,590.0,7898.0,"{""type"":""MultiPoint"",""coordinates"":[]}"
0000000000000000095a,2.76,286.0,663.0,434.0,44.0,1807.0,576.0,7899.0,"{""type"":""MultiPoint"",""coordinates"":[]}"
000000000000000003a6,0.94,398.0,96.0,152.0,44.0,2649.0,180.0,6439.0,"{""type"":""MultiPoint"",""coordinates"":[]}"
00000000000000000388,0.59,446.0,174.0,4.0,44.0,2631.0,82.0,6409.0,"{""type"":""MultiPoint"",""coordinates"":[]}"
000000000000000003a7,2.79,462.0,601.0,278.0,44.0,2105.0,463.0,6440.0,"{""type"":""MultiPoint"",""coordinates"":[]}"
00000000000000000281,0.06,540.0,-58.0,85.0,44.0,3130.0,67.0,6146.0,"{""type"":""MultiPoint"",""coordinates"":[]}"
0000000000000000028b,1.17,540.0,36.0,41.0,44.0,2547.0,13.0,6156.0,"{""type"":""MultiPoint"",""coordinates"":[]}"
00000000000000000249,2.98,572.0,605.0,304.0,44.0,2044.0,438.0,6090.0,"{""type"":""MultiPoint"",""coordinates"":[]}"
0000000000000000028d,1.15,572.0,166.0,151.0,44.0,2498.0,147.0,6158.0,"{""type"":""MultiPoint"",""coordinates"":[]}"
00000000000000000290,1.49,572.0,-52.0,294.0,44.0,2531.0,297.0,6161.0,"{""type"":""MultiPoint"",""coordinates"":[]}"
00000000000000000291,0.81,572.0,19.0,147.0,44.0,2446.0,114.0,6162.0,"{""type"":""MultiPoint"",""coordinates"":[]}"
00000000000000000325,0.74,572.0,5.0,-7.0,44.0,2493.0,7.0,6310.0,"{""type"":""MultiPoint"",""coordinates"":[]}"
00000000000000000346,2.16,572.0,-26.0,221.0,44.0,2499.0,176.0,6343.0,"{""type"":""MultiPoint"",""coordinates"":[]}"
00000000000000000347,1.94,572.0,-8.0,181.0,44.0,2439.0,146.0,6344.0,"{""type"":""MultiPoint"",""coordinates"":[]}"
00000000000000000331,0.45,604.0,30.0,-21.0,44.0,2642.0,43.0,6322.0,"{""type"":""MultiPoint"",""coordinates"":[]}"
0000000000000000033e,2.25,604.0,-55.0,95.0,44.0,2652.0,77.0,6335.0,"{""type"":""MultiPoint"",""coordinates"":[]}"
00000000000000000282,0.88,541.0,150.0,53.0,44.0,2794.0,56.0,6147.0,"{""type"":""MultiPoint"",""coordinates"":[]}"
0000000000000000036f,2.73,541.0,287.0,440.0,44.0,2102.0,513.0,6384.0,"{""type"":""MultiPoint"",""coordinates"":[]}"
00000000000000000330,1.66,605.0,62.0,-38.0,44.0,2609.0,31.0,6321.0,"{""type"":""MultiPoint"",""coordinates"":[]}"
00000000000000000332,1.3,605.0,39.0,-11.0,44.0,2501.0,10.0,6323.0,"{""type"":""MultiPoint"",""coordinates"":[]}"
0000000000000000024b,2.96,669.0,595.0,297.0,44.0,1999.0,389.0,6092.0,"{""type"":""MultiPoint"",""coordinates"":[]}"
0000000000000000094d,1.44,287.0,181.0,253.0,44.0,2306.0,243.0,7886.0,"{""type"":""MultiPoint"",""coordinates"":[]}"
0000000000000000094e,2.29,287.0,737.0,415.0,44.0,1807.0,570.0,7887.0,"{""type"":""MultiPoint"",""coordinates"":[]}"
00000000000000000957,2.29,287.0,356.0,326.0,44.0,2243.0,338.0,7896.0,"{""type"":""MultiPoint"",""coordinates"":[]}"
0000000000000000037f,2.42,415.0,440.0,508.0,44.0,1996.0,584.0,6400.0,"{""type"":""MultiPoint"",""coordinates"":[]}"
000000000000000003a8,1.08,463.0,106.0,23.0,44.0,2667.0,47.0,6441.0,"{""type"":""MultiPoint"",""coordinates"":[]}"
00000000000000000283,1.09,542.0,215.0,48.0,44.0,2674.0,71.0,6148.0,"{""type"":""MultiPoint"",""coordinates"":[]}"
00000000000000000284,1.14,542.0,201.0,76.0,44.0,2618.0,81.0,6149.0,"{""type"":""MultiPoint"",""coordinates"":[]}"
00000000000000000287,1.44,542.0,123.0,172.0,44.0,2493.0,165.0,6152.0,"{""type"":""MultiPoint"",""coordinates"":[]}"
0000000000000000028a,0.2,542.0,97.0,22.0,44.0,2639.0,10.0,6155.0,"{""type"":""MultiPoint"",""coordinates"":[]}"
00000000000000000348,2.05,574.0,-1.0,221.0,44.0,2545.0,191.0,6345.0,"{""type"":""MultiPoint"",""coordinates"":[]}"
00000000000000000257,2.82,638.0,482.0,191.0,44.0,2147.0,279.0,6104.0,"{""type"":""MultiPoint"",""coordinates"":[]}"
00000000000000000285,0.26,543.0,216.0,52.0,44.0,2697.0,54.0,6150.0,"{""type"":""MultiPoint"",""coordinates"":[]}"
00000000000000000286,0.53,543.0,93.0,79.0,44.0,2521.0,62.0,6151.0,"{""type"":""MultiPoint"",""coordinates"":[]}"
00000000000000000289,1.37,543.0,90.0,193.0,44.0,2498.0,211.0,6154.0,"{""type"":""MultiPoint"",""coordinates"":[]}"
00000000000000000253,2.92,575.0,480.0,351.0,44.0,2057.0,433.0,6100.0,"{""type"":""MultiPoint"",""coordinates"":[]}"
000000000000000002cf,2.9,575.0,340.0,373.0,44.0,2123.0,482.0,6224.0,"{""type"":""MultiPoint"",""coordinates"":[]}"
00000000000000000326,1.76,575.0,54.0,28.0,44.0,2669.0,32.0,6311.0,"{""type"":""MultiPoint"",""coordinates"":[]}"
00000000000000001e16,0.98,575.0,20.0,10.0,44.0,2477.0,15.0,5166.0,"{""type"":""MultiPoint"",""coordinates"":[]}"
00000000000000000334,0.68,607.0,-27.0,-100.0,44.0,2641.0,13.0,6325.0,"{""type"":""MultiPoint"",""coordinates"":[]}"
0000000000000000035d,1.07,607.0,197.0,128.0,44.0,2922.0,178.0,6366.0,"{""type"":""MultiPoint"",""coordinates"":[]}"
00000000000000001e7f,1.49,449.0,202.0,128.0,46.0,2675.0,113.0,5271.0,"{""type"":""MultiPoint"",""coordinates"":[]}"
00000000000000001ecf,1.26,386.0,58.0,80.0,46.0,2426.0,104.0,5351.0,"{""type"":""MultiPoint"",""coordinates"":[]}"
00000000000000001ee2,2.96,402.0,583.0,460.0,46.0,1872.0,617.0,5370.0,"{""type"":""MultiPoint"",""coordinates"":[]}"
00000000000000001ed8,0.21,323.0,27.0,-5.0,46.0,2282.0,33.0,5360.0,"{""type"":""MultiPoint"",""coordinates"":[]}"
00000000000000001edc,0.16,323.0,-17.0,174.0,46.0,2319.0,181.0,5364.0,"{""type"":""MultiPoint"",""coordinates"":[]}"
00000000000000001ecb,1.52,387.0,116.0,98.0,46.0,2404.0,148.0,5347.0,"{""type"":""MultiPoint"",""coordinates"":[]}"
00000000000000001ede,2.91,387.0,121.0,324.0,46.0,2344.0,429.0,5366.0,"{""type"":""MultiPoint"",""coordinates"":[]}"
00000000000000001ee0,2.93,403.0,215.0,250.0,46.0,2309.0,363.0,5368.0,"{""type"":""MultiPoint"",""coordinates"":[]}"
00000000000000001e0e,2.81,372.0,364.0,370.0,46.0,1930.0,531.0,5158.0,"{""type"":""MultiPoint"",""coordinates"":[]}"
00000000000000001e7e,0.92,420.0,19.0,54.0,46.0,2526.0,35.0,5270.0,"{""type"":""MultiPoint"",""coordinates"":[]}"
00000000000000001e7b,1.17,521.0,244.0,137.0,46.0,2710.0,100.0,5267.0,"{""type"":""MultiPoint"",""coordinates"":[]}"
00000000000000001ed9,2.51,325.0,318.0,195.0,46.0,2290.0,234.0,5361.0,"{""type"":""MultiPoint"",""coordinates"":[]}"
00000000000000001edd,2.79,325.0,36.0,250.0,46.0,2296.0,297.0,5365.0,"{""type"":""MultiPoint"",""coordinates"":[]}"
00000000000000001ed3,1.5,373.0,3.0,90.0,46.0,2404.0,117.0,5355.0,"{""type"":""MultiPoint"",""coordinates"":[]}"
00000000000000001ed0,1.84,389.0,58.0,78.0,46.0,2375.0,86.0,5352.0,"{""type"":""MultiPoint"",""coordinates"":[]}"
00000000000000001e7d,1.7,437.0,60.0,68.0,46.0,2506.0,13.0,5269.0,"{""type"":""MultiPoint"",""coordinates"":[]}"
00000000000000001e79,1.29,438.0,89.0,92.0,46.0,2597.0,72.0,5265.0,"{""type"":""MultiPoint"",""coordinates"":[]}"
00000000000000001ed7,2.96,327.0,853.0,347.0,46.0,1822.0,505.0,5359.0,"{""type"":""MultiPoint"",""coordinates"":[]}"
00000000000000001e7a,0.97,526.0,173.0,153.0,46.0,2703.0,93.0,5266.0,"{""type"":""MultiPoint"",""coordinates"":[]}"
00000000000000001ed6,3.0,328.0,633.0,353.0,46.0,1834.0,539.0,5358.0,"{""type"":""MultiPoint"",""coordinates"":[]}"
00000000000000001edb,1.59,328.0,420.0,375.0,46.0,2089.0,463.0,5363.0,"{""type"":""MultiPoint"",""coordinates"":[]}"
00000000000000001ece,0.77,376.0,10.0,36.0,46.0,2288.0,87.0,5350.0,"{""type"":""MultiPoint"",""coordinates"":[]}"
00000000000000001ed5,2.86,329.0,518.0,396.0,46.0,1955.0,571.0,5357.0,"{""type"":""MultiPoint"",""coordinates"":[]}"
00000000000000001eda,2.73,329.0,650.0,395.0,46.0,1927.0,547.0,5362.0,"{""type"":""MultiPoint"",""coordinates"":[]}"
00000000000000001ecd,0.38,378.0,20.0,47.0,46.0,2406.0,107.0,5349.0,"{""type"":""MultiPoint"",""coordinates"":[]}"
00000000000000001ed2,1.93,378.0,31.0,55.0,46.0,2418.0,90.0,5354.0,"{""type"":""MultiPoint"",""coordinates"":[]}"
00000000000000001edf,1.46,395.0,-1.0,82.0,46.0,2510.0,92.0,5367.0,"{""type"":""MultiPoint"",""coordinates"":[]}"
00000000000000001e0f,1.25,348.0,113.0,199.0,46.0,2425.0,289.0,5159.0,"{""type"":""MultiPoint"",""coordinates"":[]}"
00000000000000001ecc,1.24,380.0,52.0,72.0,46.0,2364.0,103.0,5348.0,"{""type"":""MultiPoint"",""coordinates"":[]}"
00000000000000001ee1,2.94,396.0,573.0,368.0,46.0,1930.0,555.0,5369.0,"{""type"":""MultiPoint"",""coordinates"":[]}"
00000000000000001ee3,1.68,397.0,52.0,71.0,46.0,2455.0,137.0,5371.0,"{""type"":""MultiPoint"",""coordinates"":[]}"
00000000000000000dbb,2.04,20.0,-33.0,86.0,48.0,2468.0,197.0,945.0,"{""type"":""MultiPoint"",""coordinates"":[]}"
00000000000000000dbc,1.88,20.0,142.0,241.0,48.0,2399.0,410.0,946.0,"{""type"":""MultiPoint"",""coordinates"":[]}"
00000000000000000dd6,1.84,22.0,71.0,326.0,48.0,2210.0,378.0,972.0,"{""type"":""MultiPoint"",""coordinates"":[]}"
00000000000000000dcf,1.51,23.0,38.0,56.0,48.0,2433.0,188.0,965.0,"{""type"":""MultiPoint"",""coordinates"":[]}"
00000000000000000dd2,2.08,23.0,106.0,251.0,48.0,2603.0,302.0,968.0,"{""type"":""MultiPoint"",""coordinates"":[]}"
00000000000000000dd9,2.16,23.0,217.0,248.0,48.0,2535.0,366.0,975.0,"{""type"":""MultiPoint"",""coordinates"":[]}"
00000000000000000ddb,1.94,23.0,117.0,252.0,48.0,2630.0,299.0,977.0,"{""type"":""MultiPoint"",""coordinates"":[]}"
00000000000000000ddd,1.64,23.0,-128.0,169.0,48.0,2528.0,202.0,979.0,"{""type"":""MultiPoint"",""coordinates"":[]}"
00000000000000000dbe,2.13,24.0,12.0,448.0,48.0,2462.0,413.0,948.0,"{""type"":""MultiPoint"",""coordinates"":[]}"
00000000000000000dbf,1.67,24.0,111.0,266.0,48.0,2422.0,343.0,949.0,"{""type"":""MultiPoint"",""coordinates"":[]}"
00000000000000000dc0,2.7,24.0,255.0,331.0,48.0,2239.0,484.0,950.0,"{""type"":""MultiPoint"",""coordinates"":[]}"
00000000000000000dc4,2.36,24.0,177.0,399.0,48.0,2360.0,432.0,954.0,"{""type"":""MultiPoint"",""coordinates"":[]}"
00000000000000000dc6,1.64,24.0,-44.0,250.0,48.0,2596.0,288.0,956.0,"{""type"":""MultiPoint"",""coordinates"":[]}"
00000000000000000dca,1.18,24.0,51.0,129.0,48.0,2486.0,149.0,960.0,"{""type"":""MultiPoint"",""coordinates"":[]}"
00000000000000000db6,2.01,25.0,-10.0,212.0,48.0,2593.0,305.0,940.0,"{""type"":""MultiPoint"",""coordinates"":[]}"
00000000000000000db7,2.48,25.0,218.0,288.0,48.0,2452.0,393.0,941.0,"{""type"":""MultiPoint"",""coordinates"":[]}"
00000000000000000db8,1.76,25.0,20.0,216.0,48.0,2520.0,203.0,942.0,"{""type"":""MultiPoint"",""coordinates"":[]}"
00000000000000000db9,2.18,25.0,71.0,140.0,48.0,2445.0,238.0,943.0,"{""type"":""MultiPoint"",""coordinates"":[]}"
00000000000000000dba,2.33,25.0,53.0,166.0,48.0,2517.0,320.0,944.0,"{""type"":""MultiPoint"",""coordinates"":[]}"
00000000000000000dbd,2.61,25.0,98.0,381.0,48.0,2308.0,501.0,947.0,"{""type"":""MultiPoint"",""coordinates"":[]}"
00000000000000000dc1,1.56,25.0,-67.0,194.0,48.0,2521.0,191.0,951.0,"{""type"":""MultiPoint"",""coordinates"":[]}"
00000000000000000dd1,2.67,25.0,141.0,291.0,48.0,2333.0,460.0,967.0,"{""type"":""MultiPoint"",""coordinates"":[]}"
00000000000000000dda,2.11,25.0,206.0,255.0,48.0,2365.0,432.0,976.0,"{""type"":""MultiPoint"",""coordinates"":[]}"
00000000000000000ddc,2.05,25.0,68.0,250.0,48.0,2421.0,396.0,978.0,"{""type"":""MultiPoint"",""coordinates"":[]}"
00000000000000000dc2,1.29,26.0,61.0,310.0,48.0,2385.0,320.0,952.0,"{""type"":""MultiPoint"",""coordinates"":[]}"
00000000000000000dcc,2.12,26.0,-45.0,106.0,48.0,2672.0,193.0,962.0,"{""type"":""MultiPoint"",""coordinates"":[]}"
00000000000000000dd0,2.04,26.0,283.0,196.0,48.0,2383.0,361.0,966.0,"{""type"":""MultiPoint"",""coordinates"":[]}"
00000000000000000dd4,1.98,26.0,-45.0,301.0,48.0,2547.0,273.0,970.0,"{""type"":""MultiPoint"",""coordinates"":[]}"
00000000000000000dc5,1.8,27.0,-128.0,300.0,48.0,2559.0,333.0,955.0,"{""type"":""MultiPoint"",""coordinates"":[]}"
00000000000000000dd5,2.56,27.0,444.0,227.0,48.0,2286.0,400.0,971.0,"{""type"":""MultiPoint"",""coordinates"":[]}"
00000000000000000dd7,1.96,27.0,84.0,206.0,48.0,2437.0,348.0,973.0,"{""type"":""MultiPoint"",""coordinates"":[]}"
00000000000000000dd8,1.61,27.0,86.0,64.0,48.0,2587.0,113.0,974.0,"{""type"":""MultiPoint"",""coordinates"":[]}"
000000000000000005b4,2.88,56.0,319.0,28.0,48.0,2508.0,78.0,6965.0,"{""type"":""MultiPoint"",""coordinates"":[]}"
000000000000000005b5,2.95,56.0,563.0,294.0,48.0,2178.0,348.0,6966.0,"{""type"":""MultiPoint"",""coordinates"":[]}"
000000000000000005aa,1.8,58.0,158.0,68.0,48.0,2555.0,94.0,6955.0,"{""type"":""MultiPoint"",""coordinates"":[]}"
000000000000000005b2,2.93,58.0,646.0,438.0,48.0,1942.0,493.0,6963.0,"{""type"":""MultiPoint"",""coordinates"":[]}"
000000000000000005ab,0.8,60.0,146.0,94.0,48.0,2499.0,126.0,6956.0,"{""type"":""MultiPoint"",""coordinates"":[]}"
000000000000000005a5,2.82,62.0,552.0,325.0,48.0,2108.0,396.0,6950.0,"{""type"":""MultiPoint"",""coordinates"":[]}"
000000000000000005a8,2.23,62.0,408.0,198.0,48.0,2344.0,262.0,6953.0,"{""type"":""MultiPoint"",""coordinates"":[]}"
000000000000000005a9,0.9,62.0,107.0,109.0,48.0,2514.0,122.0,6954.0,"{""type"":""MultiPoint"",""coordinates"":[]}"
000000000000000005c1,1.21,64.0,116.0,58.0,48.0,2734.0,57.0,6978.0,"{""type"":""MultiPoint"",""coordinates"":[]}"
000000000000000005a2,2.17,72.0,119.0,261.0,48.0,2459.0,253.0,6947.0,"{""type"":""MultiPoint"",""coordinates"":[]}"
00000000000000000571,1.61,80.0,-263.0,338.0,48.0,2639.0,371.0,6898.0,"{""type"":""MultiPoint"",""coordinates"":[]}"
00000000000000000572,2.25,80.0,-166.0,289.0,48.0,2645.0,342.0,6899.0,"{""type"":""MultiPoint"",""coordinates"":[]}"
00000000000000000573,2.78,80.0,-98.0,388.0,48.0,2477.0,455.0,6900.0,"{""type"":""MultiPoint"",""coordinates"":[]}"
0000000000000000057e,0.86,80.0,-241.0,258.0,48.0,2800.0,247.0,6911.0,"{""type"":""MultiPoint"",""coordinates"":[]}"
0000000000000000057f,2.35,80.0,-171.0,404.0,48.0,2583.0,421.0,6912.0,"{""type"":""MultiPoint"",""coordinates"":[]}"
00000000000000000580,2.42,80.0,-205.0,373.0,48.0,2620.0,404.0,6913.0,"{""type"":""MultiPoint"",""coordinates"":[]}"
00000000000000000581,2.47,80.0,-273.0,342.0,48.0,2685.0,373.0,6914.0,"{""type"":""MultiPoint"",""coordinates"":[]}"
00000000000000000576,1.92,84.0,-142.0,189.0,48.0,2658.0,169.0,6903.0,"{""type"":""MultiPoint"",""coordinates"":[]}"
00000000000000000577,0.96,84.0,-148.0,298.0,48.0,2676.0,268.0,6904.0,"{""type"":""MultiPoint"",""coordinates"":[]}"
0000000000000000057b,1.99,84.0,-105.0,96.0,48.0,2721.0,124.0,6908.0,"{""type"":""MultiPoint"",""coordinates"":[]}"
00000000000000001f4b,2.0,240.0,585.0,302.0,48.0,2251.0,435.0,5475.0,"{""type"":""MultiPoint"",""coordinates"":[]}"
000000000000000006a4,1.5,304.0,25.0,205.0,48.0,2503.0,193.0,7205.0,"{""type"":""MultiPoint"",""coordinates"":[]}"
00000000000000001f11,2.91,304.0,263.0,521.0,48.0,1966.0,633.0,5417.0,"{""type"":""MultiPoint"",""coordinates"":[]}"
0000000000000000004b,1.48,320.0,-80.0,165.0,48.0,2573.0,152.0,5580.0,"{""type"":""MultiPoint"",""coordinates"":[]}"
0000000000000000068e,0.74,320.0,30.0,212.0,48.0,2390.0,199.0,7183.0,"{""type"":""MultiPoint"",""coordinates"":[]}"
00000000000000001f5e,1.44,320.0,-46.0,103.0,48.0,2620.0,132.0,5494.0,"{""type"":""MultiPoint"",""coordinates"":[]}"
00000000000000001f6e,1.75,320.0,180.0,106.0,48.0,2852.0,118.0,5510.0,"{""type"":""MultiPoint"",""coordinates"":[]}"
000000000000000006f0,1.23,336.0,47.0,76.0,48.0,2525.0,123.0,7281.0,"{""type"":""MultiPoint"",""coordinates"":[]}"
0000000000000000059d,1.61,352.0,83.0,302.0,48.0,2588.0,227.0,6942.0,"{""type"":""MultiPoint"",""coordinates"":[]}"
000000000000000006ca,3.0,352.0,335.0,555.0,48.0,2104.0,549.0,7243.0,"{""type"":""MultiPoint"",""coordinates"":[]}"
00000000000000001f28,1.19,352.0,80.0,197.0,48.0,2494.0,179.0,5440.0,"{""type"":""MultiPoint"",""coordinates"":[]}"
00000000000000001f2f,1.32,352.0,-30.0,138.0,48.0,2508.0,40.0,5447.0,"{""type"":""MultiPoint"",""coordinates"":[]}"
00000000000000000662,2.12,368.0,-25.0,340.0,48.0,2507.0,296.0,7139.0,"{""type"":""MultiPoint"",""coordinates"":[]}"
00000000000000000673,1.99,368.0,82.0,239.0,48.0,2380.0,205.0,7156.0,"{""type"":""MultiPoint"",""coordinates"":[]}"
00000000000000000663,2.49,384.0,-76.0,347.0,48.0,2503.0,322.0,7140.0,"{""type"":""MultiPoint"",""coordinates"":[]}"
0000000000000000067a,1.77,384.0,-13.0,247.0,48.0,2357.0,202.0,7163.0,"{""type"":""MultiPoint"",""coordinates"":[]}"
00000000000000000681,0.54,384.0,34.0,181.0,48.0,2519.0,184.0,7170.0,"{""type"":""MultiPoint"",""coordinates"":[]}"
00000000000000000692,2.08,400.0,-61.0,282.0,48.0,2533.0,223.0,7187.0,"{""type"":""MultiPoint"",""coordinates"":[]}"
000000000000000005f8,1.31,432.0,-12.0,230.0,48.0,2508.0,180.0,7033.0,"{""type"":""MultiPoint"",""coordinates"":[]}"
0000000000000000060d,2.0,464.0,39.0,354.0,48.0,2410.0,301.0,7054.0,"{""type"":""MultiPoint"",""coordinates"":[]}"
000000000000000005ee,0.86,496.0,90.0,162.0,48.0,2479.0,94.0,7023.0,"{""type"":""MultiPoint"",""coordinates"":[]}"
000000000000000005f0,0.52,496.0,219.0,122.0,48.0,2577.0,68.0,7025.0,"{""type"":""MultiPoint"",""coordinates"":[]}"
0000000000000000056f,0.59,512.0,-1.0,214.0,48.0,2555.0,166.0,6896.0,"{""type"":""MultiPoint"",""coordinates"":[]}"
00000000000000000635,0.85,512.0,144.0,183.0,48.0,2550.0,138.0,7094.0,"{""type"":""MultiPoint"",""coordinates"":[]}"
00000000000000000636,0.6,512.0,114.0,115.0,48.0,2582.0,108.0,7095.0,"{""type"":""MultiPoint"",""coordinates"":[]}"
000000000000000005e8,1.1,513.0,89.0,148.0,48.0,2500.0,103.0,7017.0,"{""type"":""MultiPoint"",""coordinates"":[]}"
00000000000000000631,0.7,609.0,27.0,179.0,48.0,2565.0,55.0,7090.0,"{""type"":""MultiPoint"",""coordinates"":[]}"
00000000000000000632,1.62,609.0,-63.0,278.0,48.0,2608.0,131.0,7091.0,"{""type"":""MultiPoint"",""coordinates"":[]}"
0000000000000000066c,2.23,273.0,1.0,285.0,48.0,2578.0,276.0,7149.0,"{""type"":""MultiPoint"",""coordinates"":[]}"
00000000000000000051,0.95,321.0,320.0,99.0,48.0,2836.0,136.0,5586.0,"{""type"":""MultiPoint"",""coordinates"":[]}"
00000000000000001f69,1.1,321.0,-21.0,131.0,48.0,2530.0,130.0,5505.0,"{""type"":""MultiPoint"",""coordinates"":[]}"
000000000000000006a7,1.36,337.0,3.0,147.0,48.0,2581.0,138.0,7208.0,"{""type"":""MultiPoint"",""coordinates"":[]}"
00000000000000001f2b,1.11,337.0,47.0,111.0,48.0,2668.0,147.0,5443.0,"{""type"":""MultiPoint"",""coordinates"":[]}"
0000000000000000068d,1.31,353.0,23.0,222.0,48.0,2335.0,194.0,7182.0,"{""type"":""MultiPoint"",""coordinates"":[]}"
00000000000000001ef5,1.12,353.0,-19.0,92.0,48.0,2509.0,43.0,5389.0,"{""type"":""MultiPoint"",""coordinates"":[]}"
00000000000000001ef9,0.18,353.0,-23.0,45.0,48.0,2528.0,8.0,5393.0,"{""type"":""MultiPoint"",""coordinates"":[]}"
00000000000000001f30,1.45,353.0,-52.0,43.0,48.0,2495.0,73.0,5448.0,"{""type"":""MultiPoint"",""coordinates"":[]}"
00000000000000000660,2.27,385.0,-99.0,377.0,48.0,2487.0,296.0,7137.0,"{""type"":""MultiPoint"",""coordinates"":[]}"
00000000000000000670,1.87,385.0,-14.0,161.0,48.0,2350.0,99.0,7153.0,"{""type"":""MultiPoint"",""coordinates"":[]}"
0000000000000000064c,1.22,401.0,81.0,145.0,48.0,2554.0,144.0,7117.0,"{""type"":""MultiPoint"",""coordinates"":[]}"
00000000000000000614,2.01,433.0,18.0,375.0,48.0,2484.0,309.0,7061.0,"{""type"":""MultiPoint"",""coordinates"":[]}"
000000000000000005ef,0.91,497.0,129.0,151.0,48.0,2542.0,87.0,7024.0,"{""type"":""MultiPoint"",""coordinates"":[]}"
00000000000000000622,0.74,497.0,86.0,79.0,48.0,2624.0,58.0,7075.0,"{""type"":""MultiPoint"",""coordinates"":[]}"
00000000000000000645,0.66,497.0,73.0,88.0,48.0,2650.0,62.0,7110.0,"{""type"":""MultiPoint"",""coordinates"":[]}"
00000000000000000647,0.45,497.0,136.0,68.0,48.0,2611.0,48.0,7112.0,"{""type"":""MultiPoint"",""coordinates"":[]}"
00000000000000000648,1.38,497.0,39.0,166.0,48.0,2531.0,129.0,7113.0,"{""type"":""MultiPoint"",""coordinates"":[]}"
00000000000000000649,0.72,497.0,30.0,94.0,48.0,2529.0,44.0,7114.0,"{""type"":""MultiPoint"",""coordinates"":[]}"
00000000000000000634,0.75,514.0,122.0,102.0,48.0,2545.0,74.0,7093.0,"{""type"":""MultiPoint"",""coordinates"":[]}"
00000000000000000639,0.51,514.0,157.0,121.0,48.0,2654.0,79.0,7098.0,"{""type"":""MultiPoint"",""coordinates"":[]}"
000000000000000005d9,2.24,674.0,287.0,62.0,48.0,2686.0,104.0,7002.0,"{""type"":""MultiPoint"",""coordinates"":[]}"
000000000000000005d5,1.3,675.0,177.0,106.0,48.0,2649.0,95.0,6998.0,"{""type"":""MultiPoint"",""coordinates"":[]}"
000000000000000006f5,1.2,241.0,44.0,213.0,48.0,2470.0,219.0,7286.0,"{""type"":""MultiPoint"",""coordinates"":[]}"
00000000000000000691,1.64,306.0,37.0,115.0,48.0,2576.0,130.0,7186.0,"{""type"":""MultiPoint"",""coordinates"":[]}"
00000000000000000593,1.88,354.0,-26.0,283.0,48.0,2437.0,208.0,6932.0,"{""type"":""MultiPoint"",""coordinates"":[]}"
0000000000000000061f,0.6,354.0,15.0,152.0,48.0,2511.0,130.0,7072.0,"{""type"":""MultiPoint"",""coordinates"":[]}"
000000000000000006c0,1.81,354.0,97.0,162.0,48.0,2362.0,186.0,7233.0,"{""type"":""MultiPoint"",""coordinates"":[]}"
00000000000000001ef4,1.27,354.0,-3.0,90.0,48.0,2516.0,12.0,5388.0,"{""type"":""MultiPoint"",""coordinates"":[]}"
00000000000000000620,0.46,370.0,71.0,133.0,48.0,2491.0,104.0,7073.0,"{""type"":""MultiPoint"",""coordinates"":[]}"
00000000000000000672,1.5,370.0,-24.0,135.0,48.0,2394.0,60.0,7155.0,"{""type"":""MultiPoint"",""coordinates"":[]}"
00000000000000000682,0.87,370.0,0.0,173.0,48.0,2303.0,119.0,7171.0,"{""type"":""MultiPoint"",""coordinates"":[]}"
00000000000000000653,2.72,386.0,-69.0,435.0,48.0,2452.0,351.0,7124.0,"{""type"":""MultiPoint"",""coordinates"":[]}"
00000000000000000661,2.22,386.0,-80.0,247.0,48.0,2480.0,177.0,7138.0,"{""type"":""MultiPoint"",""coordinates"":[]}"
00000000000000000689,1.92,386.0,12.0,130.0,48.0,2342.0,78.0,7178.0,"{""type"":""MultiPoint"",""coordinates"":[]}"
0000000000000000069f,1.38,402.0,77.0,123.0,48.0,2569.0,127.0,7200.0,"{""type"":""MultiPoint"",""coordinates"":[]}"
000000000000000005f4,0.94,434.0,-41.0,199.0,48.0,2481.0,143.0,7029.0,"{""type"":""MultiPoint"",""coordinates"":[]}"
00000000000000000610,2.0,450.0,130.0,125.0,48.0,2596.0,110.0,7057.0,"{""type"":""MultiPoint"",""coordinates"":[]}"
00000000000000000646,0.93,498.0,63.0,73.0,48.0,2561.0,51.0,7111.0,"{""type"":""MultiPoint"",""coordinates"":[]}"
0000000000000000064a,0.51,498.0,4.0,180.0,48.0,2586.0,121.0,7115.0,"{""type"":""MultiPoint"",""coordinates"":[]}"
0000000000000000064b,2.09,498.0,56.0,190.0,48.0,2573.0,161.0,7116.0,"{""type"":""MultiPoint"",""coordinates"":[]}"
000000000000000005cf,1.43,644.0,183.0,112.0,48.0,2605.0,108.0,6992.0,"{""type"":""MultiPoint"",""coordinates"":[]}"
000000000000000005cc,1.17,676.0,280.0,120.0,48.0,2564.0,139.0,6989.0,"{""type"":""MultiPoint"",""coordinates"":[]}"
00000000000000000633,0.86,517.0,76.0,99.0,48.0,2567.0,59.0,7092.0,"{""type"":""MultiPoint"",""coordinates"":[]}"
000000000000000005ca,2.56,645.0,171.0,206.0,48.0,2502.0,255.0,6987.0,"{""type"":""MultiPoint"",""coordinates"":[]}"
00000000000000001f58,1.51,275.0,63.0,78.0,48.0,2617.0,59.0,5488.0,"{""type"":""MultiPoint"",""coordinates"":[]}"
00000000000000001f14,2.85,291.0,619.0,402.0,48.0,1976.0,496.0,5420.0,"{""type"":""MultiPoint"",""coordinates"":[]}"
0000000000000000004e,1.04,323.0,260.0,54.0,48.0,2783.0,83.0,5583.0,"{""type"":""MultiPoint"",""coordinates"":[]}"
00000000000000001f0f,2.41,323.0,384.0,164.0,48.0,2285.0,235.0,5415.0,"{""type"":""MultiPoint"",""coordinates"":[]}"
00000000000000001f00,0.91,339.0,27.0,84.0,48.0,2675.0,98.0,5400.0,"{""type"":""MultiPoint"",""coordinates"":[]}"
00000000000000001f2c,2.7,339.0,739.0,195.0,48.0,2074.0,380.0,5444.0,"{""type"":""MultiPoint"",""coordinates"":[]}"
0000000000000000066e,1.92,355.0,-31.0,136.0,48.0,2474.0,119.0,7151.0,"{""type"":""MultiPoint"",""coordinates"":[]}"
000000000000000006bd,2.53,355.0,-24.0,453.0,48.0,2468.0,456.0,7230.0,"{""type"":""MultiPoint"",""coordinates"":[]}"
000000000000000006bf,2.25,355.0,-57.0,366.0,48.0,2612.0,339.0,7232.0,"{""type"":""MultiPoint"",""coordinates"":[]}"
000000000000000006c7,2.89,355.0,250.0,367.0,48.0,2266.0,425.0,7240.0,"{""type"":""MultiPoint"",""coordinates"":[]}"
00000000000000001f26,1.45,355.0,-39.0,194.0,48.0,2553.0,246.0,5438.0,"{""type"":""MultiPoint"",""coordinates"":[]}"
00000000000000000659,1.75,371.0,-16.0,403.0,48.0,2458.0,367.0,7130.0,"{""type"":""MultiPoint"",""coordinates"":[]}"
00000000000000000680,1.89,371.0,-50.0,111.0,48.0,2589.0,70.0,7169.0,"{""type"":""MultiPoint"",""coordinates"":[]}"
0000000000000000066f,1.99,403.0,-17.0,292.0,48.0,2381.0,221.0,7152.0,"{""type"":""MultiPoint"",""coordinates"":[]}"
000000000000000005f5,1.41,435.0,36.0,112.0,48.0,2618.0,59.0,7030.0,"{""type"":""MultiPoint"",""coordinates"":[]}"
000000000000000005d3,2.57,614.0,324.0,166.0,48.0,2453.0,157.0,6996.0,"{""type"":""MultiPoint"",""coordinates"":[]}"
000000000000000005b6,1.96,65.0,82.0,97.0,48.0,2635.0,93.0,6967.0,"{""type"":""MultiPoint"",""coordinates"":[]}"
000000000000000005b8,0.12,77.0,13.0,-1.0,48.0,2487.0,5.0,6969.0,"{""type"":""MultiPoint"",""coordinates"":[]}"
00000000000000000578,0.63,85.0,-114.0,155.0,48.0,2604.0,170.0,6905.0,"{""type"":""MultiPoint"",""coordinates"":[]}"
00000000000000000579,1.37,85.0,-109.0,155.0,48.0,2465.0,170.0,6906.0,"{""type"":""MultiPoint"",""coordinates"":[]}"
000000000000000006d8,1.13,242.0,29.0,49.0,48.0,2310.0,43.0,7257.0,"{""type"":""MultiPoint"",""coordinates"":[]}"
000000000000000006a5,1.49,324.0,22.0,223.0,48.0,2456.0,221.0,7206.0,"{""type"":""MultiPoint"",""coordinates"":[]}"
00000000000000000586,1.4,340.0,15.0,211.0,48.0,2458.0,174.0,6919.0,"{""type"":""MultiPoint"",""coordinates"":[]}"
00000000000000000684,1.88,356.0,84.0,310.0,48.0,2388.0,249.0,7173.0,"{""type"":""MultiPoint"",""coordinates"":[]}"
00000000000000001f27,0.95,356.0,-27.0,75.0,48.0,2519.0,40.0,5439.0,"{""type"":""MultiPoint"",""coordinates"":[]}"
00000000000000000650,2.36,372.0,-46.0,184.0,48.0,2474.0,141.0,7121.0,"{""type"":""MultiPoint"",""coordinates"":[]}"
00000000000000000667,1.22,372.0,-3.0,203.0,48.0,2309.0,173.0,7144.0,"{""type"":""MultiPoint"",""coordinates"":[]}"
0000000000000000067b,2.69,372.0,-14.0,345.0,48.0,2415.0,374.0,7164.0,"{""type"":""MultiPoint"",""coordinates"":[]}"
00000000000000000652,2.91,388.0,76.0,441.0,48.0,2335.0,433.0,7123.0,"{""type"":""MultiPoint"",""coordinates"":[]}"
0000000000000000065f,1.72,388.0,-128.0,305.0,48.0,2614.0,266.0,7136.0,"{""type"":""MultiPoint"",""coordinates"":[]}"
0000000000000000069d,2.45,388.0,-74.0,334.0,48.0,2455.0,273.0,7198.0,"{""type"":""MultiPoint"",""coordinates"":[]}"
00000000000000000613,1.23,436.0,156.0,168.0,48.0,2584.0,124.0,7060.0,"{""type"":""MultiPoint"",""coordinates"":[]}"
00000000000000000616,1.19,468.0,51.0,33.0,48.0,2718.0,11.0,7063.0,"{""type"":""MultiPoint"",""coordinates"":[]}"
00000000000000000643,0.78,500.0,65.0,146.0,48.0,2592.0,114.0,7108.0,"{""type"":""MultiPoint"",""coordinates"":[]}"
00000000000000000644,1.3,500.0,101.0,207.0,48.0,2653.0,181.0,7109.0,"{""type"":""MultiPoint"",""coordinates"":[]}"
000000000000000005dd,2.8,649.0,354.0,288.0,48.0,2304.0,313.0,7006.0,"{""type"":""MultiPoint"",""coordinates"":[]}"
00000000000000001f13,2.95,293.0,283.0,478.0,48.0,1967.0,498.0,5419.0,"{""type"":""MultiPoint"",""coordinates"":[]}"
0000000000000000058e,2.9,325.0,140.0,583.0,48.0,2260.0,489.0,6927.0,"{""type"":""MultiPoint"",""coordinates"":[]}"
00000000000000001f02,0.69,341.0,-31.0,106.0,48.0,2498.0,75.0,5402.0,"{""type"":""MultiPoint"",""coordinates"":[]}"
00000000000000000621,1.53,357.0,9.0,199.0,48.0,2502.0,205.0,7074.0,"{""type"":""MultiPoint"",""coordinates"":[]}"
000000000000000006bb,1.0,357.0,60.0,-46.0,48.0,2419.0,-8.0,7228.0,"{""type"":""MultiPoint"",""coordinates"":[]}"
000000000000000006c5,2.22,357.0,-2.0,39.0,48.0,2445.0,41.0,7238.0,"{""type"":""MultiPoint"",""coordinates"":[]}"
00000000000000000654,2.86,373.0,228.0,474.0,48.0,2203.0,455.0,7125.0,"{""type"":""MultiPoint"",""coordinates"":[]}"
00000000000000000666,2.67,373.0,-27.0,368.0,48.0,2435.0,333.0,7143.0,"{""type"":""MultiPoint"",""coordinates"":[]}"
0000000000000000066d,2.58,389.0,8.0,347.0,48.0,2436.0,262.0,7150.0,"{""type"":""MultiPoint"",""coordinates"":[]}"
00000000000000000679,2.25,389.0,33.0,277.0,48.0,2255.0,215.0,7162.0,"{""type"":""MultiPoint"",""coordinates"":[]}"
000000000000000006a3,2.73,389.0,-19.0,383.0,48.0,2459.0,355.0,7204.0,"{""type"":""MultiPoint"",""coordinates"":[]}"
000000000000000006a8,1.2,389.0,18.0,134.0,48.0,2413.0,72.0,7209.0,"{""type"":""MultiPoint"",""coordinates"":[]}"
000000000000000006ac,1.98,389.0,-48.0,160.0,48.0,2667.0,133.0,7213.0,"{""type"":""MultiPoint"",""coordinates"":[]}"
00000000000000000615,0.27,453.0,89.0,109.0,48.0,2504.0,77.0,7062.0,"{""type"":""MultiPoint"",""coordinates"":[]}"
0000000000000000060c,2.46,469.0,-16.0,261.0,48.0,2446.0,217.0,7053.0,"{""type"":""MultiPoint"",""coordinates"":[]}"
000000000000000005ec,0.78,501.0,34.0,164.0,48.0,2581.0,116.0,7021.0,"{""type"":""MultiPoint"",""coordinates"":[]}"
00000000000000000642,0.38,501.0,89.0,100.0,48.0,2515.0,82.0,7107.0,"{""type"":""MultiPoint"",""coordinates"":[]}"
00000000000000001f3e,2.77,203.0,554.0,397.0,48.0,2143.0,446.0,5462.0,"{""type"":""MultiPoint"",""coordinates"":[]}"
000000000000000006f9,0.18,243.0,6.0,-2.0,48.0,2625.0,25.0,7290.0,"{""type"":""MultiPoint"",""coordinates"":[]}"
00000000000000001f42,2.27,243.0,-139.0,197.0,48.0,2446.0,200.0,5466.0,"{""type"":""MultiPoint"",""coordinates"":[]}"
00000000000000001f4a,2.04,251.0,308.0,495.0,48.0,2155.0,515.0,5474.0,"{""type"":""MultiPoint"",""coordinates"":[]}"
0000000000000000066a,1.13,262.0,127.0,249.0,48.0,2474.0,279.0,7147.0,"{""type"":""MultiPoint"",""coordinates"":[]}"
00000000000000000668,2.04,278.0,39.0,309.0,48.0,2531.0,327.0,7145.0,"{""type"":""MultiPoint"",""coordinates"":[]}"
000000000000000006a2,1.24,310.0,6.0,225.0,48.0,2478.0,199.0,7203.0,"{""type"":""MultiPoint"",""coordinates"":[]}"
00000000000000001f10,1.01,326.0,3.0,85.0,48.0,2407.0,29.0,5416.0,"{""type"":""MultiPoint"",""coordinates"":[]}"
000000000000000006cc,2.43,342.0,-47.0,251.0,48.0,2547.0,236.0,7245.0,"{""type"":""MultiPoint"",""coordinates"":[]}"
000000000000000006f2,1.13,342.0,96.0,77.0,48.0,2538.0,158.0,7283.0,"{""type"":""MultiPoint"",""coordinates"":[]}"
00000000000000001f33,1.24,342.0,297.0,186.0,48.0,2429.0,264.0,5451.0,"{""type"":""MultiPoint"",""coordinates"":[]}"
000000000000000006c9,0.68,358.0,176.0,220.0,48.0,2268.0,220.0,7242.0,"{""type"":""MultiPoint"",""coordinates"":[]}"
00000000000000000585,1.29,374.0,234.0,270.0,48.0,2544.0,226.0,6918.0,"{""type"":""MultiPoint"",""coordinates"":[]}"
00000000000000000687,1.86,390.0,74.0,210.0,48.0,2665.0,133.0,7176.0,"{""type"":""MultiPoint"",""coordinates"":[]}"
00000000000000000690,2.65,390.0,-44.0,225.0,48.0,2375.0,172.0,7185.0,"{""type"":""MultiPoint"",""coordinates"":[]}"
000000000000000005f3,1.82,438.0,15.0,159.0,48.0,2567.0,140.0,7028.0,"{""type"":""MultiPoint"",""coordinates"":[]}"
0000000000000000060f,2.01,470.0,-44.0,300.0,48.0,2449.0,223.0,7056.0,"{""type"":""MultiPoint"",""coordinates"":[]}"
00000000000000000619,1.2,470.0,-22.0,199.0,48.0,2552.0,151.0,7066.0,"{""type"":""MultiPoint"",""coordinates"":[]}"
0000000000000000063d,0.83,502.0,139.0,103.0,48.0,2553.0,90.0,7102.0,"{""type"":""MultiPoint"",""coordinates"":[]}"
0000000000000000063e,1.04,502.0,173.0,127.0,48.0,2510.0,106.0,7103.0,"{""type"":""MultiPoint"",""coordinates"":[]}"
00000000000000000640,0.61,502.0,57.0,89.0,48.0,2552.0,59.0,7105.0,"{""type"":""MultiPoint"",""coordinates"":[]}"
000000000000000005ce,2.51,653.0,179.0,196.0,48.0,2495.0,225.0,6991.0,"{""type"":""MultiPoint"",""coordinates"":[]}"
000000000000000005d1,0.77,653.0,251.0,48.0,48.0,2829.0,47.0,6994.0,"{""type"":""MultiPoint"",""coordinates"":[]}"
000000000000000005de,2.0,653.0,171.0,45.0,48.0,2824.0,46.0,7007.0,"{""type"":""MultiPoint"",""coordinates"":[]}"
00000000000000001f48,2.33,279.0,149.0,233.0,48.0,2326.0,390.0,5472.0,"{""type"":""MultiPoint"",""coordinates"":[]}"
00000000000000001f4f,2.17,279.0,9.0,252.0,48.0,2296.0,314.0,5479.0,"{""type"":""MultiPoint"",""coordinates"":[]}"
000000000000000006cf,2.53,295.0,232.0,400.0,48.0,2224.0,436.0,7248.0,"{""type"":""MultiPoint"",""coordinates"":[]}"
000000000000000006ce,1.35,311.0,117.0,108.0,48.0,2547.0,146.0,7247.0,"{""type"":""MultiPoint"",""coordinates"":[]}"
0000000000000000058d,1.62,327.0,52.0,300.0,48.0,2393.0,239.0,6926.0,"{""type"":""MultiPoint"",""coordinates"":[]}"
00000000000000001f0d,2.2,327.0,500.0,211.0,48.0,2208.0,313.0,5413.0,"{""type"":""MultiPoint"",""coordinates"":[]}"
00000000000000000676,1.68,343.0,20.0,154.0,48.0,2466.0,109.0,7159.0,"{""type"":""MultiPoint"",""coordinates"":[]}"
00000000000000001f01,1.25,343.0,77.0,80.0,48.0,2624.0,147.0,5401.0,"{""type"":""MultiPoint"",""coordinates"":[]}"
00000000000000001f04,0.52,343.0,135.0,65.0,48.0,2630.0,103.0,5404.0,"{""type"":""MultiPoint"",""coordinates"":[]}"
00000000000000001f2a,2.11,343.0,400.0,225.0,48.0,2276.0,356.0,5442.0,"{""type"":""MultiPoint"",""coordinates"":[]}"
000000000000000006b9,0.6,359.0,111.0,85.0,48.0,2428.0,104.0,7226.0,"{""type"":""MultiPoint"",""coordinates"":[]}"
0000000000000000068b,1.69,375.0,-121.0,176.0,48.0,2524.0,134.0,7180.0,"{""type"":""MultiPoint"",""coordinates"":[]}"
0000000000000000069b,1.99,375.0,-33.0,193.0,48.0,2494.0,130.0,7196.0,"{""type"":""MultiPoint"",""coordinates"":[]}"
00000000000000000686,2.29,391.0,-71.0,269.0,48.0,2636.0,217.0,7175.0,"{""type"":""MultiPoint"",""coordinates"":[]}"
00000000000000000693,2.36,391.0,-38.0,106.0,48.0,2422.0,40.0,7188.0,"{""type"":""MultiPoint"",""coordinates"":[]}"
000000000000000005e3,0.46,439.0,-134.0,15.0,48.0,2983.0,21.0,7012.0,"{""type"":""MultiPoint"",""coordinates"":[]}"
000000000000000005e4,1.19,439.0,155.0,209.0,48.0,2571.0,148.0,7013.0,"{""type"":""MultiPoint"",""coordinates"":[]}"
00000000000000000617,1.98,471.0,83.0,214.0,48.0,2561.0,189.0,7064.0,"{""type"":""MultiPoint"",""coordinates"":[]}"
00000000000000000618,1.59,471.0,61.0,231.0,48.0,2556.0,200.0,7065.0,"{""type"":""MultiPoint"",""coordinates"":[]}"
0000000000000000056a,1.01,503.0,195.0,154.0,48.0,2607.0,142.0,6891.0,"{""type"":""MultiPoint"",""coordinates"":[]}"
0000000000000000063c,0.92,503.0,123.0,110.0,48.0,2519.0,88.0,7101.0,"{""type"":""MultiPoint"",""coordinates"":[]}"
0000000000000000063f,0.75,503.0,132.0,112.0,48.0,2486.0,91.0,7104.0,"{""type"":""MultiPoint"",""coordinates"":[]}"
000000000000000005d4,1.32,623.0,285.0,69.0,48.0,2580.0,100.0,6997.0,"{""type"":""MultiPoint"",""coordinates"":[]}"
000000000000000005c8,2.58,655.0,159.0,165.0,48.0,2476.0,179.0,6985.0,"{""type"":""MultiPoint"",""coordinates"":[]}"
000000000000000005cd,2.65,655.0,279.0,189.0,48.0,2406.0,270.0,6990.0,"{""type"":""MultiPoint"",""coordinates"":[]}"
000000000000000005d2,2.55,655.0,208.0,147.0,48.0,2650.0,169.0,6995.0,"{""type"":""MultiPoint"",""coordinates"":[]}"
000000000000000005ae,2.98,57.0,616.0,424.0,48.0,1925.0,488.0,6959.0,"{""type"":""MultiPoint"",""coordinates"":[]}"
000000000000000005af,2.97,57.0,651.0,435.0,48.0,1892.0,495.0,6960.0,"{""type"":""MultiPoint"",""coordinates"":[]}"
000000000000000005b0,2.95,57.0,753.0,260.0,48.0,2148.0,310.0,6961.0,"{""type"":""MultiPoint"",""coordinates"":[]}"
000000000000000005b1,2.98,57.0,587.0,457.0,48.0,1892.0,516.0,6962.0,"{""type"":""MultiPoint"",""coordinates"":[]}"
000000000000000005b3,2.9,59.0,596.0,464.0,48.0,1986.0,487.0,6964.0,"{""type"":""MultiPoint"",""coordinates"":[]}"
000000000000000005b9,1.28,59.0,388.0,339.0,48.0,2197.0,384.0,6970.0,"{""type"":""MultiPoint"",""coordinates"":[]}"
000000000000000005ad,2.7,61.0,420.0,301.0,48.0,2155.0,360.0,6958.0,"{""type"":""MultiPoint"",""coordinates"":[]}"
000000000000000005bf,2.76,63.0,299.0,317.0,48.0,2134.0,401.0,6976.0,"{""type"":""MultiPoint"",""coordinates"":[]}"
000000000000000005b7,2.87,66.0,474.0,341.0,48.0,2162.0,330.0,6968.0,"{""type"":""MultiPoint"",""coordinates"":[]}"
000000000000000005a7,2.11,74.0,137.0,265.0,48.0,2445.0,255.0,6952.0,"{""type"":""MultiPoint"",""coordinates"":[]}"
00000000000000000570,1.93,82.0,-102.0,403.0,48.0,2723.0,369.0,6897.0,"{""type"":""MultiPoint"",""coordinates"":[]}"
000000000000000006f8,0.06,244.0,57.0,-8.0,48.0,2720.0,22.0,7289.0,"{""type"":""MultiPoint"",""coordinates"":[]}"
00000000000000001f50,2.43,280.0,-19.0,177.0,48.0,2436.0,274.0,5480.0,"{""type"":""MultiPoint"",""coordinates"":[]}"
00000000000000000588,0.39,344.0,55.0,151.0,48.0,2541.0,100.0,6921.0,"{""type"":""MultiPoint"",""coordinates"":[]}"
000000000000000006bc,2.66,344.0,335.0,474.0,48.0,2170.0,504.0,7229.0,"{""type"":""MultiPoint"",""coordinates"":[]}"
00000000000000001f03,1.46,344.0,9.0,116.0,48.0,2469.0,191.0,5403.0,"{""type"":""MultiPoint"",""coordinates"":[]}"
00000000000000001f06,0.53,344.0,15.0,127.0,48.0,2519.0,84.0,5406.0,"{""type"":""MultiPoint"",""coordinates"":[]}"
00000000000000001f07,2.12,344.0,54.0,203.0,48.0,2570.0,216.0,5407.0,"{""type"":""MultiPoint"",""coordinates"":[]}"
00000000000000001f08,1.33,344.0,7.0,258.0,48.0,2436.0,224.0,5408.0,"{""type"":""MultiPoint"",""coordinates"":[]}"
00000000000000000598,1.31,360.0,8.0,185.0,48.0,2475.0,122.0,6937.0,"{""type"":""MultiPoint"",""coordinates"":[]}"
0000000000000000059c,1.33,360.0,134.0,256.0,48.0,2435.0,152.0,6941.0,"{""type"":""MultiPoint"",""coordinates"":[]}"
000000000000000006b8,1.29,360.0,143.0,138.0,48.0,2521.0,146.0,7225.0,"{""type"":""MultiPoint"",""coordinates"":[]}"
00000000000000000656,2.33,376.0,29.0,453.0,48.0,2420.0,429.0,7127.0,"{""type"":""MultiPoint"",""coordinates"":[]}"
00000000000000000677,1.85,376.0,-45.0,163.0,48.0,2450.0,101.0,7160.0,"{""type"":""MultiPoint"",""coordinates"":[]}"
000000000000000006a0,1.24,376.0,186.0,240.0,48.0,2356.0,246.0,7201.0,"{""type"":""MultiPoint"",""coordinates"":[]}"
000000000000000006ab,2.18,392.0,26.0,219.0,48.0,2471.0,197.0,7212.0,"{""type"":""MultiPoint"",""coordinates"":[]}"
000000000000000005e5,0.67,440.0,87.0,156.0,48.0,2653.0,90.0,7014.0,"{""type"":""MultiPoint"",""coordinates"":[]}"
000000000000000005e6,0.42,440.0,54.0,253.0,48.0,2699.0,179.0,7015.0,"{""type"":""MultiPoint"",""coordinates"":[]}"
0000000000000000061a,1.12,472.0,80.0,186.0,48.0,2504.0,159.0,7067.0,"{""type"":""MultiPoint"",""coordinates"":[]}"
0000000000000000063a,0.68,504.0,98.0,156.0,48.0,2503.0,115.0,7099.0,"{""type"":""MultiPoint"",""coordinates"":[]}"
0000000000000000063b,1.79,504.0,95.0,194.0,48.0,2481.0,157.0,7100.0,"{""type"":""MultiPoint"",""coordinates"":[]}"
000000000000000005d7,1.78,593.0,53.0,152.0,48.0,2388.0,123.0,7000.0,"{""type"":""MultiPoint"",""coordinates"":[]}"
00000000000000000623,0.95,593.0,-48.0,247.0,48.0,2567.0,76.0,7076.0,"{""type"":""MultiPoint"",""coordinates"":[]}"
000000000000000005c7,1.2,657.0,264.0,67.0,48.0,2578.0,104.0,6984.0,"{""type"":""MultiPoint"",""coordinates"":[]}"
000000000000000005c9,2.92,657.0,452.0,255.0,48.0,2306.0,340.0,6986.0,"{""type"":""MultiPoint"",""coordinates"":[]}"
00000000000000001f4c,2.09,281.0,-143.0,104.0,48.0,2618.0,59.0,5476.0,"{""type"":""MultiPoint"",""coordinates"":[]}"
00000000000000001f4e,2.28,281.0,-52.0,141.0,48.0,2576.0,123.0,5478.0,"{""type"":""MultiPoint"",""coordinates"":[]}"
00000000000000001f51,2.54,281.0,-93.0,252.0,48.0,2445.0,277.0,5481.0,"{""type"":""MultiPoint"",""coordinates"":[]}"
00000000000000001f12,2.6,297.0,313.0,435.0,48.0,1955.0,628.0,5418.0,"{""type"":""MultiPoint"",""coordinates"":[]}"
000000000000000006ee,2.7,313.0,364.0,492.0,48.0,2071.0,506.0,7279.0,"{""type"":""MultiPoint"",""coordinates"":[]}"
00000000000000000699,2.11,345.0,89.0,403.0,48.0,2221.0,334.0,7194.0,"{""type"":""MultiPoint"",""coordinates"":[]}"
000000000000000006a6,1.52,345.0,-24.0,121.0,48.0,2613.0,105.0,7207.0,"{""type"":""MultiPoint"",""coordinates"":[]}"
000000000000000006c6,2.64,345.0,248.0,397.0,48.0,2288.0,410.0,7239.0,"{""type"":""MultiPoint"",""coordinates"":[]}"
000000000000000006c8,2.91,345.0,526.0,431.0,48.0,2013.0,466.0,7241.0,"{""type"":""MultiPoint"",""coordinates"":[]}"
00000000000000001f05,2.17,345.0,255.0,298.0,48.0,2294.0,420.0,5405.0,"{""type"":""MultiPoint"",""coordinates"":[]}"
00000000000000001f09,2.33,345.0,17.0,279.0,48.0,2377.0,360.0,5409.0,"{""type"":""MultiPoint"",""coordinates"":[]}"
00000000000000000669,2.68,361.0,-29.0,455.0,48.0,2388.0,355.0,7146.0,"{""type"":""MultiPoint"",""coordinates"":[]}"
0000000000000000067c,2.72,361.0,218.0,448.0,48.0,2555.0,410.0,7165.0,"{""type"":""MultiPoint"",""coordinates"":[]}"
000000000000000006ba,0.58,361.0,142.0,78.0,48.0,2347.0,99.0,7227.0,"{""type"":""MultiPoint"",""coordinates"":[]}"
00000000000000000584,1.23,377.0,48.0,237.0,48.0,2529.0,177.0,6917.0,"{""type"":""MultiPoint"",""coordinates"":[]}"
00000000000000000694,1.66,393.0,-20.0,197.0,48.0,2412.0,146.0,7189.0,"{""type"":""MultiPoint"",""coordinates"":[]}"
0000000000000000060a,2.54,473.0,-28.0,366.0,48.0,2406.0,279.0,7051.0,"{""type"":""MultiPoint"",""coordinates"":[]}"
00000000000000000624,1.08,594.0,188.0,239.0,48.0,2577.0,117.0,7077.0,"{""type"":""MultiPoint"",""coordinates"":[]}"
0000000000000000062c,0.88,594.0,-60.0,196.0,48.0,2442.0,75.0,7085.0,"{""type"":""MultiPoint"",""coordinates"":[]}"
0000000000000000062d,0.56,594.0,7.0,168.0,48.0,2545.0,46.0,7086.0,"{""type"":""MultiPoint"",""coordinates"":[]}"
00000000000000001f41,2.77,205.0,547.0,402.0,48.0,2050.0,493.0,5465.0,"{""type"":""MultiPoint"",""coordinates"":[]}"
00000000000000001f43,2.56,205.0,119.0,232.0,48.0,2502.0,321.0,5467.0,"{""type"":""MultiPoint"",""coordinates"":[]}"
000000000000000006d9,2.02,245.0,37.0,217.0,48.0,2516.0,222.0,7258.0,"{""type"":""MultiPoint"",""coordinates"":[]}"
000000000000000006f4,2.73,245.0,77.0,155.0,48.0,2428.0,207.0,7285.0,"{""type"":""MultiPoint"",""coordinates"":[]}"
00000000000000001f38,2.42,245.0,106.0,220.0,48.0,2276.0,388.0,5456.0,"{""type"":""MultiPoint"",""coordinates"":[]}"
00000000000000001f3b,2.57,245.0,219.0,143.0,48.0,2243.0,362.0,5459.0,"{""type"":""MultiPoint"",""coordinates"":[]}"
00000000000000001f47,1.51,282.0,-30.0,125.0,48.0,2616.0,146.0,5471.0,"{""type"":""MultiPoint"",""coordinates"":[]}"
00000000000000001f4d,1.12,282.0,-31.0,132.0,48.0,2572.0,133.0,5477.0,"{""type"":""MultiPoint"",""coordinates"":[]}"
00000000000000001f5f,1.97,314.0,-25.0,268.0,48.0,2552.0,338.0,5495.0,"{""type"":""MultiPoint"",""coordinates"":[]}"
00000000000000001f67,2.17,314.0,10.0,273.0,48.0,2573.0,335.0,5503.0,"{""type"":""MultiPoint"",""coordinates"":[]}"
00000000000000001f68,2.26,314.0,129.0,203.0,48.0,2679.0,261.0,5504.0,"{""type"":""MultiPoint"",""coordinates"":[]}"
00000000000000001f0c,2.73,330.0,291.0,427.0,48.0,2119.0,506.0,5412.0,"{""type"":""MultiPoint"",""coordinates"":[]}"
00000000000000001f1c,1.69,346.0,-27.0,94.0,48.0,2449.0,120.0,5428.0,"{""type"":""MultiPoint"",""coordinates"":[]}"
00000000000000001f1e,1.31,346.0,195.0,111.0,48.0,2572.0,153.0,5430.0,"{""type"":""MultiPoint"",""coordinates"":[]}"
00000000000000001f1f,1.88,346.0,158.0,216.0,48.0,2489.0,137.0,5431.0,"{""type"":""MultiPoint"",""coordinates"":[]}"
00000000000000000675,2.77,362.0,-21.0,465.0,48.0,2406.0,361.0,7158.0,"{""type"":""MultiPoint"",""coordinates"":[]}"
00000000000000000695,1.7,362.0,-44.0,133.0,48.0,2368.0,72.0,7190.0,"{""type"":""MultiPoint"",""coordinates"":[]}"
000000000000000006b7,0.51,362.0,48.0,6.0,48.0,2448.0,20.0,7224.0,"{""type"":""MultiPoint"",""coordinates"":[]}"
0000000000000000069e,2.63,378.0,-76.0,440.0,48.0,2515.0,413.0,7199.0,"{""type"":""MultiPoint"",""coordinates"":[]}"
0000000000000000067d,1.75,394.0,37.0,198.0,48.0,2461.0,184.0,7166.0,"{""type"":""MultiPoint"",""coordinates"":[]}"
0000000000000000069c,2.27,394.0,-45.0,170.0,48.0,2526.0,121.0,7197.0,"{""type"":""MultiPoint"",""coordinates"":[]}"
00000000000000000568,0.8,506.0,113.0,121.0,48.0,2667.0,103.0,6889.0,"{""type"":""MultiPoint"",""coordinates"":[]}"
000000000000000005ea,1.02,506.0,126.0,105.0,48.0,2509.0,68.0,7019.0,"{""type"":""MultiPoint"",""coordinates"":[]}"
000000000000000005eb,0.95,506.0,106.0,133.0,48.0,2542.0,86.0,7020.0,"{""type"":""MultiPoint"",""coordinates"":[]}"
000000000000000005d8,1.3,596.0,28.0,271.0,48.0,2411.0,220.0,7001.0,"{""type"":""MultiPoint"",""coordinates"":[]}"
00000000000000000627,0.87,596.0,190.0,187.0,48.0,2540.0,64.0,7080.0,"{""type"":""MultiPoint"",""coordinates"":[]}"
00000000000000000629,0.82,596.0,2.0,234.0,48.0,2556.0,110.0,7082.0,"{""type"":""MultiPoint"",""coordinates"":[]}"
0000000000000000062a,0.62,596.0,-63.0,244.0,48.0,2504.0,72.0,7083.0,"{""type"":""MultiPoint"",""coordinates"":[]}"
000000000000000005c5,2.81,597.0,237.0,383.0,48.0,2143.0,466.0,6982.0,"{""type"":""MultiPoint"",""coordinates"":[]}"
0000000000000000062b,0.44,597.0,-59.0,179.0,48.0,2538.0,61.0,7084.0,"{""type"":""MultiPoint"",""coordinates"":[]}"
0000000000000000062f,1.84,597.0,-43.0,283.0,48.0,2521.0,182.0,7088.0,"{""type"":""MultiPoint"",""coordinates"":[]}"
00000000000000001f45,1.15,283.0,33.0,86.0,48.0,2460.0,48.0,5469.0,"{""type"":""MultiPoint"",""coordinates"":[]}"
00000000000000001f46,1.59,283.0,-62.0,155.0,48.0,2586.0,132.0,5470.0,"{""type"":""MultiPoint"",""coordinates"":[]}"
00000000000000001f18,2.45,299.0,153.0,121.0,48.0,2392.0,157.0,5424.0,"{""type"":""MultiPoint"",""coordinates"":[]}"
0000000000000000002e,0.89,315.0,-96.0,169.0,48.0,2602.0,172.0,5551.0,"{""type"":""MultiPoint"",""coordinates"":[]}"
0000000000000000068f,1.76,315.0,30.0,200.0,48.0,2378.0,189.0,7184.0,"{""type"":""MultiPoint"",""coordinates"":[]}"
00000000000000001f65,0.58,315.0,-32.0,71.0,48.0,2583.0,61.0,5501.0,"{""type"":""MultiPoint"",""coordinates"":[]}"
00000000000000001f6c,1.43,315.0,-11.0,92.0,48.0,2582.0,102.0,5508.0,"{""type"":""MultiPoint"",""coordinates"":[]}"
00000000000000001f83,1.78,315.0,-82.0,210.0,48.0,2600.0,226.0,5531.0,"{""type"":""MultiPoint"",""coordinates"":[]}"
00000000000000001f0b,1.74,331.0,240.0,142.0,48.0,2315.0,182.0,5411.0,"{""type"":""MultiPoint"",""coordinates"":[]}"
000000000000000006a1,2.16,347.0,34.0,272.0,48.0,2453.0,244.0,7202.0,"{""type"":""MultiPoint"",""coordinates"":[]}"
000000000000000006c1,2.2,347.0,102.0,298.0,48.0,2447.0,342.0,7234.0,"{""type"":""MultiPoint"",""coordinates"":[]}"
000000000000000006c3,2.18,347.0,89.0,198.0,48.0,2482.0,207.0,7236.0,"{""type"":""MultiPoint"",""coordinates"":[]}"
00000000000000001efc,1.44,347.0,-128.0,174.0,48.0,2515.0,155.0,5396.0,"{""type"":""MultiPoint"",""coordinates"":[]}"
00000000000000001efd,1.65,347.0,-38.0,264.0,48.0,2493.0,277.0,5397.0,"{""type"":""MultiPoint"",""coordinates"":[]}"
00000000000000001f32,1.88,347.0,59.0,218.0,48.0,2502.0,218.0,5450.0,"{""type"":""MultiPoint"",""coordinates"":[]}"
00000000000000000591,1.19,363.0,32.0,105.0,48.0,2431.0,59.0,6930.0,"{""type"":""MultiPoint"",""coordinates"":[]}"
0000000000000000068c,0.94,363.0,-17.0,233.0,48.0,2457.0,197.0,7181.0,"{""type"":""MultiPoint"",""coordinates"":[]}"
00000000000000000583,0.57,379.0,155.0,212.0,48.0,2548.0,149.0,6916.0,"{""type"":""MultiPoint"",""coordinates"":[]}"
00000000000000000651,2.64,379.0,-17.0,461.0,48.0,2410.0,421.0,7122.0,"{""type"":""MultiPoint"",""coordinates"":[]}"
00000000000000000655,2.9,379.0,108.0,541.0,48.0,2246.0,485.0,7126.0,"{""type"":""MultiPoint"",""coordinates"":[]}"
00000000000000000664,2.6,379.0,56.0,393.0,48.0,2547.0,341.0,7141.0,"{""type"":""MultiPoint"",""coordinates"":[]}"
000000000000000005f7,1.58,427.0,26.0,189.0,48.0,2542.0,125.0,7032.0,"{""type"":""MultiPoint"",""coordinates"":[]}"
00000000000000000612,0.11,443.0,169.0,68.0,48.0,2710.0,50.0,7059.0,"{""type"":""MultiPoint"",""coordinates"":[]}"
0000000000000000056c,0.55,459.0,141.0,160.0,48.0,2731.0,156.0,6893.0,"{""type"":""MultiPoint"",""coordinates"":[]}"
000000000000000005c6,2.64,598.0,344.0,348.0,48.0,2079.0,425.0,6983.0,"{""type"":""MultiPoint"",""coordinates"":[]}"
000000000000000005d0,1.11,598.0,165.0,82.0,48.0,2587.0,63.0,6993.0,"{""type"":""MultiPoint"",""coordinates"":[]}"
00000000000000000628,0.98,598.0,48.0,205.0,48.0,2555.0,72.0,7081.0,"{""type"":""MultiPoint"",""coordinates"":[]}"
000000000000000005c4,1.57,599.0,119.0,284.0,48.0,2571.0,266.0,6981.0,"{""type"":""MultiPoint"",""coordinates"":[]}"
000000000000000005d6,2.41,599.0,397.0,232.0,48.0,2350.0,238.0,6999.0,"{""type"":""MultiPoint"",""coordinates"":[]}"
000000000000000005dc,2.39,599.0,88.0,155.0,48.0,2730.0,195.0,7005.0,"{""type"":""MultiPoint"",""coordinates"":[]}"
000000000000000005ba,2.95,67.0,408.0,513.0,48.0,1921.0,563.0,6971.0,"{""type"":""MultiPoint"",""coordinates"":[]}"
000000000000000005bb,2.73,67.0,235.0,386.0,48.0,2233.0,393.0,6972.0,"{""type"":""MultiPoint"",""coordinates"":[]}"
000000000000000005bd,2.99,67.0,699.0,450.0,48.0,2007.0,423.0,6974.0,"{""type"":""MultiPoint"",""coordinates"":[]}"
00000000000000000574,2.34,79.0,-241.0,379.0,48.0,2608.0,397.0,6901.0,"{""type"":""MultiPoint"",""coordinates"":[]}"
0000000000000000057a,1.9,83.0,-79.0,280.0,48.0,2694.0,235.0,6907.0,"{""type"":""MultiPoint"",""coordinates"":[]}"
0000000000000000057c,1.37,83.0,-115.0,246.0,48.0,2522.0,221.0,6909.0,"{""type"":""MultiPoint"",""coordinates"":[]}"
00000000000000001f40,2.08,198.0,109.0,287.0,48.0,2471.0,315.0,5464.0,"{""type"":""MultiPoint"",""coordinates"":[]}"
00000000000000001f39,2.47,246.0,552.0,344.0,48.0,2064.0,508.0,5457.0,"{""type"":""MultiPoint"",""coordinates"":[]}"
00000000000000001f3a,2.53,246.0,392.0,360.0,48.0,2258.0,452.0,5458.0,"{""type"":""MultiPoint"",""coordinates"":[]}"
00000000000000001f17,2.64,300.0,453.0,328.0,48.0,2163.0,387.0,5423.0,"{""type"":""MultiPoint"",""coordinates"":[]}"
00000000000000001f6a,1.71,316.0,-97.0,169.0,48.0,2629.0,183.0,5506.0,"{""type"":""MultiPoint"",""coordinates"":[]}"
0000000000000000058c,1.74,332.0,67.0,396.0,48.0,2447.0,325.0,6925.0,"{""type"":""MultiPoint"",""coordinates"":[]}"
00000000000000001ef7,1.15,332.0,0.0,110.0,48.0,2613.0,93.0,5391.0,"{""type"":""MultiPoint"",""coordinates"":[]}"
0000000000000000061d,0.47,348.0,160.0,108.0,48.0,2684.0,84.0,7070.0,"{""type"":""MultiPoint"",""coordinates"":[]}"
00000000000000001efe,2.8,348.0,142.0,232.0,48.0,2202.0,412.0,5398.0,"{""type"":""MultiPoint"",""coordinates"":[]}"
00000000000000001eff,1.57,348.0,-97.0,139.0,48.0,2445.0,137.0,5399.0,"{""type"":""MultiPoint"",""coordinates"":[]}"
00000000000000001f19,2.45,348.0,217.0,330.0,48.0,2225.0,427.0,5425.0,"{""type"":""MultiPoint"",""coordinates"":[]}"
00000000000000001f1b,1.06,348.0,77.0,150.0,48.0,2466.0,137.0,5427.0,"{""type"":""MultiPoint"",""coordinates"":[]}"
00000000000000001f1d,1.16,348.0,-80.0,116.0,48.0,2555.0,85.0,5429.0,"{""type"":""MultiPoint"",""coordinates"":[]}"
00000000000000001f20,1.0,348.0,-88.0,38.0,48.0,2570.0,66.0,5432.0,"{""type"":""MultiPoint"",""coordinates"":[]}"
00000000000000001f24,1.68,348.0,-29.0,135.0,48.0,2520.0,126.0,5436.0,"{""type"":""MultiPoint"",""coordinates"":[]}"
00000000000000001f25,1.4,348.0,20.0,150.0,48.0,2558.0,149.0,5437.0,"{""type"":""MultiPoint"",""coordinates"":[]}"
00000000000000001f29,1.27,348.0,90.0,126.0,48.0,2520.0,190.0,5441.0,"{""type"":""MultiPoint"",""coordinates"":[]}"
00000000000000001f2d,2.58,348.0,60.0,314.0,48.0,2322.0,342.0,5445.0,"{""type"":""MultiPoint"",""coordinates"":[]}"
00000000000000001f2e,2.66,348.0,118.0,347.0,48.0,2307.0,384.0,5446.0,"{""type"":""MultiPoint"",""coordinates"":[]}"
00000000000000000599,0.99,364.0,-37.0,227.0,48.0,2462.0,185.0,6938.0,"{""type"":""MultiPoint"",""coordinates"":[]}"
0000000000000000059a,1.11,364.0,1.0,222.0,48.0,2405.0,157.0,6939.0,"{""type"":""MultiPoint"",""coordinates"":[]}"
0000000000000000059b,1.53,364.0,-73.0,284.0,48.0,2509.0,197.0,6940.0,"{""type"":""MultiPoint"",""coordinates"":[]}"
0000000000000000064e,2.1,364.0,-25.0,143.0,48.0,2415.0,85.0,7119.0,"{""type"":""MultiPoint"",""coordinates"":[]}"
00000000000000000688,1.73,364.0,-31.0,230.0,48.0,2489.0,177.0,7177.0,"{""type"":""MultiPoint"",""coordinates"":[]}"
00000000000000000658,2.45,380.0,-59.0,493.0,48.0,2418.0,419.0,7129.0,"{""type"":""MultiPoint"",""coordinates"":[]}"
000000000000000005e9,0.97,508.0,70.0,100.0,48.0,2629.0,45.0,7018.0,"{""type"":""MultiPoint"",""coordinates"":[]}"
00000000000000000625,0.62,600.0,181.0,154.0,48.0,2655.0,46.0,7078.0,"{""type"":""MultiPoint"",""coordinates"":[]}"
0000000000000000062e,1.09,601.0,-21.0,193.0,48.0,2633.0,155.0,7087.0,"{""type"":""MultiPoint"",""coordinates"":[]}"
0000000000000000058b,2.67,301.0,144.0,465.0,48.0,2465.0,369.0,6924.0,"{""type"":""MultiPoint"",""coordinates"":[]}"
00000000000000000590,1.2,317.0,147.0,202.0,48.0,2426.0,143.0,6929.0,"{""type"":""MultiPoint"",""coordinates"":[]}"
00000000000000001f6b,1.38,317.0,-79.0,99.0,48.0,2569.0,126.0,5507.0,"{""type"":""MultiPoint"",""coordinates"":[]}"
00000000000000001ef6,1.22,333.0,25.0,101.0,48.0,2586.0,63.0,5390.0,"{""type"":""MultiPoint"",""coordinates"":[]}"
00000000000000000596,2.84,349.0,114.0,444.0,48.0,2412.0,402.0,6935.0,"{""type"":""MultiPoint"",""coordinates"":[]}"
000000000000000006c4,1.03,349.0,67.0,61.0,48.0,2415.0,73.0,7237.0,"{""type"":""MultiPoint"",""coordinates"":[]}"
000000000000000006cb,1.92,349.0,199.0,105.0,48.0,2639.0,161.0,7244.0,"{""type"":""MultiPoint"",""coordinates"":[]}"
00000000000000001f22,2.84,349.0,234.0,307.0,48.0,2219.0,418.0,5434.0,"{""type"":""MultiPoint"",""coordinates"":[]}"
00000000000000001f23,0.81,349.0,-16.0,60.0,48.0,2544.0,65.0,5435.0,"{""type"":""MultiPoint"",""coordinates"":[]}"
0000000000000000064d,1.12,365.0,-41.0,132.0,48.0,2590.0,119.0,7118.0,"{""type"":""MultiPoint"",""coordinates"":[]}"
00000000000000000582,0.85,381.0,96.0,224.0,48.0,2552.0,147.0,6915.0,"{""type"":""MultiPoint"",""coordinates"":[]}"
0000000000000000065d,2.12,397.0,6.0,341.0,48.0,2554.0,283.0,7134.0,"{""type"":""MultiPoint"",""coordinates"":[]}"
000000000000000006a9,1.1,397.0,-71.0,221.0,48.0,2500.0,164.0,7210.0,"{""type"":""MultiPoint"",""coordinates"":[]}"
000000000000000005f6,0.8,429.0,94.0,112.0,48.0,2598.0,62.0,7031.0,"{""type"":""MultiPoint"",""coordinates"":[]}"
0000000000000000061c,1.15,461.0,6.0,231.0,48.0,2532.0,183.0,7069.0,"{""type"":""MultiPoint"",""coordinates"":[]}"
000000000000000005e7,1.12,509.0,69.0,147.0,48.0,2561.0,104.0,7016.0,"{""type"":""MultiPoint"",""coordinates"":[]}"
000000000000000005df,2.71,602.0,405.0,162.0,48.0,2394.0,211.0,7008.0,"{""type"":""MultiPoint"",""coordinates"":[]}"
00000000000000000626,0.93,603.0,160.0,163.0,48.0,2604.0,56.0,7079.0,"{""type"":""MultiPoint"",""coordinates"":[]}"
000000000000000005c2,0.8,635.0,151.0,112.0,48.0,2543.0,160.0,6979.0,"{""type"":""MultiPoint"",""coordinates"":[]}"
000000000000000006f1,0.65,247.0,42.0,101.0,48.0,2415.0,119.0,7282.0,"{""type"":""MultiPoint"",""coordinates"":[]}"
000000000000000006f3,2.6,247.0,20.0,233.0,48.0,2499.0,248.0,7284.0,"{""type"":""MultiPoint"",""coordinates"":[]}"
000000000000000006cd,2.37,302.0,130.0,298.0,48.0,2479.0,331.0,7246.0,"{""type"":""MultiPoint"",""coordinates"":[]}"
0000000000000000058a,0.96,318.0,26.0,135.0,48.0,2363.0,83.0,6923.0,"{""type"":""MultiPoint"",""coordinates"":[]}"
0000000000000000059e,1.46,334.0,79.0,212.0,48.0,2492.0,176.0,6943.0,"{""type"":""MultiPoint"",""coordinates"":[]}"
00000000000000001f0a,0.82,334.0,-48.0,132.0,48.0,2478.0,109.0,5410.0,"{""type"":""MultiPoint"",""coordinates"":[]}"
00000000000000000594,1.56,350.0,-9.0,159.0,48.0,2420.0,94.0,6933.0,"{""type"":""MultiPoint"",""coordinates"":[]}"
0000000000000000061e,0.57,350.0,145.0,104.0,48.0,2593.0,64.0,7071.0,"{""type"":""MultiPoint"",""coordinates"":[]}"
000000000000000006be,1.09,350.0,50.0,38.0,48.0,2478.0,23.0,7231.0,"{""type"":""MultiPoint"",""coordinates"":[]}"
00000000000000001ef8,0.89,350.0,15.0,61.0,48.0,2457.0,11.0,5392.0,"{""type"":""MultiPoint"",""coordinates"":[]}"
00000000000000001f1a,2.9,350.0,296.0,394.0,48.0,2073.0,464.0,5426.0,"{""type"":""MultiPoint"",""coordinates"":[]}"
00000000000000001f21,2.82,350.0,423.0,408.0,48.0,1936.0,557.0,5433.0,"{""type"":""MultiPoint"",""coordinates"":[]}"
00000000000000001f31,0.92,350.0,9.0,173.0,48.0,2427.0,126.0,5449.0,"{""type"":""MultiPoint"",""coordinates"":[]}"
00000000000000000657,2.59,382.0,24.0,435.0,48.0,2365.0,419.0,7128.0,"{""type"":""MultiPoint"",""coordinates"":[]}"
0000000000000000065b,2.49,382.0,-38.0,369.0,48.0,2344.0,299.0,7132.0,"{""type"":""MultiPoint"",""coordinates"":[]}"
0000000000000000068a,2.36,398.0,14.0,263.0,48.0,2479.0,220.0,7179.0,"{""type"":""MultiPoint"",""coordinates"":[]}"
0000000000000000061b,0.87,478.0,73.0,108.0,48.0,2592.0,86.0,7068.0,"{""type"":""MultiPoint"",""coordinates"":[]}"
00000000000000000638,2.42,510.0,56.0,379.0,48.0,2474.0,297.0,7097.0,"{""type"":""MultiPoint"",""coordinates"":[]}"
000000000000000005c3,2.46,637.0,56.0,310.0,48.0,2498.0,319.0,6980.0,"{""type"":""MultiPoint"",""coordinates"":[]}"
000000000000000005cb,2.05,637.0,275.0,98.0,48.0,2534.0,130.0,6988.0,"{""type"":""MultiPoint"",""coordinates"":[]}"
00000000000000000683,1.1,287.0,-11.0,175.0,48.0,2550.0,161.0,7172.0,"{""type"":""MultiPoint"",""coordinates"":[]}"
00000000000000000589,0.59,319.0,125.0,128.0,48.0,2567.0,90.0,6922.0,"{""type"":""MultiPoint"",""coordinates"":[]}"
0000000000000000058f,0.88,319.0,123.0,297.0,48.0,2478.0,217.0,6928.0,"{""type"":""MultiPoint"",""coordinates"":[]}"
00000000000000000697,1.15,319.0,9.0,219.0,48.0,2355.0,185.0,7192.0,"{""type"":""MultiPoint"",""coordinates"":[]}"
00000000000000001f6f,2.08,319.0,347.0,118.0,48.0,2725.0,155.0,5511.0,"{""type"":""MultiPoint"",""coordinates"":[]}"
00000000000000000587,1.89,335.0,-15.0,281.0,48.0,2564.0,223.0,6920.0,"{""type"":""MultiPoint"",""coordinates"":[]}"
00000000000000000597,1.63,351.0,-55.0,208.0,48.0,2492.0,127.0,6936.0,"{""type"":""MultiPoint"",""coordinates"":[]}"
0000000000000000066b,1.54,351.0,27.0,313.0,48.0,2258.0,273.0,7148.0,"{""type"":""MultiPoint"",""coordinates"":[]}"
00000000000000001efa,1.07,351.0,-41.0,38.0,48.0,2489.0,32.0,5394.0,"{""type"":""MultiPoint"",""coordinates"":[]}"
00000000000000000671,2.89,383.0,-8.0,519.0,48.0,2398.0,455.0,7154.0,"{""type"":""MultiPoint"",""coordinates"":[]}"
00000000000000000678,1.82,399.0,-56.0,168.0,48.0,2416.0,108.0,7161.0,"{""type"":""MultiPoint"",""coordinates"":[]}"
000000000000000005f2,1.57,431.0,58.0,156.0,48.0,2526.0,123.0,7027.0,"{""type"":""MultiPoint"",""coordinates"":[]}"
00000000000000000611,0.59,447.0,91.0,165.0,48.0,2555.0,121.0,7058.0,"{""type"":""MultiPoint"",""coordinates"":[]}"
000000000000000005ed,0.24,495.0,41.0,99.0,48.0,2667.0,57.0,7022.0,"{""type"":""MultiPoint"",""coordinates"":[]}"
000000000000000005f1,0.6,495.0,-38.0,101.0,48.0,2628.0,45.0,7026.0,"{""type"":""MultiPoint"",""coordinates"":[]}"
0000000000000000056e,0.53,511.0,18.0,108.0,48.0,2698.0,67.0,6895.0,"{""type"":""MultiPoint"",""coordinates"":[]}"
00000000000000000637,1.13,511.0,46.0,212.0,48.0,2467.0,159.0,7096.0,"{""type"":""MultiPoint"",""coordinates"":[]}"
000000000000000005e0,2.97,607.0,625.0,288.0,48.0,2072.0,385.0,7009.0,"{""type"":""MultiPoint"",""coordinates"":[]}"
00000000000000000630,0.98,607.0,56.0,156.0,48.0,2587.0,81.0,7089.0,"{""type"":""MultiPoint"",""coordinates"":[]}"
00000000000000000de6,2.09,56.0,768.0,399.0,52.0,1930.0,602.0,988.0,"{""type"":""MultiPoint"",""coordinates"":[]}"
00000000000000000de7,1.79,56.0,600.0,274.0,52.0,2199.0,492.0,989.0,"{""type"":""MultiPoint"",""coordinates"":[]}"
00000000000000000df5,2.13,56.0,919.0,327.0,52.0,1934.0,553.0,1003.0,"{""type"":""MultiPoint"",""coordinates"":[]}"
00000000000000000df8,1.54,55.0,359.0,278.0,52.0,2277.0,485.0,1006.0,"{""type"":""MultiPoint"",""coordinates"":[]}"
00000000000000000df9,2.17,55.0,936.0,296.0,52.0,1854.0,595.0,1007.0,"{""type"":""MultiPoint"",""coordinates"":[]}"
00000000000000000dfa,1.77,55.0,681.0,255.0,52.0,1994.0,558.0,1008.0,"{""type"":""MultiPoint"",""coordinates"":[]}"
00000000000000000dfb,0.93,55.0,263.0,-32.0,52.0,2673.0,188.0,1009.0,"{""type"":""MultiPoint"",""coordinates"":[]}"
00000000000000000de8,1.84,57.0,569.0,218.0,52.0,2162.0,477.0,990.0,"{""type"":""MultiPoint"",""coordinates"":[]}"
00000000000000000de9,2.05,57.0,720.0,225.0,52.0,2105.0,524.0,991.0,"{""type"":""MultiPoint"",""coordinates"":[]}"
00000000000000000dea,1.68,57.0,657.0,185.0,52.0,2296.0,433.0,992.0,"{""type"":""MultiPoint"",""coordinates"":[]}"
00000000000000000df6,2.22,57.0,421.0,330.0,52.0,1911.0,615.0,1004.0,"{""type"":""MultiPoint"",""coordinates"":[]}"
00000000000000000df7,2.56,57.0,1025.0,411.0,52.0,1904.0,613.0,1005.0,"{""type"":""MultiPoint"",""coordinates"":[]}"
00000000000000001d20,2.48,160.0,159.0,255.0,54.0,2191.0,483.0,4920.0,"{""type"":""MultiPoint"",""coordinates"":[]}"
00000000000000001d18,2.57,156.0,49.0,268.0,54.0,2331.0,449.0,4912.0,"{""type"":""MultiPoint"",""coordinates"":[]}"
00000000000000001d24,1.99,164.0,-26.0,37.0,54.0,2766.0,103.0,4924.0,"{""type"":""MultiPoint"",""coordinates"":[]}"
00000000000000001d25,2.4,164.0,12.0,46.0,54.0,2582.0,163.0,4925.0,"{""type"":""MultiPoint"",""coordinates"":[]}"
00000000000000001d1a,2.73,157.0,-100.0,313.0,54.0,2544.0,413.0,4914.0,"{""type"":""MultiPoint"",""coordinates"":[]}"
00000000000000001d13,2.66,150.0,61.0,172.0,54.0,2658.0,199.0,4907.0,"{""type"":""MultiPoint"",""coordinates"":[]}"
00000000000000001d1e,0.08,158.0,168.0,-63.0,54.0,2662.0,-42.0,4918.0,"{""type"":""MultiPoint"",""coordinates"":[]}"
00000000000000001d21,2.69,158.0,73.0,106.0,54.0,2495.0,261.0,4921.0,"{""type"":""MultiPoint"",""coordinates"":[]}"
00000000000000001d14,1.74,151.0,67.0,268.0,54.0,2577.0,309.0,4908.0,"{""type"":""MultiPoint"",""coordinates"":[]}"
00000000000000001d15,2.32,151.0,53.0,256.0,54.0,2495.0,375.0,4909.0,"{""type"":""MultiPoint"",""coordinates"":[]}"
00000000000000001d16,2.07,151.0,51.0,257.0,54.0,2396.0,413.0,4910.0,"{""type"":""MultiPoint"",""coordinates"":[]}"
00000000000000001d17,2.58,151.0,24.0,204.0,54.0,2388.0,403.0,4911.0,"{""type"":""MultiPoint"",""coordinates"":[]}"
00000000000000001d1d,2.82,159.0,212.0,194.0,54.0,2377.0,389.0,4917.0,"{""type"":""MultiPoint"",""coordinates"":[]}"
00000000000000000a7b,2.29,88.0,85.0,166.0,56.0,2526.0,245.0,113.0,"{""type"":""MultiPoint"",""coordinates"":[]}"
00000000000000000a9f,2.86,88.0,365.0,271.0,56.0,2291.0,382.0,149.0,"{""type"":""MultiPoint"",""coordinates"":[]}"
00000000000000000aa2,2.65,88.0,239.0,407.0,56.0,2182.0,471.0,152.0,"{""type"":""MultiPoint"",""coordinates"":[]}"
00000000000000000aa4,2.29,88.0,333.0,397.0,56.0,2175.0,499.0,154.0,"{""type"":""MultiPoint"",""coordinates"":[]}"
00000000000000000a94,2.33,92.0,242.0,334.0,56.0,2273.0,508.0,138.0,"{""type"":""MultiPoint"",""coordinates"":[]}"
00000000000000000a95,1.45,92.0,64.0,295.0,56.0,2533.0,314.0,139.0,"{""type"":""MultiPoint"",""coordinates"":[]}"
00000000000000000a97,2.54,92.0,243.0,415.0,56.0,2228.0,492.0,141.0,"{""type"":""MultiPoint"",""coordinates"":[]}"
00000000000000000a98,2.41,92.0,292.0,355.0,56.0,2187.0,495.0,142.0,"{""type"":""MultiPoint"",""coordinates"":[]}"
00000000000000000a6a,1.97,85.0,152.0,433.0,56.0,2328.0,423.0,96.0,"{""type"":""MultiPoint"",""coordinates"":[]}"
00000000000000000a6b,2.24,85.0,162.0,434.0,56.0,2331.0,422.0,97.0,"{""type"":""MultiPoint"",""coordinates"":[]}"
00000000000000000a6c,1.36,85.0,30.0,388.0,56.0,2427.0,266.0,98.0,"{""type"":""MultiPoint"",""coordinates"":[]}"
00000000000000000aa5,2.35,93.0,186.0,252.0,56.0,2392.0,314.0,155.0,"{""type"":""MultiPoint"",""coordinates"":[]}"
00000000000000000aa6,1.88,93.0,1.0,322.0,56.0,2402.0,304.0,156.0,"{""type"":""MultiPoint"",""coordinates"":[]}"
00000000000000000aa8,2.25,93.0,313.0,357.0,56.0,2181.0,481.0,158.0,"{""type"":""MultiPoint"",""coordinates"":[]}"
00000000000000000aaa,1.88,93.0,287.0,359.0,56.0,2149.0,536.0,160.0,"{""type"":""MultiPoint"",""coordinates"":[]}"
00000000000000000aac,2.06,93.0,192.0,398.0,56.0,2204.0,513.0,162.0,"{""type"":""MultiPoint"",""coordinates"":[]}"
00000000000000000a65,1.99,86.0,271.0,462.0,56.0,2190.0,506.0,91.0,"{""type"":""MultiPoint"",""coordinates"":[]}"
00000000000000000a66,2.51,86.0,245.0,412.0,56.0,2242.0,529.0,92.0,"{""type"":""MultiPoint"",""coordinates"":[]}"
00000000000000000a67,1.89,86.0,240.0,409.0,56.0,2234.0,536.0,93.0,"{""type"":""MultiPoint"",""coordinates"":[]}"
00000000000000000a6e,2.08,86.0,224.0,427.0,56.0,2185.0,480.0,100.0,"{""type"":""MultiPoint"",""coordinates"":[]}"
00000000000000000a6f,2.05,86.0,157.0,419.0,56.0,2316.0,444.0,101.0,"{""type"":""MultiPoint"",""coordinates"":[]}"
00000000000000000a70,1.78,86.0,203.0,396.0,56.0,2310.0,475.0,102.0,"{""type"":""MultiPoint"",""coordinates"":[]}"
00000000000000000a71,1.5,86.0,-96.0,335.0,56.0,2582.0,250.0,103.0,"{""type"":""MultiPoint"",""coordinates"":[]}"
00000000000000000a72,1.31,86.0,-21.0,352.0,56.0,2483.0,202.0,104.0,"{""type"":""MultiPoint"",""coordinates"":[]}"
00000000000000000a73,2.55,86.0,249.0,499.0,56.0,2174.0,498.0,105.0,"{""type"":""MultiPoint"",""coordinates"":[]}"
00000000000000000a77,1.91,86.0,-12.0,295.0,56.0,2417.0,329.0,109.0,"{""type"":""MultiPoint"",""coordinates"":[]}"
00000000000000000a80,2.77,86.0,296.0,323.0,56.0,2238.0,409.0,118.0,"{""type"":""MultiPoint"",""coordinates"":[]}"
00000000000000000a81,2.4,86.0,335.0,245.0,56.0,2269.0,310.0,119.0,"{""type"":""MultiPoint"",""coordinates"":[]}"
00000000000000000a87,1.9,86.0,98.0,285.0,56.0,2505.0,237.0,125.0,"{""type"":""MultiPoint"",""coordinates"":[]}"
00000000000000000a89,1.88,86.0,72.0,184.0,56.0,2503.0,42.0,127.0,"{""type"":""MultiPoint"",""coordinates"":[]}"
00000000000000000a8a,1.82,86.0,-3.0,248.0,56.0,2566.0,159.0,128.0,"{""type"":""MultiPoint"",""coordinates"":[]}"
00000000000000000a8b,1.75,86.0,14.0,236.0,56.0,2526.0,136.0,129.0,"{""type"":""MultiPoint"",""coordinates"":[]}"
00000000000000000a8d,1.32,86.0,-7.0,175.0,56.0,2652.0,112.0,131.0,"{""type"":""MultiPoint"",""coordinates"":[]}"
00000000000000000a60,2.05,87.0,28.0,389.0,56.0,2418.0,356.0,86.0,"{""type"":""MultiPoint"",""coordinates"":[]}"
00000000000000000a61,2.09,87.0,152.0,433.0,56.0,2248.0,546.0,87.0,"{""type"":""MultiPoint"",""coordinates"":[]}"
00000000000000000a62,1.92,87.0,146.0,454.0,56.0,2264.0,505.0,88.0,"{""type"":""MultiPoint"",""coordinates"":[]}"
00000000000000000a68,2.16,87.0,174.0,423.0,56.0,2269.0,535.0,94.0,"{""type"":""MultiPoint"",""coordinates"":[]}"
00000000000000000a79,2.23,87.0,319.0,272.0,56.0,2269.0,452.0,111.0,"{""type"":""MultiPoint"",""coordinates"":[]}"
00000000000000000a7d,1.45,87.0,39.0,221.0,56.0,2729.0,156.0,115.0,"{""type"":""MultiPoint"",""coordinates"":[]}"
00000000000000000a7e,2.61,87.0,606.0,421.0,56.0,1978.0,554.0,116.0,"{""type"":""MultiPoint"",""coordinates"":[]}"
00000000000000000a83,1.06,87.0,143.0,270.0,56.0,2545.0,254.0,121.0,"{""type"":""MultiPoint"",""coordinates"":[]}"
00000000000000000a84,2.7,87.0,455.0,417.0,56.0,2095.0,551.0,122.0,"{""type"":""MultiPoint"",""coordinates"":[]}"
00000000000000000a85,2.51,87.0,660.0,451.0,56.0,1927.0,594.0,123.0,"{""type"":""MultiPoint"",""coordinates"":[]}"
00000000000000000a86,2.58,87.0,369.0,308.0,56.0,2372.0,410.0,124.0,"{""type"":""MultiPoint"",""coordinates"":[]}"
00000000000000000a8e,2.82,87.0,761.0,426.0,56.0,1895.0,577.0,132.0,"{""type"":""MultiPoint"",""coordinates"":[]}"
00000000000000000a90,1.67,87.0,194.0,278.0,56.0,2461.0,184.0,134.0,"{""type"":""MultiPoint"",""coordinates"":[]}"
00000000000000000a91,2.81,87.0,580.0,512.0,56.0,2059.0,583.0,135.0,"{""type"":""MultiPoint"",""coordinates"":[]}"
00000000000000000a93,2.66,87.0,413.0,405.0,56.0,2147.0,545.0,137.0,"{""type"":""MultiPoint"",""coordinates"":[]}"
00000000000000000a9b,1.09,87.0,77.0,214.0,56.0,2575.0,77.0,145.0,"{""type"":""MultiPoint"",""coordinates"":[]}"
00000000000000000aa1,2.35,87.0,262.0,408.0,56.0,2203.0,440.0,151.0,"{""type"":""MultiPoint"",""coordinates"":[]}"
00000000000000000aae,2.62,87.0,276.0,478.0,56.0,2141.0,531.0,164.0,"{""type"":""MultiPoint"",""coordinates"":[]}"
00000000000000000ab0,2.64,87.0,315.0,450.0,56.0,2185.0,506.0,166.0,"{""type"":""MultiPoint"",""coordinates"":[]}"
00000000000000000f2c,2.05,44.0,45.0,-113.0,60.0,2912.0,-89.0,1314.0,"{""type"":""MultiPoint"",""coordinates"":[]}"
00000000000000000f33,2.01,46.0,-88.0,-34.0,60.0,2802.0,-39.0,1321.0,"{""type"":""MultiPoint"",""coordinates"":[]}"
00000000000000000f23,2.47,54.0,-229.0,7.0,60.0,2662.0,86.0,1305.0,"{""type"":""MultiPoint"",""coordinates"":[]}"
00000000000000000f08,2.41,56.0,612.0,313.0,60.0,2093.0,549.0,1278.0,"{""type"":""MultiPoint"",""coordinates"":[]}"
00000000000000000f0b,2.05,56.0,302.0,339.0,60.0,2245.0,470.0,1281.0,"{""type"":""MultiPoint"",""coordinates"":[]}"
00000000000000000f0d,2.59,56.0,494.0,357.0,60.0,2132.0,509.0,1283.0,"{""type"":""MultiPoint"",""coordinates"":[]}"
00000000000000000f39,2.06,56.0,-71.0,-15.0,60.0,2668.0,49.0,1327.0,"{""type"":""MultiPoint"",""coordinates"":[]}"
00000000000000000f3a,2.48,56.0,-68.0,-51.0,60.0,2649.0,-8.0,1328.0,"{""type"":""MultiPoint"",""coordinates"":[]}"
00000000000000000f02,0.24,58.0,283.0,71.0,60.0,2674.0,107.0,1272.0,"{""type"":""MultiPoint"",""coordinates"":[]}"
00000000000000000f03,1.25,58.0,125.0,319.0,60.0,2412.0,341.0,1273.0,"{""type"":""MultiPoint"",""coordinates"":[]}"
00000000000000000f04,1.18,58.0,29.0,199.0,60.0,2466.0,237.0,1274.0,"{""type"":""MultiPoint"",""coordinates"":[]}"
00000000000000000f05,1.67,58.0,314.0,142.0,60.0,2525.0,209.0,1275.0,"{""type"":""MultiPoint"",""coordinates"":[]}"
00000000000000000f0e,1.79,58.0,321.0,267.0,60.0,2364.0,422.0,1284.0,"{""type"":""MultiPoint"",""coordinates"":[]}"
00000000000000000f1f,2.58,58.0,384.0,243.0,60.0,2141.0,477.0,1301.0,"{""type"":""MultiPoint"",""coordinates"":[]}"
00000000000000000f20,2.56,58.0,369.0,180.0,60.0,2263.0,377.0,1302.0,"{""type"":""MultiPoint"",""coordinates"":[]}"
00000000000000000f22,2.46,58.0,302.0,185.0,60.0,2183.0,436.0,1304.0,"{""type"":""MultiPoint"",""coordinates"":[]}"
00000000000000000f34,1.71,58.0,39.0,-29.0,60.0,2776.0,-40.0,1322.0,"{""type"":""MultiPoint"",""coordinates"":[]}"
00000000000000000f35,1.51,58.0,-60.0,-63.0,60.0,2782.0,-48.0,1323.0,"{""type"":""MultiPoint"",""coordinates"":[]}"
00000000000000000f36,1.71,58.0,101.0,-43.0,60.0,2843.0,-65.0,1324.0,"{""type"":""MultiPoint"",""coordinates"":[]}"
00000000000000000f42,1.61,58.0,-122.0,18.0,60.0,2683.0,46.0,1336.0,"{""type"":""MultiPoint"",""coordinates"":[]}"
00000000000000000f43,1.65,58.0,-120.0,91.0,60.0,2600.0,146.0,1337.0,"{""type"":""MultiPoint"",""coordinates"":[]}"
00000000000000000f45,1.36,58.0,-16.0,38.0,60.0,2642.0,78.0,1339.0,"{""type"":""MultiPoint"",""coordinates"":[]}"
00000000000000000ef9,1.2,60.0,56.0,131.0,60.0,2479.0,194.0,1263.0,"{""type"":""MultiPoint"",""coordinates"":[]}"
00000000000000000efa,1.04,60.0,88.0,210.0,60.0,2543.0,248.0,1264.0,"{""type"":""MultiPoint"",""coordinates"":[]}"
00000000000000000f13,2.71,60.0,612.0,363.0,60.0,1946.0,593.0,1289.0,"{""type"":""MultiPoint"",""coordinates"":[]}"
00000000000000000f14,2.72,60.0,588.0,374.0,60.0,1991.0,605.0,1290.0,"{""type"":""MultiPoint"",""coordinates"":[]}"
00000000000000000eef,2.7,62.0,491.0,301.0,60.0,2112.0,554.0,1253.0,"{""type"":""MultiPoint"",""coordinates"":[]}"
00000000000000000ef1,2.39,62.0,317.0,252.0,60.0,2297.0,459.0,1255.0,"{""type"":""MultiPoint"",""coordinates"":[]}"
00000000000000000f00,0.94,62.0,-20.0,85.0,60.0,2445.0,155.0,1270.0,"{""type"":""MultiPoint"",""coordinates"":[]}"
00000000000000000f0f,2.7,62.0,408.0,349.0,60.0,2201.0,500.0,1285.0,"{""type"":""MultiPoint"",""coordinates"":[]}"
00000000000000000f2e,2.55,62.0,199.0,133.0,60.0,2400.0,216.0,1316.0,"{""type"":""MultiPoint"",""coordinates"":[]}"
00000000000000000f2f,2.33,62.0,244.0,178.0,60.0,2237.0,342.0,1317.0,"{""type"":""MultiPoint"",""coordinates"":[]}"
00000000000000000f30,2.57,62.0,353.0,281.0,60.0,2121.0,427.0,1318.0,"{""type"":""MultiPoint"",""coordinates"":[]}"
00000000000000000eeb,2.63,64.0,508.0,319.0,60.0,2079.0,560.0,1249.0,"{""type"":""MultiPoint"",""coordinates"":[]}"
00000000000000000eed,2.33,64.0,457.0,288.0,60.0,2147.0,522.0,1251.0,"{""type"":""MultiPoint"",""coordinates"":[]}"
00000000000000000ef2,2.59,64.0,235.0,214.0,60.0,2199.0,402.0,1256.0,"{""type"":""MultiPoint"",""coordinates"":[]}"
00000000000000000ef3,1.62,64.0,28.0,197.0,60.0,2464.0,281.0,1257.0,"{""type"":""MultiPoint"",""coordinates"":[]}"
00000000000000000ef4,2.51,64.0,143.0,206.0,60.0,2373.0,320.0,1258.0,"{""type"":""MultiPoint"",""coordinates"":[]}"
00000000000000000ef6,2.27,64.0,138.0,317.0,60.0,2326.0,413.0,1260.0,"{""type"":""MultiPoint"",""coordinates"":[]}"
00000000000000000ef7,2.04,64.0,121.0,274.0,60.0,2337.0,381.0,1261.0,"{""type"":""MultiPoint"",""coordinates"":[]}"
00000000000000000a17,2.76,184.0,528.0,300.0,60.0,2046.0,507.0,13.0,"{""type"":""MultiPoint"",""coordinates"":[]}"
00000000000000000e1d,2.76,169.0,426.0,319.0,60.0,2290.0,426.0,1043.0,"{""type"":""MultiPoint"",""coordinates"":[]}"
00000000000000000e1e,1.54,169.0,78.0,129.0,60.0,2631.0,263.0,1044.0,"{""type"":""MultiPoint"",""coordinates"":[]}"
00000000000000000e21,2.73,169.0,342.0,332.0,60.0,2088.0,567.0,1047.0,"{""type"":""MultiPoint"",""coordinates"":[]}"
00000000000000000e22,1.33,169.0,28.0,144.0,60.0,2606.0,193.0,1048.0,"{""type"":""MultiPoint"",""coordinates"":[]}"
00000000000000000a3e,1.88,185.0,73.0,248.0,60.0,2477.0,234.0,52.0,"{""type"":""MultiPoint"",""coordinates"":[]}"
00000000000000000e16,2.16,185.0,597.0,258.0,60.0,2151.0,406.0,1036.0,"{""type"":""MultiPoint"",""coordinates"":[]}"
00000000000000000e17,2.26,185.0,425.0,219.0,60.0,2256.0,415.0,1037.0,"{""type"":""MultiPoint"",""coordinates"":[]}"
00000000000000000a13,2.49,186.0,297.0,199.0,60.0,2322.0,345.0,9.0,"{""type"":""MultiPoint"",""coordinates"":[]}"
00000000000000000a16,1.52,186.0,78.0,197.0,60.0,2377.0,220.0,12.0,"{""type"":""MultiPoint"",""coordinates"":[]}"
00000000000000000a19,1.86,186.0,174.0,112.0,60.0,2425.0,140.0,15.0,"{""type"":""MultiPoint"",""coordinates"":[]}"
00000000000000000a1a,1.67,186.0,139.0,143.0,60.0,2435.0,144.0,16.0,"{""type"":""MultiPoint"",""coordinates"":[]}"
00000000000000000a1b,2.39,186.0,196.0,182.0,60.0,2381.0,245.0,17.0,"{""type"":""MultiPoint"",""coordinates"":[]}"
00000000000000000a1c,2.0,186.0,160.0,201.0,60.0,2456.0,255.0,18.0,"{""type"":""MultiPoint"",""coordinates"":[]}"
00000000000000000a1d,2.77,186.0,511.0,198.0,60.0,2154.0,419.0,19.0,"{""type"":""MultiPoint"",""coordinates"":[]}"
00000000000000000a1e,2.67,186.0,437.0,191.0,60.0,2194.0,416.0,20.0,"{""type"":""MultiPoint"",""coordinates"":[]}"
00000000000000000a2d,1.11,186.0,116.0,64.0,60.0,2498.0,153.0,35.0,"{""type"":""MultiPoint"",""coordinates"":[]}"
00000000000000000a2e,1.79,186.0,216.0,109.0,60.0,2423.0,174.0,36.0,"{""type"":""MultiPoint"",""coordinates"":[]}"
00000000000000000a2f,2.59,186.0,398.0,229.0,60.0,2199.0,396.0,37.0,"{""type"":""MultiPoint"",""coordinates"":[]}"
00000000000000000a30,2.6,186.0,441.0,318.0,60.0,2088.0,475.0,38.0,"{""type"":""MultiPoint"",""coordinates"":[]}"
00000000000000000a31,2.55,186.0,459.0,142.0,60.0,2194.0,373.0,39.0,"{""type"":""MultiPoint"",""coordinates"":[]}"
00000000000000000a32,2.33,186.0,505.0,230.0,60.0,2177.0,393.0,40.0,"{""type"":""MultiPoint"",""coordinates"":[]}"
00000000000000000a33,2.4,186.0,544.0,231.0,60.0,2161.0,425.0,41.0,"{""type"":""MultiPoint"",""coordinates"":[]}"
00000000000000000a34,2.61,186.0,516.0,244.0,60.0,2063.0,502.0,42.0,"{""type"":""MultiPoint"",""coordinates"":[]}"
00000000000000000a3c,1.05,186.0,86.0,27.0,60.0,2497.0,117.0,50.0,"{""type"":""MultiPoint"",""coordinates"":[]}"
00000000000000000a40,2.56,186.0,412.0,300.0,60.0,2175.0,445.0,54.0,"{""type"":""MultiPoint"",""coordinates"":[]}"
00000000000000000a41,2.67,186.0,419.0,288.0,60.0,2104.0,451.0,55.0,"{""type"":""MultiPoint"",""coordinates"":[]}"
00000000000000000a42,2.77,186.0,357.0,311.0,60.0,2195.0,414.0,56.0,"{""type"":""MultiPoint"",""coordinates"":[]}"
00000000000000000a4c,2.04,186.0,198.0,339.0,60.0,2377.0,358.0,66.0,"{""type"":""MultiPoint"",""coordinates"":[]}"
00000000000000000a4d,2.48,186.0,294.0,223.0,60.0,2263.0,380.0,67.0,"{""type"":""MultiPoint"",""coordinates"":[]}"
00000000000000000a4e,2.41,186.0,377.0,171.0,60.0,2234.0,378.0,68.0,"{""type"":""MultiPoint"",""coordinates"":[]}"
00000000000000000a4f,2.4,186.0,398.0,137.0,60.0,2332.0,336.0,69.0,"{""type"":""MultiPoint"",""coordinates"":[]}"
00000000000000000e13,3.0,186.0,899.0,391.0,60.0,1820.0,454.0,1033.0,"{""type"":""MultiPoint"",""coordinates"":[]}"
00000000000000000e14,2.51,186.0,637.0,281.0,60.0,2026.0,478.0,1034.0,"{""type"":""MultiPoint"",""coordinates"":[]}"
00000000000000000e15,0.82,186.0,133.0,123.0,60.0,2492.0,124.0,1035.0,"{""type"":""MultiPoint"",""coordinates"":[]}"
00000000000000000e18,2.45,186.0,459.0,236.0,60.0,2291.0,399.0,1038.0,"{""type"":""MultiPoint"",""coordinates"":[]}"
00000000000000000e1a,2.96,186.0,832.0,365.0,60.0,1918.0,423.0,1040.0,"{""type"":""MultiPoint"",""coordinates"":[]}"
00000000000000000a1f,1.49,187.0,145.0,113.0,60.0,2449.0,192.0,21.0,"{""type"":""MultiPoint"",""coordinates"":[]}"
00000000000000000a20,1.45,187.0,136.0,10.0,60.0,2494.0,123.0,22.0,"{""type"":""MultiPoint"",""coordinates"":[]}"
00000000000000000a21,0.96,187.0,176.0,28.0,60.0,2497.0,118.0,23.0,"{""type"":""MultiPoint"",""coordinates"":[]}"
00000000000000000a22,0.75,187.0,170.0,83.0,60.0,2524.0,161.0,24.0,"{""type"":""MultiPoint"",""coordinates"":[]}"
00000000000000000a23,0.79,187.0,152.0,58.0,60.0,2532.0,137.0,25.0,"{""type"":""MultiPoint"",""coordinates"":[]}"
00000000000000000a24,0.78,187.0,95.0,32.0,60.0,2555.0,114.0,26.0,"{""type"":""MultiPoint"",""coordinates"":[]}"
00000000000000000a25,2.34,187.0,423.0,283.0,60.0,2201.0,436.0,27.0,"{""type"":""MultiPoint"",""coordinates"":[]}"
00000000000000000a26,2.24,187.0,323.0,230.0,60.0,2289.0,385.0,28.0,"{""type"":""MultiPoint"",""coordinates"":[]}"
00000000000000000a27,2.17,187.0,418.0,272.0,60.0,2219.0,417.0,29.0,"{""type"":""MultiPoint"",""coordinates"":[]}"
00000000000000000a28,2.29,187.0,381.0,259.0,60.0,2238.0,410.0,30.0,"{""type"":""MultiPoint"",""coordinates"":[]}"
00000000000000000a29,2.63,187.0,391.0,234.0,60.0,2215.0,434.0,31.0,"{""type"":""MultiPoint"",""coordinates"":[]}"
00000000000000000a2a,2.71,187.0,497.0,230.0,60.0,2121.0,480.0,32.0,"{""type"":""MultiPoint"",""coordinates"":[]}"
00000000000000000a2c,2.59,187.0,452.0,246.0,60.0,2221.0,400.0,34.0,"{""type"":""MultiPoint"",""coordinates"":[]}"
00000000000000000a35,1.36,187.0,188.0,172.0,60.0,2459.0,245.0,43.0,"{""type"":""MultiPoint"",""coordinates"":[]}"
00000000000000000a36,2.09,187.0,242.0,274.0,60.0,2328.0,341.0,44.0,"{""type"":""MultiPoint"",""coordinates"":[]}"
00000000000000000a37,1.55,187.0,135.0,127.0,60.0,2482.0,172.0,45.0,"{""type"":""MultiPoint"",""coordinates"":[]}"
00000000000000000a38,0.82,187.0,82.0,144.0,60.0,2486.0,144.0,46.0,"{""type"":""MultiPoint"",""coordinates"":[]}"
00000000000000000a39,0.94,187.0,125.0,71.0,60.0,2464.0,120.0,47.0,"{""type"":""MultiPoint"",""coordinates"":[]}"
00000000000000000a3a,0.89,187.0,158.0,78.0,60.0,2441.0,130.0,48.0,"{""type"":""MultiPoint"",""coordinates"":[]}"
00000000000000000a3b,0.8,187.0,159.0,70.0,60.0,2489.0,149.0,49.0,"{""type"":""MultiPoint"",""coordinates"":[]}"
00000000000000000a3f,1.37,187.0,155.0,83.0,60.0,2489.0,158.0,53.0,"{""type"":""MultiPoint"",""coordinates"":[]}"
00000000000000000a43,1.82,187.0,167.0,162.0,60.0,2468.0,202.0,57.0,"{""type"":""MultiPoint"",""coordinates"":[]}"
00000000000000000f32,1.8,47.0,-152.0,-39.0,60.0,2855.0,-47.0,1320.0,"{""type"":""MultiPoint"",""coordinates"":[]}"
00000000000000000f18,2.18,53.0,-162.0,-20.0,60.0,2559.0,102.0,1294.0,"{""type"":""MultiPoint"",""coordinates"":[]}"
00000000000000000f1a,1.66,53.0,-73.0,35.0,60.0,2576.0,48.0,1296.0,"{""type"":""MultiPoint"",""coordinates"":[]}"
00000000000000000f24,2.36,53.0,-249.0,-6.0,60.0,2614.0,118.0,1306.0,"{""type"":""MultiPoint"",""coordinates"":[]}"
00000000000000000f25,2.29,53.0,-211.0,13.0,60.0,2594.0,142.0,1307.0,"{""type"":""MultiPoint"",""coordinates"":[]}"
00000000000000000f09,2.56,55.0,556.0,242.0,60.0,2104.0,565.0,1279.0,"{""type"":""MultiPoint"",""coordinates"":[]}"
00000000000000000f0a,1.94,55.0,348.0,221.0,60.0,2305.0,444.0,1280.0,"{""type"":""MultiPoint"",""coordinates"":[]}"
00000000000000000f0c,2.35,55.0,534.0,297.0,60.0,2051.0,546.0,1282.0,"{""type"":""MultiPoint"",""coordinates"":[]}"
00000000000000000f01,2.09,57.0,320.0,253.0,60.0,2430.0,350.0,1271.0,"{""type"":""MultiPoint"",""coordinates"":[]}"
00000000000000000f06,2.48,57.0,529.0,315.0,60.0,2211.0,474.0,1276.0,"{""type"":""MultiPoint"",""coordinates"":[]}"
00000000000000000f07,1.45,57.0,409.0,108.0,60.0,2467.0,180.0,1277.0,"{""type"":""MultiPoint"",""coordinates"":[]}"
00000000000000000f21,2.35,57.0,292.0,161.0,60.0,2280.0,359.0,1303.0,"{""type"":""MultiPoint"",""coordinates"":[]}"
00000000000000000efc,1.03,59.0,97.0,128.0,60.0,2538.0,192.0,1266.0,"{""type"":""MultiPoint"",""coordinates"":[]}"
00000000000000000f15,2.24,59.0,196.0,114.0,60.0,2410.0,255.0,1291.0,"{""type"":""MultiPoint"",""coordinates"":[]}"
00000000000000000f17,2.16,59.0,204.0,174.0,60.0,2325.0,340.0,1293.0,"{""type"":""MultiPoint"",""coordinates"":[]}"
00000000000000000f26,2.32,59.0,274.0,207.0,60.0,2274.0,405.0,1308.0,"{""type"":""MultiPoint"",""coordinates"":[]}"
00000000000000000f44,1.84,59.0,138.0,237.0,60.0,2384.0,368.0,1338.0,"{""type"":""MultiPoint"",""coordinates"":[]}"
00000000000000000ef0,2.2,61.0,431.0,288.0,60.0,2217.0,466.0,1254.0,"{""type"":""MultiPoint"",""coordinates"":[]}"
00000000000000000ef8,1.14,61.0,74.0,84.0,60.0,2553.0,132.0,1262.0,"{""type"":""MultiPoint"",""coordinates"":[]}"
00000000000000000efb,1.94,61.0,34.0,166.0,60.0,2499.0,229.0,1265.0,"{""type"":""MultiPoint"",""coordinates"":[]}"
00000000000000000f12,1.36,61.0,99.0,289.0,60.0,2367.0,370.0,1288.0,"{""type"":""MultiPoint"",""coordinates"":[]}"
00000000000000000f2d,2.69,61.0,471.0,339.0,60.0,2007.0,518.0,1315.0,"{""type"":""MultiPoint"",""coordinates"":[]}"
00000000000000000eec,2.6,63.0,399.0,334.0,60.0,2078.0,542.0,1250.0,"{""type"":""MultiPoint"",""coordinates"":[]}"
00000000000000000eee,2.64,63.0,404.0,340.0,60.0,2094.0,538.0,1252.0,"{""type"":""MultiPoint"",""coordinates"":[]}"
00000000000000000ef5,2.04,63.0,125.0,270.0,60.0,2283.0,379.0,1259.0,"{""type"":""MultiPoint"",""coordinates"":[]}"
00000000000000000f10,2.22,63.0,113.0,310.0,60.0,2354.0,395.0,1286.0,"{""type"":""MultiPoint"",""coordinates"":[]}"
00000000000000000f1c,1.98,63.0,52.0,158.0,60.0,2473.0,286.0,1298.0,"{""type"":""MultiPoint"",""coordinates"":[]}"
00000000000000000f1d,2.12,63.0,202.0,271.0,60.0,2325.0,405.0,1299.0,"{""type"":""MultiPoint"",""coordinates"":[]}"
00000000000000000f1e,2.17,63.0,268.0,232.0,60.0,2278.0,401.0,1300.0,"{""type"":""MultiPoint"",""coordinates"":[]}"
00000000000000000e10,2.42,180.0,553.0,285.0,60.0,2337.0,392.0,1030.0,"{""type"":""MultiPoint"",""coordinates"":[]}"
00000000000000000e11,1.2,180.0,93.0,308.0,60.0,2469.0,363.0,1031.0,"{""type"":""MultiPoint"",""coordinates"":[]}"
00000000000000000e12,2.24,180.0,479.0,218.0,60.0,2306.0,374.0,1032.0,"{""type"":""MultiPoint"",""coordinates"":[]}"
00000000000000000a18,2.36,181.0,389.0,332.0,60.0,2183.0,483.0,14.0,"{""type"":""MultiPoint"",""coordinates"":[]}"
00000000000000000a45,1.81,181.0,23.0,199.0,60.0,2441.0,230.0,59.0,"{""type"":""MultiPoint"",""coordinates"":[]}"
00000000000000000a46,1.85,181.0,166.0,191.0,60.0,2397.0,319.0,60.0,"{""type"":""MultiPoint"",""coordinates"":[]}"
00000000000000000a48,2.18,181.0,463.0,235.0,60.0,2198.0,416.0,62.0,"{""type"":""MultiPoint"",""coordinates"":[]}"
00000000000000000a49,1.56,181.0,228.0,244.0,60.0,2337.0,359.0,63.0,"{""type"":""MultiPoint"",""coordinates"":[]}"
00000000000000000a4a,2.39,181.0,239.0,267.0,60.0,2195.0,438.0,64.0,"{""type"":""MultiPoint"",""coordinates"":[]}"
00000000000000000a4b,2.64,181.0,339.0,283.0,60.0,2108.0,495.0,65.0,"{""type"":""MultiPoint"",""coordinates"":[]}"
00000000000000000e1f,1.84,174.0,61.0,178.0,60.0,2442.0,373.0,1045.0,"{""type"":""MultiPoint"",""coordinates"":[]}"
00000000000000000e20,0.52,174.0,16.0,206.0,60.0,2447.0,267.0,1046.0,"{""type"":""MultiPoint"",""coordinates"":[]}"
00000000000000000a50,2.53,182.0,309.0,363.0,60.0,2105.0,516.0,70.0,"{""type"":""MultiPoint"",""coordinates"":[]}"
00000000000000000a51,2.61,183.0,336.0,358.0,60.0,2069.0,519.0,71.0,"{""type"":""MultiPoint"",""coordinates"":[]}"
00000000000000000a52,2.59,183.0,311.0,206.0,60.0,2143.0,437.0,72.0,"{""type"":""MultiPoint"",""coordinates"":[]}"
00000000000000000a53,2.34,183.0,394.0,203.0,60.0,2118.0,469.0,73.0,"{""type"":""MultiPoint"",""coordinates"":[]}"
00000000000000000a55,2.4,183.0,359.0,273.0,60.0,2100.0,486.0,75.0,"{""type"":""MultiPoint"",""coordinates"":[]}"
00000000000000000a56,2.62,183.0,462.0,341.0,60.0,1990.0,563.0,76.0,"{""type"":""MultiPoint"",""coordinates"":[]}"
00000000000000000a57,2.61,183.0,371.0,312.0,60.0,2085.0,476.0,77.0,"{""type"":""MultiPoint"",""coordinates"":[]}"
00000000000000000a58,2.63,183.0,470.0,252.0,60.0,2148.0,453.0,78.0,"{""type"":""MultiPoint"",""coordinates"":[]}"
00000000000000000e3f,1.71,184.0,399.0,256.0,62.0,2399.0,255.0,1077.0,"{""type"":""MultiPoint"",""coordinates"":[]}"
00000000000000000e42,2.65,184.0,736.0,431.0,62.0,1810.0,543.0,1080.0,"{""type"":""MultiPoint"",""coordinates"":[]}"
00000000000000000e49,1.25,184.0,284.0,296.0,62.0,2320.0,306.0,1087.0,"{""type"":""MultiPoint"",""coordinates"":[]}"
00000000000000000e47,0.97,185.0,167.0,176.0,62.0,2535.0,189.0,1085.0,"{""type"":""MultiPoint"",""coordinates"":[]}"
00000000000000000e2b,0.21,193.0,64.0,247.0,62.0,2383.0,209.0,1057.0,"{""type"":""MultiPoint"",""coordinates"":[]}"
00000000000000000e31,2.7,193.0,513.0,242.0,62.0,2094.0,467.0,1063.0,"{""type"":""MultiPoint"",""coordinates"":[]}"
00000000000000000e30,2.51,201.0,545.0,300.0,62.0,2053.0,554.0,1062.0,"{""type"":""MultiPoint"",""coordinates"":[]}"
00000000000000000e33,2.11,201.0,612.0,343.0,62.0,2059.0,526.0,1065.0,"{""type"":""MultiPoint"",""coordinates"":[]}"
00000000000000000e34,0.68,201.0,384.0,131.0,62.0,2581.0,207.0,1066.0,"{""type"":""MultiPoint"",""coordinates"":[]}"
00000000000000000e35,0.52,201.0,425.0,84.0,62.0,2685.0,89.0,1067.0,"{""type"":""MultiPoint"",""coordinates"":[]}"
00000000000000000e36,0.86,201.0,256.0,199.0,62.0,2739.0,227.0,1068.0,"{""type"":""MultiPoint"",""coordinates"":[]}"
00000000000000000e2d,1.36,194.0,387.0,91.0,62.0,2719.0,169.0,1059.0,"{""type"":""MultiPoint"",""coordinates"":[]}"
00000000000000000e2e,1.54,194.0,231.0,58.0,62.0,2702.0,214.0,1060.0,"{""type"":""MultiPoint"",""coordinates"":[]}"
00000000000000000e2f,1.07,194.0,361.0,90.0,62.0,2674.0,152.0,1061.0,"{""type"":""MultiPoint"",""coordinates"":[]}"
00000000000000000e2c,0.66,204.0,502.0,76.0,62.0,2613.0,126.0,1058.0,"{""type"":""MultiPoint"",""coordinates"":[]}"
00000000000000000e48,1.37,189.0,269.0,274.0,62.0,2339.0,230.0,1086.0,"{""type"":""MultiPoint"",""coordinates"":[]}"
00000000000000000e43,1.22,183.0,452.0,166.0,62.0,2465.0,369.0,1081.0,"{""type"":""MultiPoint"",""coordinates"":[]}"
00000000000000000e44,2.46,183.0,835.0,284.0,62.0,2006.0,487.0,1082.0,"{""type"":""MultiPoint"",""coordinates"":[]}"
00000000000000000e45,2.74,183.0,904.0,407.0,62.0,1825.0,518.0,1083.0,"{""type"":""MultiPoint"",""coordinates"":[]}"
00000000000000000e4a,2.56,183.0,740.0,445.0,62.0,1826.0,612.0,1088.0,"{""type"":""MultiPoint"",""coordinates"":[]}"
00000000000000000ff9,2.39,29.0,778.0,117.0,64.0,2178.0,413.0,1519.0,"{""type"":""MultiPoint"",""coordinates"":[]}"
00000000000000000ffe,2.61,29.0,696.0,77.0,64.0,2160.0,344.0,1524.0,"{""type"":""MultiPoint"",""coordinates"":[]}"
00000000000000000fff,1.88,29.0,-228.0,-133.0,64.0,2677.0,47.0,1525.0,"{""type"":""MultiPoint"",""coordinates"":[]}"
00000000000000001002,2.48,29.0,1017.0,270.0,64.0,2166.0,459.0,1528.0,"{""type"":""MultiPoint"",""coordinates"":[]}"
00000000000000001003,2.49,29.0,910.0,133.0,64.0,2107.0,329.0,1529.0,"{""type"":""MultiPoint"",""coordinates"":[]}"
00000000000000001004,1.68,29.0,642.0,86.0,64.0,2376.0,242.0,1530.0,"{""type"":""MultiPoint"",""coordinates"":[]}"
00000000000000001007,2.2,29.0,797.0,126.0,64.0,2270.0,395.0,1533.0,"{""type"":""MultiPoint"",""coordinates"":[]}"
00000000000000001009,2.81,29.0,116.0,147.0,64.0,2185.0,391.0,1535.0,"{""type"":""MultiPoint"",""coordinates"":[]}"
0000000000000000100c,2.29,29.0,540.0,376.0,64.0,2425.0,337.0,1538.0,"{""type"":""MultiPoint"",""coordinates"":[]}"
0000000000000000100d,2.24,29.0,644.0,262.0,64.0,2337.0,274.0,1539.0,"{""type"":""MultiPoint"",""coordinates"":[]}"
0000000000000000100e,1.4,29.0,-127.0,-81.0,64.0,2510.0,213.0,1540.0,"{""type"":""MultiPoint"",""coordinates"":[]}"
00000000000000000ff6,2.25,30.0,885.0,153.0,64.0,2193.0,442.0,1516.0,"{""type"":""MultiPoint"",""coordinates"":[]}"
00000000000000000ff7,1.9,30.0,671.0,158.0,64.0,2350.0,344.0,1517.0,"{""type"":""MultiPoint"",""coordinates"":[]}"
00000000000000000ff8,1.62,30.0,804.0,84.0,64.0,2349.0,305.0,1518.0,"{""type"":""MultiPoint"",""coordinates"":[]}"
00000000000000000ffb,2.42,30.0,740.0,132.0,64.0,2167.0,344.0,1521.0,"{""type"":""MultiPoint"",""coordinates"":[]}"
00000000000000000ffc,1.44,30.0,223.0,-14.0,64.0,2451.0,161.0,1522.0,"{""type"":""MultiPoint"",""coordinates"":[]}"
00000000000000000ffd,2.64,30.0,1072.0,258.0,64.0,2081.0,507.0,1523.0,"{""type"":""MultiPoint"",""coordinates"":[]}"
00000000000000001000,2.73,30.0,731.0,166.0,64.0,2051.0,429.0,1526.0,"{""type"":""MultiPoint"",""coordinates"":[]}"
00000000000000001005,2.73,30.0,273.0,-11.0,64.0,2140.0,207.0,1531.0,"{""type"":""MultiPoint"",""coordinates"":[]}"
00000000000000001006,2.72,30.0,884.0,198.0,64.0,2070.0,471.0,1532.0,"{""type"":""MultiPoint"",""coordinates"":[]}"
0000000000000000100a,2.48,30.0,471.0,125.0,64.0,2254.0,266.0,1536.0,"{""type"":""MultiPoint"",""coordinates"":[]}"
0000000000000000100b,2.49,30.0,269.0,177.0,64.0,2388.0,285.0,1537.0,"{""type"":""MultiPoint"",""coordinates"":[]}"
0000000000000000102d,1.55,38.0,331.0,235.0,64.0,2357.0,381.0,1571.0,"{""type"":""MultiPoint"",""coordinates"":[]}"
0000000000000000102e,1.01,38.0,-177.0,4.0,64.0,2637.0,210.0,1572.0,"{""type"":""MultiPoint"",""coordinates"":[]}"
0000000000000000102f,1.55,38.0,399.0,187.0,64.0,2313.0,377.0,1573.0,"{""type"":""MultiPoint"",""coordinates"":[]}"
00000000000000001030,1.15,38.0,372.0,92.0,64.0,2559.0,263.0,1574.0,"{""type"":""MultiPoint"",""coordinates"":[]}"
00000000000000001031,0.85,38.0,256.0,77.0,64.0,2709.0,145.0,1575.0,"{""type"":""MultiPoint"",""coordinates"":[]}"
0000000000000000103f,1.74,38.0,65.0,309.0,64.0,2381.0,379.0,1589.0,"{""type"":""MultiPoint"",""coordinates"":[]}"
00000000000000001040,1.88,38.0,479.0,385.0,64.0,2112.0,495.0,1590.0,"{""type"":""MultiPoint"",""coordinates"":[]}"
00000000000000001042,2.05,38.0,61.0,459.0,64.0,2323.0,378.0,1592.0,"{""type"":""MultiPoint"",""coordinates"":[]}"
00000000000000001073,1.84,54.0,453.0,227.0,64.0,2297.0,407.0,1641.0,"{""type"":""MultiPoint"",""coordinates"":[]}"
00000000000000001074,2.07,54.0,744.0,256.0,64.0,2142.0,526.0,1642.0,"{""type"":""MultiPoint"",""coordinates"":[]}"
00000000000000001078,2.24,54.0,710.0,220.0,64.0,2159.0,440.0,1646.0,"{""type"":""MultiPoint"",""coordinates"":[]}"
00000000000000001079,2.27,54.0,827.0,198.0,64.0,2171.0,459.0,1647.0,"{""type"":""MultiPoint"",""coordinates"":[]}"
0000000000000000107c,1.86,54.0,620.0,95.0,64.0,2302.0,369.0,1650.0,"{""type"":""MultiPoint"",""coordinates"":[]}"
0000000000000000107e,2.49,54.0,252.0,126.0,64.0,2280.0,341.0,1652.0,"{""type"":""MultiPoint"",""coordinates"":[]}"
0000000000000000107f,2.33,54.0,599.0,87.0,64.0,2269.0,420.0,1653.0,"{""type"":""MultiPoint"",""coordinates"":[]}"
00000000000000001081,2.28,54.0,656.0,76.0,64.0,2194.0,448.0,1655.0,"{""type"":""MultiPoint"",""coordinates"":[]}"
00000000000000000fe4,1.68,56.0,409.0,198.0,64.0,2093.0,519.0,1498.0,"{""type"":""MultiPoint"",""coordinates"":[]}"
00000000000000000fe5,1.31,56.0,99.0,99.0,64.0,2447.0,365.0,1499.0,"{""type"":""MultiPoint"",""coordinates"":[]}"
00000000000000000fe6,1.46,56.0,283.0,60.0,64.0,2235.0,404.0,1500.0,"{""type"":""MultiPoint"",""coordinates"":[]}"
00000000000000000fe7,1.82,56.0,327.0,157.0,64.0,2212.0,459.0,1501.0,"{""type"":""MultiPoint"",""coordinates"":[]}"
00000000000000000fe8,1.55,56.0,241.0,73.0,64.0,2321.0,366.0,1502.0,"{""type"":""MultiPoint"",""coordinates"":[]}"
00000000000000000fe9,1.85,56.0,427.0,134.0,64.0,2103.0,474.0,1503.0,"{""type"":""MultiPoint"",""coordinates"":[]}"
00000000000000000fea,1.75,56.0,494.0,183.0,64.0,2095.0,505.0,1504.0,"{""type"":""MultiPoint"",""coordinates"":[]}"
00000000000000000feb,1.59,56.0,333.0,167.0,64.0,2308.0,423.0,1505.0,"{""type"":""MultiPoint"",""coordinates"":[]}"
0000000000000000106a,2.09,56.0,1167.0,198.0,64.0,1971.0,534.0,1632.0,"{""type"":""MultiPoint"",""coordinates"":[]}"
0000000000000000106c,2.33,56.0,1121.0,196.0,64.0,2047.0,512.0,1634.0,"{""type"":""MultiPoint"",""coordinates"":[]}"
00000000000000001065,2.61,58.0,588.0,355.0,64.0,2129.0,526.0,1627.0,"{""type"":""MultiPoint"",""coordinates"":[]}"
00000000000000001066,2.46,58.0,801.0,469.0,64.0,2096.0,526.0,1628.0,"{""type"":""MultiPoint"",""coordinates"":[]}"
00000000000000001068,2.4,58.0,957.0,433.0,64.0,2050.0,542.0,1630.0,"{""type"":""MultiPoint"",""coordinates"":[]}"
00000000000000000fed,1.06,60.0,55.0,-18.0,64.0,2538.0,168.0,1507.0,"{""type"":""MultiPoint"",""coordinates"":[]}"
00000000000000000fef,1.39,60.0,397.0,-40.0,64.0,2496.0,248.0,1509.0,"{""type"":""MultiPoint"",""coordinates"":[]}"
00000000000000000ff2,1.21,60.0,100.0,-23.0,64.0,2510.0,196.0,1512.0,"{""type"":""MultiPoint"",""coordinates"":[]}"
00000000000000000ff3,1.18,60.0,95.0,18.0,64.0,2532.0,190.0,1513.0,"{""type"":""MultiPoint"",""coordinates"":[]}"
00000000000000000ff4,0.91,60.0,114.0,-156.0,64.0,2546.0,167.0,1514.0,"{""type"":""MultiPoint"",""coordinates"":[]}"
00000000000000001058,1.96,60.0,66.0,284.0,64.0,2537.0,322.0,1614.0,"{""type"":""MultiPoint"",""coordinates"":[]}"
0000000000000000105b,2.65,60.0,592.0,338.0,64.0,2094.0,542.0,1617.0,"{""type"":""MultiPoint"",""coordinates"":[]}"
0000000000000000105d,1.71,60.0,439.0,204.0,64.0,2503.0,304.0,1619.0,"{""type"":""MultiPoint"",""coordinates"":[]}"
0000000000000000105e,2.32,60.0,828.0,371.0,64.0,2099.0,550.0,1620.0,"{""type"":""MultiPoint"",""coordinates"":[]}"
00000000000000001060,2.2,60.0,928.0,319.0,64.0,2049.0,523.0,1622.0,"{""type"":""MultiPoint"",""coordinates"":[]}"
00000000000000001063,2.13,60.0,103.0,357.0,64.0,2696.0,350.0,1625.0,"{""type"":""MultiPoint"",""coordinates"":[]}"
00000000000000001064,2.27,60.0,-3.0,340.0,64.0,2740.0,318.0,1626.0,"{""type"":""MultiPoint"",""coordinates"":[]}"
0000000000000000106e,1.53,60.0,586.0,73.0,64.0,2667.0,220.0,1636.0,"{""type"":""MultiPoint"",""coordinates"":[]}"
0000000000000000106f,0.7,60.0,286.0,58.0,64.0,2847.0,175.0,1637.0,"{""type"":""MultiPoint"",""coordinates"":[]}"
00000000000000001070,2.13,60.0,453.0,71.0,64.0,2715.0,195.0,1638.0,"{""type"":""MultiPoint"",""coordinates"":[]}"
00000000000000001076,1.95,60.0,605.0,101.0,64.0,2610.0,193.0,1644.0,"{""type"":""MultiPoint"",""coordinates"":[]}"
0000000000000000107b,1.4,60.0,414.0,72.0,64.0,2604.0,211.0,1649.0,"{""type"":""MultiPoint"",""coordinates"":[]}"
0000000000000000107d,2.17,60.0,584.0,166.0,64.0,2597.0,258.0,1651.0,"{""type"":""MultiPoint"",""coordinates"":[]}"
00000000000000001082,1.31,60.0,477.0,3.0,64.0,2634.0,159.0,1656.0,"{""type"":""MultiPoint"",""coordinates"":[]}"
00000000000000001084,1.5,60.0,509.0,-62.0,64.0,2591.0,155.0,1658.0,"{""type"":""MultiPoint"",""coordinates"":[]}"
00000000000000001086,1.92,62.0,70.0,267.0,64.0,2603.0,281.0,1660.0,"{""type"":""MultiPoint"",""coordinates"":[]}"
00000000000000001087,1.63,62.0,240.0,216.0,64.0,2606.0,257.0,1661.0,"{""type"":""MultiPoint"",""coordinates"":[]}"
00000000000000001089,1.68,62.0,233.0,2.0,64.0,2599.0,227.0,1663.0,"{""type"":""MultiPoint"",""coordinates"":[]}"
0000000000000000108a,1.85,62.0,422.0,33.0,64.0,2413.0,269.0,1664.0,"{""type"":""MultiPoint"",""coordinates"":[]}"
00000000000000001020,1.6,64.0,241.0,266.0,64.0,2498.0,345.0,1558.0,"{""type"":""MultiPoint"",""coordinates"":[]}"
00000000000000001021,2.11,64.0,257.0,409.0,64.0,2278.0,453.0,1559.0,"{""type"":""MultiPoint"",""coordinates"":[]}"
00000000000000001024,2.4,64.0,521.0,450.0,64.0,1920.0,643.0,1562.0,"{""type"":""MultiPoint"",""coordinates"":[]}"
00000000000000001025,1.15,64.0,318.0,244.0,64.0,2392.0,352.0,1563.0,"{""type"":""MultiPoint"",""coordinates"":[]}"
00000000000000001033,1.57,64.0,354.0,-7.0,64.0,2490.0,125.0,1577.0,"{""type"":""MultiPoint"",""coordinates"":[]}"
00000000000000001035,0.17,64.0,59.0,-1.0,64.0,2609.0,73.0,1579.0,"{""type"":""MultiPoint"",""coordinates"":[]}"
00000000000000001036,1.9,64.0,366.0,81.0,64.0,2374.0,222.0,1580.0,"{""type"":""MultiPoint"",""coordinates"":[]}"
00000000000000001037,1.56,64.0,261.0,43.0,64.0,2531.0,68.0,1581.0,"{""type"":""MultiPoint"",""coordinates"":[]}"
00000000000000001038,1.75,64.0,223.0,62.0,64.0,2469.0,136.0,1582.0,"{""type"":""MultiPoint"",""coordinates"":[]}"
0000000000000000103a,2.81,64.0,233.0,273.0,64.0,2470.0,334.0,1584.0,"{""type"":""MultiPoint"",""coordinates"":[]}"
0000000000000000103b,2.16,64.0,310.0,140.0,64.0,2320.0,225.0,1585.0,"{""type"":""MultiPoint"",""coordinates"":[]}"
00000000000000001011,1.52,68.0,431.0,223.0,64.0,2418.0,220.0,1543.0,"{""type"":""MultiPoint"",""coordinates"":[]}"
00000000000000001013,1.86,68.0,535.0,173.0,64.0,2575.0,211.0,1545.0,"{""type"":""MultiPoint"",""coordinates"":[]}"
00000000000000001017,1.49,68.0,272.0,193.0,64.0,2681.0,170.0,1549.0,"{""type"":""MultiPoint"",""coordinates"":[]}"
00000000000000000b7e,1.27,144.0,-77.0,174.0,64.0,2496.0,168.0,372.0,"{""type"":""MultiPoint"",""coordinates"":[]}"
00000000000000000b80,2.54,144.0,-91.0,201.0,64.0,2580.0,252.0,374.0,"{""type"":""MultiPoint"",""coordinates"":[]}"
00000000000000000b81,2.78,144.0,70.0,264.0,64.0,2310.0,369.0,375.0,"{""type"":""MultiPoint"",""coordinates"":[]}"
00000000000000001018,1.23,65.0,416.0,242.0,64.0,2451.0,322.0,1550.0,"{""type"":""MultiPoint"",""coordinates"":[]}"
00000000000000001019,1.42,65.0,555.0,265.0,64.0,2319.0,397.0,1551.0,"{""type"":""MultiPoint"",""coordinates"":[]}"
0000000000000000101a,1.29,65.0,479.0,262.0,64.0,2402.0,334.0,1552.0,"{""type"":""MultiPoint"",""coordinates"":[]}"
0000000000000000101b,1.37,65.0,456.0,292.0,64.0,2339.0,427.0,1553.0,"{""type"":""MultiPoint"",""coordinates"":[]}"
0000000000000000101c,1.31,65.0,520.0,256.0,64.0,2380.0,356.0,1554.0,"{""type"":""MultiPoint"",""coordinates"":[]}"
0000000000000000101e,1.01,65.0,131.0,186.0,64.0,2457.0,261.0,1556.0,"{""type"":""MultiPoint"",""coordinates"":[]}"
0000000000000000101f,2.04,65.0,550.0,240.0,64.0,2243.0,478.0,1557.0,"{""type"":""MultiPoint"",""coordinates"":[]}"
00000000000000000fd3,1.68,69.0,384.0,-95.0,64.0,2620.0,185.0,1481.0,"{""type"":""MultiPoint"",""coordinates"":[]}"
00000000000000000fd4,2.63,69.0,829.0,302.0,64.0,2071.0,399.0,1482.0,"{""type"":""MultiPoint"",""coordinates"":[]}"
00000000000000000fd5,2.41,69.0,705.0,96.0,64.0,2195.0,329.0,1483.0,"{""type"":""MultiPoint"",""coordinates"":[]}"
00000000000000000fd6,1.1,69.0,556.0,-21.0,64.0,2485.0,188.0,1484.0,"{""type"":""MultiPoint"",""coordinates"":[]}"
00000000000000000fd7,2.04,69.0,557.0,187.0,64.0,2366.0,335.0,1485.0,"{""type"":""MultiPoint"",""coordinates"":[]}"
00000000000000001010,1.28,69.0,-29.0,115.0,64.0,2992.0,53.0,1542.0,"{""type"":""MultiPoint"",""coordinates"":[]}"
00000000000000001015,1.04,69.0,-162.0,85.0,64.0,2917.0,-2.0,1547.0,"{""type"":""MultiPoint"",""coordinates"":[]}"
00000000000000001016,1.16,69.0,-154.0,154.0,64.0,2653.0,227.0,1548.0,"{""type"":""MultiPoint"",""coordinates"":[]}"
00000000000000000b73,2.42,146.0,52.0,-3.0,64.0,2717.0,136.0,361.0,"{""type"":""MultiPoint"",""coordinates"":[]}"
00000000000000000b78,2.65,146.0,193.0,185.0,64.0,2331.0,227.0,366.0,"{""type"":""MultiPoint"",""coordinates"":[]}"
00000000000000000b7a,2.69,146.0,436.0,82.0,64.0,2180.0,398.0,368.0,"{""type"":""MultiPoint"",""coordinates"":[]}"
00000000000000000b7c,2.07,146.0,219.0,-19.0,64.0,2615.0,25.0,370.0,"{""type"":""MultiPoint"",""coordinates"":[]}"
00000000000000000b82,2.71,146.0,334.0,-24.0,64.0,2302.0,269.0,376.0,"{""type"":""MultiPoint"",""coordinates"":[]}"
00000000000000000b85,2.69,146.0,324.0,229.0,64.0,2222.0,388.0,379.0,"{""type"":""MultiPoint"",""coordinates"":[]}"
00000000000000000b86,2.66,146.0,313.0,43.0,64.0,2229.0,305.0,380.0,"{""type"":""MultiPoint"",""coordinates"":[]}"
00000000000000000b88,2.69,146.0,197.0,243.0,64.0,2274.0,341.0,382.0,"{""type"":""MultiPoint"",""coordinates"":[]}"
00000000000000000b89,2.89,146.0,288.0,208.0,64.0,2202.0,408.0,383.0,"{""type"":""MultiPoint"",""coordinates"":[]}"
00000000000000000b8b,2.64,146.0,287.0,-75.0,64.0,2374.0,227.0,385.0,"{""type"":""MultiPoint"",""coordinates"":[]}"
00000000000000000b91,2.46,146.0,230.0,157.0,64.0,2387.0,255.0,391.0,"{""type"":""MultiPoint"",""coordinates"":[]}"
00000000000000000b92,2.72,146.0,441.0,350.0,64.0,2169.0,441.0,392.0,"{""type"":""MultiPoint"",""coordinates"":[]}"
00000000000000000b93,2.84,146.0,459.0,316.0,64.0,2071.0,477.0,393.0,"{""type"":""MultiPoint"",""coordinates"":[]}"
00000000000000000b94,2.92,146.0,264.0,80.0,64.0,2232.0,350.0,394.0,"{""type"":""MultiPoint"",""coordinates"":[]}"
00000000000000000b95,2.4,146.0,366.0,115.0,64.0,2159.0,393.0,395.0,"{""type"":""MultiPoint"",""coordinates"":[]}"
00000000000000000b96,2.85,146.0,367.0,170.0,64.0,2160.0,423.0,396.0,"{""type"":""MultiPoint"",""coordinates"":[]}"
00000000000000000b75,1.66,139.0,279.0,68.0,64.0,2538.0,171.0,363.0,"{""type"":""MultiPoint"",""coordinates"":[]}"
00000000000000000b8d,1.9,147.0,16.0,221.0,64.0,2406.0,215.0,387.0,"{""type"":""MultiPoint"",""coordinates"":[]}"
00000000000000000b8f,1.54,147.0,165.0,-186.0,64.0,2745.0,95.0,389.0,"{""type"":""MultiPoint"",""coordinates"":[]}"
0000000000000000104d,2.06,35.0,955.0,331.0,64.0,2124.0,524.0,1603.0,"{""type"":""MultiPoint"",""coordinates"":[]}"
0000000000000000104e,1.96,35.0,689.0,294.0,64.0,2183.0,495.0,1604.0,"{""type"":""MultiPoint"",""coordinates"":[]}"
0000000000000000104f,2.13,35.0,846.0,329.0,64.0,2092.0,527.0,1605.0,"{""type"":""MultiPoint"",""coordinates"":[]}"
00000000000000001050,2.09,35.0,895.0,300.0,64.0,2441.0,419.0,1606.0,"{""type"":""MultiPoint"",""coordinates"":[]}"
00000000000000001051,0.92,35.0,336.0,112.0,64.0,2514.0,160.0,1607.0,"{""type"":""MultiPoint"",""coordinates"":[]}"
00000000000000001043,1.69,37.0,237.0,487.0,64.0,2255.0,447.0,1593.0,"{""type"":""MultiPoint"",""coordinates"":[]}"
00000000000000001044,1.98,37.0,239.0,430.0,64.0,2211.0,422.0,1594.0,"{""type"":""MultiPoint"",""coordinates"":[]}"
00000000000000001045,2.55,37.0,558.0,441.0,64.0,2051.0,517.0,1595.0,"{""type"":""MultiPoint"",""coordinates"":[]}"
00000000000000001046,2.11,37.0,517.0,425.0,64.0,2082.0,486.0,1596.0,"{""type"":""MultiPoint"",""coordinates"":[]}"
00000000000000001047,2.26,37.0,467.0,410.0,64.0,2032.0,514.0,1597.0,"{""type"":""MultiPoint"",""coordinates"":[]}"
00000000000000001048,1.89,37.0,486.0,344.0,64.0,2217.0,395.0,1598.0,"{""type"":""MultiPoint"",""coordinates"":[]}"
0000000000000000104a,0.83,37.0,198.0,132.0,64.0,2486.0,59.0,1600.0,"{""type"":""MultiPoint"",""coordinates"":[]}"
0000000000000000104c,1.47,37.0,317.0,235.0,64.0,2385.0,225.0,1602.0,"{""type"":""MultiPoint"",""coordinates"":[]}"
00000000000000001029,1.26,39.0,257.0,-1.0,64.0,2851.0,95.0,1567.0,"{""type"":""MultiPoint"",""coordinates"":[]}"
0000000000000000102a,0.75,39.0,236.0,-5.0,64.0,2745.0,144.0,1568.0,"{""type"":""MultiPoint"",""coordinates"":[]}"
0000000000000000102b,0.73,39.0,289.0,39.0,64.0,2833.0,135.0,1569.0,"{""type"":""MultiPoint"",""coordinates"":[]}"
0000000000000000102c,0.66,39.0,323.0,10.0,64.0,2895.0,104.0,1570.0,"{""type"":""MultiPoint"",""coordinates"":[]}"
00000000000000001052,1.21,39.0,130.0,128.0,64.0,2543.0,271.0,1608.0,"{""type"":""MultiPoint"",""coordinates"":[]}"
00000000000000001053,1.24,39.0,180.0,210.0,64.0,2499.0,333.0,1609.0,"{""type"":""MultiPoint"",""coordinates"":[]}"
00000000000000001054,1.07,39.0,115.0,172.0,64.0,2522.0,279.0,1610.0,"{""type"":""MultiPoint"",""coordinates"":[]}"
00000000000000001055,1.61,39.0,147.0,225.0,64.0,2597.0,283.0,1611.0,"{""type"":""MultiPoint"",""coordinates"":[]}"
00000000000000001056,1.76,39.0,204.0,226.0,64.0,2473.0,346.0,1612.0,"{""type"":""MultiPoint"",""coordinates"":[]}"
00000000000000001057,1.27,39.0,330.0,236.0,64.0,2388.0,402.0,1613.0,"{""type"":""MultiPoint"",""coordinates"":[]}"
00000000000000001083,1.97,53.0,689.0,62.0,64.0,2432.0,299.0,1657.0,"{""type"":""MultiPoint"",""coordinates"":[]}"
0000000000000000106d,2.7,55.0,1106.0,247.0,64.0,1978.0,456.0,1635.0,"{""type"":""MultiPoint"",""coordinates"":[]}"
00000000000000001075,1.69,55.0,196.0,92.0,64.0,2421.0,240.0,1643.0,"{""type"":""MultiPoint"",""coordinates"":[]}"
0000000000000000107a,1.77,55.0,76.0,20.0,64.0,2439.0,247.0,1648.0,"{""type"":""MultiPoint"",""coordinates"":[]}"
00000000000000001069,2.82,57.0,884.0,493.0,64.0,2030.0,506.0,1631.0,"{""type"":""MultiPoint"",""coordinates"":[]}"
00000000000000000fdd,1.96,59.0,618.0,208.0,64.0,1922.0,509.0,1491.0,"{""type"":""MultiPoint"",""coordinates"":[]}"
00000000000000000fdf,2.32,59.0,408.0,91.0,64.0,2044.0,480.0,1493.0,"{""type"":""MultiPoint"",""coordinates"":[]}"
00000000000000000fe0,1.42,59.0,243.0,80.0,64.0,2290.0,338.0,1494.0,"{""type"":""MultiPoint"",""coordinates"":[]}"
00000000000000000fe1,1.85,59.0,633.0,222.0,64.0,1939.0,524.0,1495.0,"{""type"":""MultiPoint"",""coordinates"":[]}"
00000000000000000fe2,1.94,59.0,205.0,48.0,64.0,2375.0,293.0,1496.0,"{""type"":""MultiPoint"",""coordinates"":[]}"
00000000000000000fe3,1.74,59.0,413.0,115.0,64.0,2109.0,435.0,1497.0,"{""type"":""MultiPoint"",""coordinates"":[]}"
00000000000000000fee,1.15,59.0,388.0,-134.0,64.0,2582.0,198.0,1508.0,"{""type"":""MultiPoint"",""coordinates"":[]}"
00000000000000001059,1.99,59.0,583.0,254.0,64.0,2347.0,414.0,1615.0,"{""type"":""MultiPoint"",""coordinates"":[]}"
0000000000000000105c,2.43,59.0,773.0,365.0,64.0,2055.0,577.0,1618.0,"{""type"":""MultiPoint"",""coordinates"":[]}"
00000000000000001062,2.12,59.0,899.0,453.0,64.0,2039.0,548.0,1624.0,"{""type"":""MultiPoint"",""coordinates"":[]}"
00000000000000001085,1.51,59.0,711.0,-42.0,64.0,2431.0,238.0,1659.0,"{""type"":""MultiPoint"",""coordinates"":[]}"
00000000000000001088,2.17,59.0,241.0,222.0,64.0,2302.0,357.0,1662.0,"{""type"":""MultiPoint"",""coordinates"":[]}"
00000000000000001027,2.63,63.0,574.0,436.0,64.0,1944.0,600.0,1565.0,"{""type"":""MultiPoint"",""coordinates"":[]}"
0000000000000000103d,2.11,63.0,95.0,411.0,64.0,2368.0,453.0,1587.0,"{""type"":""MultiPoint"",""coordinates"":[]}"
00000000000000000b77,1.17,140.0,91.0,102.0,64.0,2492.0,176.0,365.0,"{""type"":""MultiPoint"",""coordinates"":[]}"
000000000000000010c6,1.89,136.0,221.0,122.0,65.0,3033.0,96.0,1724.0,"{""type"":""MultiPoint"",""coordinates"":[]}"
000000000000000010ca,0.98,136.0,-80.0,53.0,65.0,2875.0,108.0,1728.0,"{""type"":""MultiPoint"",""coordinates"":[]}"
000000000000000010d7,1.95,144.0,594.0,197.0,65.0,2383.0,316.0,1741.0,"{""type"":""MultiPoint"",""coordinates"":[]}"
000000000000000010ef,0.95,152.0,318.0,258.0,65.0,2693.0,187.0,1765.0,"{""type"":""MultiPoint"",""coordinates"":[]}"
00000000000000001107,2.04,176.0,405.0,202.0,65.0,2369.0,436.0,1789.0,"{""type"":""MultiPoint"",""coordinates"":[]}"
00000000000000001109,1.63,176.0,634.0,246.0,65.0,2240.0,434.0,1791.0,"{""type"":""MultiPoint"",""coordinates"":[]}"
0000000000000000110a,1.77,176.0,594.0,220.0,65.0,2286.0,439.0,1792.0,"{""type"":""MultiPoint"",""coordinates"":[]}"
0000000000000000110b,1.64,176.0,381.0,225.0,65.0,2326.0,456.0,1793.0,"{""type"":""MultiPoint"",""coordinates"":[]}"
000000000000000010a9,0.73,224.0,280.0,0.0,65.0,2402.0,92.0,1695.0,"{""type"":""MultiPoint"",""coordinates"":[]}"
000000000000000010ac,0.95,224.0,418.0,91.0,65.0,2427.0,217.0,1698.0,"{""type"":""MultiPoint"",""coordinates"":[]}"
000000000000000010b1,2.47,224.0,305.0,320.0,65.0,2260.0,348.0,1703.0,"{""type"":""MultiPoint"",""coordinates"":[]}"
000000000000000010b4,1.15,224.0,491.0,147.0,65.0,2725.0,171.0,1706.0,"{""type"":""MultiPoint"",""coordinates"":[]}"
000000000000000010b5,1.07,224.0,473.0,148.0,65.0,2705.0,194.0,1707.0,"{""type"":""MultiPoint"",""coordinates"":[]}"
000000000000000010b6,0.46,224.0,478.0,116.0,65.0,2835.0,161.0,1708.0,"{""type"":""MultiPoint"",""coordinates"":[]}"
000000000000000010b7,0.8,224.0,414.0,225.0,65.0,2173.0,455.0,1709.0,"{""type"":""MultiPoint"",""coordinates"":[]}"
000000000000000010a2,2.54,232.0,672.0,187.0,65.0,2288.0,484.0,1688.0,"{""type"":""MultiPoint"",""coordinates"":[]}"
000000000000000010a3,2.58,232.0,388.0,259.0,65.0,2150.0,565.0,1689.0,"{""type"":""MultiPoint"",""coordinates"":[]}"
000000000000000010e3,1.37,129.0,216.0,153.0,65.0,2583.0,323.0,1753.0,"{""type"":""MultiPoint"",""coordinates"":[]}"
000000000000000010c4,0.47,137.0,-56.0,26.0,65.0,3018.0,42.0,1722.0,"{""type"":""MultiPoint"",""coordinates"":[]}"
000000000000000010c5,0.08,137.0,52.0,182.0,65.0,2572.0,121.0,1723.0,"{""type"":""MultiPoint"",""coordinates"":[]}"
000000000000000010c7,0.35,137.0,26.0,53.0,65.0,2847.0,0.0,1725.0,"{""type"":""MultiPoint"",""coordinates"":[]}"
000000000000000010c8,0.06,137.0,100.0,56.0,65.0,2803.0,84.0,1726.0,"{""type"":""MultiPoint"",""coordinates"":[]}"
000000000000000010e6,1.92,145.0,445.0,355.0,65.0,2109.0,446.0,1756.0,"{""type"":""MultiPoint"",""coordinates"":[]}"
000000000000000010e7,1.94,145.0,439.0,332.0,65.0,2206.0,456.0,1757.0,"{""type"":""MultiPoint"",""coordinates"":[]}"
000000000000000010e8,1.91,145.0,415.0,341.0,65.0,2275.0,484.0,1758.0,"{""type"":""MultiPoint"",""coordinates"":[]}"
000000000000000010ea,1.5,145.0,406.0,295.0,65.0,2373.0,423.0,1760.0,"{""type"":""MultiPoint"",""coordinates"":[]}"
000000000000000010eb,1.94,145.0,565.0,436.0,65.0,2032.0,513.0,1761.0,"{""type"":""MultiPoint"",""coordinates"":[]}"
0000000000000000110d,2.36,177.0,767.0,350.0,65.0,1756.0,674.0,1795.0,"{""type"":""MultiPoint"",""coordinates"":[]}"
0000000000000000110e,2.4,177.0,767.0,421.0,65.0,1718.0,688.0,1796.0,"{""type"":""MultiPoint"",""coordinates"":[]}"
00000000000000001099,0.76,225.0,91.0,-52.0,65.0,2610.0,31.0,1679.0,"{""type"":""MultiPoint"",""coordinates"":[]}"
0000000000000000109d,0.6,225.0,245.0,-28.0,65.0,2659.0,-15.0,1683.0,"{""type"":""MultiPoint"",""coordinates"":[]}"
000000000000000010aa,0.91,225.0,255.0,62.0,65.0,2360.0,138.0,1696.0,"{""type"":""MultiPoint"",""coordinates"":[]}"
000000000000000010ab,1.45,225.0,121.0,38.0,65.0,2406.0,214.0,1697.0,"{""type"":""MultiPoint"",""coordinates"":[]}"
000000000000000010ad,1.08,225.0,165.0,-8.0,65.0,2675.0,104.0,1699.0,"{""type"":""MultiPoint"",""coordinates"":[]}"
000000000000000010b3,0.91,225.0,319.0,125.0,65.0,2790.0,151.0,1705.0,"{""type"":""MultiPoint"",""coordinates"":[]}"
000000000000000010df,0.48,130.0,113.0,34.0,65.0,2559.0,148.0,1749.0,"{""type"":""MultiPoint"",""coordinates"":[]}"
000000000000000010c9,1.08,138.0,-35.0,112.0,65.0,2445.0,182.0,1727.0,"{""type"":""MultiPoint"",""coordinates"":[]}"
000000000000000010e9,1.82,146.0,378.0,316.0,65.0,2364.0,406.0,1759.0,"{""type"":""MultiPoint"",""coordinates"":[]}"
000000000000000010fa,2.36,178.0,502.0,189.0,65.0,2229.0,522.0,1776.0,"{""type"":""MultiPoint"",""coordinates"":[]}"
00000000000000001098,0.9,226.0,194.0,-41.0,65.0,2604.0,7.0,1678.0,"{""type"":""MultiPoint"",""coordinates"":[]}"
0000000000000000109b,0.76,226.0,188.0,29.0,65.0,2611.0,95.0,1681.0,"{""type"":""MultiPoint"",""coordinates"":[]}"
0000000000000000109c,0.71,226.0,267.0,114.0,65.0,2660.0,114.0,1682.0,"{""type"":""MultiPoint"",""coordinates"":[]}"
0000000000000000109e,1.11,226.0,177.0,-83.0,65.0,2496.0,82.0,1684.0,"{""type"":""MultiPoint"",""coordinates"":[]}"
000000000000000010e2,2.05,131.0,680.0,402.0,65.0,2175.0,618.0,1752.0,"{""type"":""MultiPoint"",""coordinates"":[]}"
000000000000000010fb,2.78,179.0,569.0,182.0,65.0,2177.0,442.0,1777.0,"{""type"":""MultiPoint"",""coordinates"":[]}"
000000000000000010ff,2.47,179.0,191.0,113.0,65.0,2202.0,424.0,1781.0,"{""type"":""MultiPoint"",""coordinates"":[]}"
00000000000000001100,2.56,179.0,273.0,178.0,65.0,2163.0,460.0,1782.0,"{""type"":""MultiPoint"",""coordinates"":[]}"
000000000000000010a4,1.0,227.0,298.0,-40.0,65.0,2722.0,-29.0,1690.0,"{""type"":""MultiPoint"",""coordinates"":[]}"
000000000000000010fc,2.37,180.0,405.0,170.0,65.0,2166.0,541.0,1778.0,"{""type"":""MultiPoint"",""coordinates"":[]}"
000000000000000010fe,2.79,180.0,295.0,188.0,65.0,2066.0,520.0,1780.0,"{""type"":""MultiPoint"",""coordinates"":[]}"
000000000000000010a5,2.0,228.0,422.0,57.0,65.0,2525.0,289.0,1691.0,"{""type"":""MultiPoint"",""coordinates"":[]}"
000000000000000010a6,1.72,228.0,420.0,24.0,65.0,2503.0,210.0,1692.0,"{""type"":""MultiPoint"",""coordinates"":[]}"
000000000000000010a7,1.41,228.0,465.0,104.0,65.0,2334.0,345.0,1693.0,"{""type"":""MultiPoint"",""coordinates"":[]}"
000000000000000010a8,1.27,228.0,380.0,-25.0,65.0,2419.0,171.0,1694.0,"{""type"":""MultiPoint"",""coordinates"":[]}"
000000000000000010d9,1.02,133.0,131.0,15.0,65.0,2753.0,94.0,1743.0,"{""type"":""MultiPoint"",""coordinates"":[]}"
000000000000000010da,1.02,133.0,129.0,-2.0,65.0,2844.0,62.0,1744.0,"{""type"":""MultiPoint"",""coordinates"":[]}"
000000000000000010db,1.0,133.0,225.0,56.0,65.0,2722.0,133.0,1745.0,"{""type"":""MultiPoint"",""coordinates"":[]}"
000000000000000010dd,0.75,133.0,204.0,61.0,65.0,2732.0,112.0,1747.0,"{""type"":""MultiPoint"",""coordinates"":[]}"
000000000000000010de,1.07,133.0,397.0,285.0,65.0,2603.0,322.0,1748.0,"{""type"":""MultiPoint"",""coordinates"":[]}"
000000000000000010ce,1.77,141.0,446.0,247.0,65.0,2387.0,358.0,1732.0,"{""type"":""MultiPoint"",""coordinates"":[]}"
000000000000000010fd,1.98,181.0,632.0,230.0,65.0,2276.0,435.0,1779.0,"{""type"":""MultiPoint"",""coordinates"":[]}"
000000000000000010b8,0.92,221.0,59.0,62.0,65.0,2665.0,202.0,1710.0,"{""type"":""MultiPoint"",""coordinates"":[]}"
000000000000000010b9,1.9,221.0,350.0,-20.0,65.0,2133.0,295.0,1711.0,"{""type"":""MultiPoint"",""coordinates"":[]}"
000000000000000010ba,2.08,221.0,662.0,204.0,65.0,2362.0,286.0,1712.0,"{""type"":""MultiPoint"",""coordinates"":[]}"
000000000000000010bc,1.49,221.0,351.0,42.0,65.0,2727.0,179.0,1714.0,"{""type"":""MultiPoint"",""coordinates"":[]}"
000000000000000010bd,0.59,221.0,405.0,89.0,65.0,2647.0,229.0,1715.0,"{""type"":""MultiPoint"",""coordinates"":[]}"
000000000000000010be,1.81,221.0,37.0,181.0,65.0,2312.0,312.0,1716.0,"{""type"":""MultiPoint"",""coordinates"":[]}"
000000000000000010dc,1.23,134.0,236.0,131.0,65.0,2606.0,190.0,1746.0,"{""type"":""MultiPoint"",""coordinates"":[]}"
000000000000000010cc,1.31,142.0,693.0,326.0,65.0,2393.0,384.0,1730.0,"{""type"":""MultiPoint"",""coordinates"":[]}"
000000000000000010cd,1.9,142.0,703.0,222.0,65.0,2416.0,304.0,1731.0,"{""type"":""MultiPoint"",""coordinates"":[]}"
000000000000000010cf,1.99,142.0,601.0,291.0,65.0,2282.0,407.0,1733.0,"{""type"":""MultiPoint"",""coordinates"":[]}"
000000000000000010d0,1.77,142.0,555.0,227.0,65.0,2340.0,390.0,1734.0,"{""type"":""MultiPoint"",""coordinates"":[]}"
000000000000000010d5,2.59,142.0,695.0,336.0,65.0,1941.0,565.0,1739.0,"{""type"":""MultiPoint"",""coordinates"":[]}"
000000000000000010d8,2.47,142.0,575.0,320.0,65.0,1923.0,577.0,1742.0,"{""type"":""MultiPoint"",""coordinates"":[]}"
000000000000000010f1,0.85,150.0,480.0,192.0,65.0,2486.0,229.0,1767.0,"{""type"":""MultiPoint"",""coordinates"":[]}"
000000000000000010f3,0.48,174.0,147.0,182.0,65.0,2810.0,248.0,1769.0,"{""type"":""MultiPoint"",""coordinates"":[]}"
000000000000000010f4,0.49,174.0,132.0,165.0,65.0,2818.0,234.0,1770.0,"{""type"":""MultiPoint"",""coordinates"":[]}"
00000000000000001101,2.26,174.0,449.0,235.0,65.0,2162.0,515.0,1783.0,"{""type"":""MultiPoint"",""coordinates"":[]}"
00000000000000001102,2.6,174.0,603.0,291.0,65.0,2016.0,599.0,1784.0,"{""type"":""MultiPoint"",""coordinates"":[]}"
000000000000000010af,2.77,222.0,180.0,310.0,65.0,2302.0,491.0,1701.0,"{""type"":""MultiPoint"",""coordinates"":[]}"
000000000000000010bf,1.0,222.0,309.0,106.0,65.0,2346.0,353.0,1717.0,"{""type"":""MultiPoint"",""coordinates"":[]}"
000000000000000010cb,1.51,143.0,742.0,340.0,65.0,2378.0,385.0,1729.0,"{""type"":""MultiPoint"",""coordinates"":[]}"
000000000000000010d2,2.07,143.0,534.0,262.0,65.0,2321.0,373.0,1736.0,"{""type"":""MultiPoint"",""coordinates"":[]}"
000000000000000010d3,2.1,143.0,610.0,291.0,65.0,2189.0,481.0,1737.0,"{""type"":""MultiPoint"",""coordinates"":[]}"
000000000000000010d4,2.29,143.0,506.0,221.0,65.0,2081.0,490.0,1738.0,"{""type"":""MultiPoint"",""coordinates"":[]}"
000000000000000010d6,2.09,143.0,596.0,363.0,65.0,2169.0,470.0,1740.0,"{""type"":""MultiPoint"",""coordinates"":[]}"
000000000000000010ec,0.25,151.0,368.0,259.0,65.0,2613.0,209.0,1762.0,"{""type"":""MultiPoint"",""coordinates"":[]}"
000000000000000010ed,1.09,151.0,162.0,166.0,65.0,2680.0,126.0,1763.0,"{""type"":""MultiPoint"",""coordinates"":[]}"
000000000000000010ee,1.04,151.0,390.0,271.0,65.0,2630.0,172.0,1764.0,"{""type"":""MultiPoint"",""coordinates"":[]}"
000000000000000010f0,1.05,151.0,351.0,265.0,65.0,2660.0,180.0,1766.0,"{""type"":""MultiPoint"",""coordinates"":[]}"
000000000000000010f2,1.68,151.0,202.0,222.0,65.0,2495.0,275.0,1768.0,"{""type"":""MultiPoint"",""coordinates"":[]}"
000000000000000010f5,1.22,175.0,399.0,481.0,65.0,2658.0,479.0,1771.0,"{""type"":""MultiPoint"",""coordinates"":[]}"
000000000000000010f6,1.46,175.0,76.0,455.0,65.0,2669.0,491.0,1772.0,"{""type"":""MultiPoint"",""coordinates"":[]}"
000000000000000010f7,1.9,175.0,17.0,352.0,65.0,2681.0,446.0,1773.0,"{""type"":""MultiPoint"",""coordinates"":[]}"
000000000000000010f8,2.24,175.0,89.0,362.0,65.0,2653.0,449.0,1774.0,"{""type"":""MultiPoint"",""coordinates"":[]}"
000000000000000010f9,0.82,175.0,-43.0,318.0,65.0,2782.0,384.0,1775.0,"{""type"":""MultiPoint"",""coordinates"":[]}"
00000000000000001106,1.35,175.0,335.0,103.0,65.0,2494.0,318.0,1788.0,"{""type"":""MultiPoint"",""coordinates"":[]}"
00000000000000001108,1.28,175.0,304.0,130.0,65.0,2441.0,368.0,1790.0,"{""type"":""MultiPoint"",""coordinates"":[]}"
00000000000000001111,1.88,175.0,452.0,338.0,65.0,2012.0,590.0,1799.0,"{""type"":""MultiPoint"",""coordinates"":[]}"
0000000000000000109a,1.12,223.0,185.0,121.0,65.0,2686.0,141.0,1680.0,"{""type"":""MultiPoint"",""coordinates"":[]}"
000000000000000010b2,1.31,223.0,330.0,353.0,65.0,2157.0,459.0,1704.0,"{""type"":""MultiPoint"",""coordinates"":[]}"
000000000000000010a1,2.76,231.0,440.0,273.0,65.0,2202.0,559.0,1687.0,"{""type"":""MultiPoint"",""coordinates"":[]}"
000000000000000001f2,0.37,768.0,118.0,141.0,33.0,2556.0,148.0,6003.0,"{""type"":""MultiPoint"",""coordinates"":[]}"
000000000000000001ff,1.47,768.0,174.0,180.0,33.0,2493.0,196.0,6016.0,"{""type"":""MultiPoint"",""coordinates"":[]}"
00000000000000000207,2.04,768.0,273.0,304.0,33.0,2363.0,330.0,6024.0,"{""type"":""MultiPoint"",""coordinates"":[]}"
0000000000000000021e,2.97,768.0,599.0,452.0,33.0,1927.0,551.0,6047.0,"{""type"":""MultiPoint"",""coordinates"":[]}"
000000000000000001a9,0.63,960.0,109.0,146.0,33.0,2539.0,81.0,5930.0,"{""type"":""MultiPoint"",""coordinates"":[]}"
0000000000000000020d,2.33,769.0,361.0,292.0,33.0,2336.0,315.0,6030.0,"{""type"":""MultiPoint"",""coordinates"":[]}"
0000000000000000021d,2.97,769.0,619.0,469.0,33.0,1922.0,541.0,6046.0,"{""type"":""MultiPoint"",""coordinates"":[]}"
00000000000000000185,1.35,801.0,163.0,96.0,33.0,2445.0,131.0,5894.0,"{""type"":""MultiPoint"",""coordinates"":[]}"
00000000000000000217,2.87,801.0,745.0,370.0,33.0,1868.0,495.0,6040.0,"{""type"":""MultiPoint"",""coordinates"":[]}"
000000000000000001d6,0.82,929.0,84.0,67.0,33.0,2548.0,86.0,5975.0,"{""type"":""MultiPoint"",""coordinates"":[]}"
000000000000000001a8,0.41,961.0,123.0,122.0,33.0,2562.0,48.0,5929.0,"{""type"":""MultiPoint"",""coordinates"":[]}"
0000000000000000019a,0.9,993.0,25.0,198.0,33.0,2471.0,50.0,5915.0,"{""type"":""MultiPoint"",""coordinates"":[]}"
000000000000000001b2,2.62,1027.0,475.0,281.0,33.0,2107.0,320.0,5939.0,"{""type"":""MultiPoint"",""coordinates"":[]}"
000000000000000001f8,1.0,770.0,123.0,91.0,33.0,2565.0,85.0,6009.0,"{""type"":""MultiPoint"",""coordinates"":[]}"
000000000000000001fd,1.3,770.0,228.0,113.0,33.0,2485.0,142.0,6014.0,"{""type"":""MultiPoint"",""coordinates"":[]}"
00000000000000000186,1.87,802.0,247.0,49.0,33.0,2390.0,142.0,5895.0,"{""type"":""MultiPoint"",""coordinates"":[]}"
00000000000000000206,1.93,802.0,372.0,236.0,33.0,2331.0,279.0,6023.0,"{""type"":""MultiPoint"",""coordinates"":[]}"
0000000000000000021b,2.97,802.0,779.0,375.0,33.0,1883.0,492.0,6044.0,"{""type"":""MultiPoint"",""coordinates"":[]}"
000000000000000001c6,0.9,962.0,125.0,158.0,33.0,2440.0,130.0,5959.0,"{""type"":""MultiPoint"",""coordinates"":[]}"
0000000000000000019f,0.88,994.0,119.0,59.0,33.0,2520.0,76.0,5920.0,"{""type"":""MultiPoint"",""coordinates"":[]}"
0000000000000000017f,1.57,803.0,191.0,47.0,33.0,2444.0,104.0,5888.0,"{""type"":""MultiPoint"",""coordinates"":[]}"
00000000000000000180,2.09,803.0,357.0,33.0,33.0,2487.0,93.0,5889.0,"{""type"":""MultiPoint"",""coordinates"":[]}"
00000000000000000200,1.58,803.0,188.0,145.0,33.0,2442.0,183.0,6017.0,"{""type"":""MultiPoint"",""coordinates"":[]}"
00000000000000000209,2.13,803.0,246.0,208.0,33.0,2398.0,257.0,6026.0,"{""type"":""MultiPoint"",""coordinates"":[]}"
00000000000000000213,2.8,803.0,709.0,346.0,33.0,1948.0,454.0,6036.0,"{""type"":""MultiPoint"",""coordinates"":[]}"
000000000000000001b8,0.33,931.0,66.0,47.0,33.0,2514.0,33.0,5945.0,"{""type"":""MultiPoint"",""coordinates"":[]}"
000000000000000001e2,2.59,1031.0,348.0,231.0,33.0,2312.0,253.0,5987.0,"{""type"":""MultiPoint"",""coordinates"":[]}"
0000000000000000020a,2.2,772.0,313.0,357.0,33.0,2225.0,362.0,6027.0,"{""type"":""MultiPoint"",""coordinates"":[]}"
00000000000000000218,2.87,772.0,707.0,352.0,33.0,1952.0,481.0,6041.0,"{""type"":""MultiPoint"",""coordinates"":[]}"
0000000000000000021c,2.97,772.0,504.0,185.0,33.0,2339.0,285.0,6045.0,"{""type"":""MultiPoint"",""coordinates"":[]}"
000000000000000001c1,0.4,964.0,77.0,82.0,33.0,2464.0,97.0,5954.0,"{""type"":""MultiPoint"",""coordinates"":[]}"
000000000000000001dc,0.31,964.0,14.0,121.0,33.0,2716.0,33.0,5981.0,"{""type"":""MultiPoint"",""coordinates"":[]}"
000000000000000001a0,0.82,996.0,-5.0,68.0,33.0,2544.0,36.0,5921.0,"{""type"":""MultiPoint"",""coordinates"":[]}"
00000000000000000204,1.75,773.0,211.0,233.0,33.0,2411.0,261.0,6021.0,"{""type"":""MultiPoint"",""coordinates"":[]}"
0000000000000000021f,2.97,773.0,758.0,322.0,33.0,1919.0,480.0,6048.0,"{""type"":""MultiPoint"",""coordinates"":[]}"
000000000000000001d7,0.55,933.0,118.0,120.0,33.0,2539.0,54.0,5976.0,"{""type"":""MultiPoint"",""coordinates"":[]}"
000000000000000001aa,0.39,965.0,103.0,146.0,33.0,2548.0,47.0,5931.0,"{""type"":""MultiPoint"",""coordinates"":[]}"
00000000000000000199,1.31,997.0,163.0,204.0,33.0,2504.0,90.0,5914.0,"{""type"":""MultiPoint"",""coordinates"":[]}"
000000000000000001f9,1.0,774.0,187.0,46.0,33.0,2529.0,69.0,6010.0,"{""type"":""MultiPoint"",""coordinates"":[]}"
00000000000000000201,1.63,774.0,243.0,157.0,33.0,2475.0,171.0,6018.0,"{""type"":""MultiPoint"",""coordinates"":[]}"
00000000000000000214,2.83,774.0,694.0,350.0,33.0,1945.0,445.0,6037.0,"{""type"":""MultiPoint"",""coordinates"":[]}"
00000000000000000219,2.95,774.0,645.0,295.0,33.0,2017.0,456.0,6042.0,"{""type"":""MultiPoint"",""coordinates"":[]}"
000000000000000001ba,1.75,934.0,199.0,102.0,33.0,2437.0,60.0,5947.0,"{""type"":""MultiPoint"",""coordinates"":[]}"
000000000000000001d0,0.69,934.0,81.0,169.0,33.0,2559.0,61.0,5969.0,"{""type"":""MultiPoint"",""coordinates"":[]}"
000000000000000001d8,0.53,934.0,41.0,119.0,33.0,2619.0,55.0,5977.0,"{""type"":""MultiPoint"",""coordinates"":[]}"
000000000000000001bb,0.83,935.0,65.0,75.0,33.0,2493.0,43.0,5948.0,"{""type"":""MultiPoint"",""coordinates"":[]}"
000000000000000001a7,0.91,967.0,105.0,72.0,33.0,2520.0,51.0,5928.0,"{""type"":""MultiPoint"",""coordinates"":[]}"
000000000000000001dd,0.63,967.0,46.0,235.0,33.0,2593.0,59.0,5982.0,"{""type"":""MultiPoint"",""coordinates"":[]}"
000000000000000001b5,1.19,999.0,137.0,84.0,33.0,2547.0,70.0,5942.0,"{""type"":""MultiPoint"",""coordinates"":[]}"
00000000000000000187,1.33,808.0,143.0,8.0,33.0,2504.0,66.0,5896.0,"{""type"":""MultiPoint"",""coordinates"":[]}"
000000000000000001b9,0.71,936.0,94.0,95.0,33.0,2496.0,23.0,5946.0,"{""type"":""MultiPoint"",""coordinates"":[]}"
000000000000000001a1,1.36,1000.0,229.0,82.0,33.0,2458.0,90.0,5922.0,"{""type"":""MultiPoint"",""coordinates"":[]}"
000000000000000001d1,0.45,905.0,25.0,77.0,33.0,2664.0,41.0,5970.0,"{""type"":""MultiPoint"",""coordinates"":[]}"
000000000000000001ab,0.58,969.0,13.0,165.0,33.0,2607.0,23.0,5932.0,"{""type"":""MultiPoint"",""coordinates"":[]}"
00000000000000000193,1.29,1001.0,214.0,197.0,33.0,2451.0,142.0,5908.0,"{""type"":""MultiPoint"",""coordinates"":[]}"
000000000000000001e3,1.05,1043.0,141.0,87.0,33.0,2561.0,107.0,5988.0,"{""type"":""MultiPoint"",""coordinates"":[]}"
000000000000000001f3,0.37,778.0,218.0,49.0,33.0,2471.0,120.0,6004.0,"{""type"":""MultiPoint"",""coordinates"":[]}"
00000000000000000203,1.73,778.0,218.0,189.0,33.0,2457.0,232.0,6020.0,"{""type"":""MultiPoint"",""coordinates"":[]}"
000000000000000001bd,0.71,938.0,61.0,91.0,33.0,2500.0,14.0,5950.0,"{""type"":""MultiPoint"",""coordinates"":[]}"
000000000000000001db,0.5,970.0,42.0,127.0,33.0,2584.0,32.0,5980.0,"{""type"":""MultiPoint"",""coordinates"":[]}"
000000000000000001f1,0.21,779.0,111.0,5.0,33.0,2456.0,40.0,6002.0,"{""type"":""MultiPoint"",""coordinates"":[]}"
00000000000000000202,1.7,779.0,298.0,141.0,33.0,2468.0,209.0,6019.0,"{""type"":""MultiPoint"",""coordinates"":[]}"
0000000000000000021a,2.97,779.0,528.0,445.0,33.0,1969.0,511.0,6043.0,"{""type"":""MultiPoint"",""coordinates"":[]}"
00000000000000000221,3.0,779.0,727.0,353.0,33.0,1919.0,469.0,6050.0,"{""type"":""MultiPoint"",""coordinates"":[]}"
000000000000000001c3,2.57,939.0,463.0,171.0,33.0,2146.0,253.0,5956.0,"{""type"":""MultiPoint"",""coordinates"":[]}"
000000000000000001c8,2.58,939.0,240.0,178.0,33.0,2307.0,211.0,5961.0,"{""type"":""MultiPoint"",""coordinates"":[]}"
00000000000000000192,0.92,1003.0,47.0,161.0,33.0,2580.0,110.0,5907.0,"{""type"":""MultiPoint"",""coordinates"":[]}"
000000000000000001f6,0.57,780.0,124.0,4.0,33.0,2456.0,71.0,6007.0,"{""type"":""MultiPoint"",""coordinates"":[]}"
000000000000000001fb,1.17,780.0,140.0,43.0,33.0,2513.0,96.0,6012.0,"{""type"":""MultiPoint"",""coordinates"":[]}"
000000000000000001bc,0.85,940.0,94.0,110.0,33.0,2537.0,44.0,5949.0,"{""type"":""MultiPoint"",""coordinates"":[]}"
000000000000000001c5,1.18,972.0,267.0,118.0,33.0,2338.0,52.0,5958.0,"{""type"":""MultiPoint"",""coordinates"":[]}"
000000000000000001f5,0.5,781.0,195.0,7.0,33.0,2575.0,88.0,6006.0,"{""type"":""MultiPoint"",""coordinates"":[]}"
000000000000000001fe,1.43,781.0,266.0,56.0,33.0,2473.0,116.0,6015.0,"{""type"":""MultiPoint"",""coordinates"":[]}"
00000000000000000220,3.0,781.0,600.0,442.0,33.0,1946.0,519.0,6049.0,"{""type"":""MultiPoint"",""coordinates"":[]}"
00000000000000000188,0.37,813.0,103.0,37.0,33.0,2591.0,99.0,5897.0,"{""type"":""MultiPoint"",""coordinates"":[]}"
00000000000000000194,0.72,973.0,127.0,154.0,33.0,2472.0,85.0,5909.0,"{""type"":""MultiPoint"",""coordinates"":[]}"
000000000000000001a6,0.5,973.0,102.0,56.0,33.0,2502.0,46.0,5927.0,"{""type"":""MultiPoint"",""coordinates"":[]}"
000000000000000001fa,1.17,782.0,188.0,160.0,33.0,2513.0,202.0,6011.0,"{""type"":""MultiPoint"",""coordinates"":[]}"
000000000000000001da,0.55,974.0,62.0,165.0,33.0,2564.0,60.0,5979.0,"{""type"":""MultiPoint"",""coordinates"":[]}"
0000000000000000018c,2.3,1006.0,209.0,289.0,33.0,2418.0,235.0,5901.0,"{""type"":""MultiPoint"",""coordinates"":[]}"
000000000000000001b4,2.62,1006.0,316.0,342.0,33.0,2301.0,292.0,5941.0,"{""type"":""MultiPoint"",""coordinates"":[]}"
000000000000000001e4,1.04,1053.0,252.0,117.0,33.0,2576.0,19.0,5989.0,"{""type"":""MultiPoint"",""coordinates"":[]}"
0000000000000000020c,2.27,783.0,306.0,223.0,33.0,2406.0,272.0,6029.0,"{""type"":""MultiPoint"",""coordinates"":[]}"
000000000000000001ac,0.47,975.0,153.0,159.0,33.0,2404.0,92.0,5933.0,"{""type"":""MultiPoint"",""coordinates"":[]}"
0000000000000000018b,1.65,1007.0,183.0,209.0,33.0,2489.0,141.0,5900.0,"{""type"":""MultiPoint"",""coordinates"":[]}"
000000000000000001a3,1.48,1007.0,148.0,175.0,33.0,2542.0,104.0,5924.0,"{""type"":""MultiPoint"",""coordinates"":[]}"
000000000000000001f4,0.38,784.0,173.0,32.0,33.0,2482.0,94.0,6005.0,"{""type"":""MultiPoint"",""coordinates"":[]}"
0000000000000000020e,2.37,784.0,275.0,212.0,33.0,2406.0,263.0,6031.0,"{""type"":""MultiPoint"",""coordinates"":[]}"
000000000000000001be,0.95,944.0,74.0,156.0,33.0,2473.0,73.0,5951.0,"{""type"":""MultiPoint"",""coordinates"":[]}"
00000000000000000195,1.71,976.0,167.0,213.0,33.0,2444.0,153.0,5910.0,"{""type"":""MultiPoint"",""coordinates"":[]}"
000000000000000001a2,1.47,1008.0,132.0,216.0,33.0,2526.0,142.0,5923.0,"{""type"":""MultiPoint"",""coordinates"":[]}"
000000000000000001f7,0.67,785.0,224.0,38.0,33.0,2558.0,90.0,6008.0,"{""type"":""MultiPoint"",""coordinates"":[]}"
000000000000000001d2,1.31,913.0,149.0,66.0,33.0,2502.0,44.0,5971.0,"{""type"":""MultiPoint"",""coordinates"":[]}"
000000000000000001c0,0.45,977.0,152.0,88.0,33.0,2466.0,42.0,5953.0,"{""type"":""MultiPoint"",""coordinates"":[]}"
00000000000000000190,1.58,1009.0,100.0,119.0,33.0,2426.0,118.0,5905.0,"{""type"":""MultiPoint"",""coordinates"":[]}"
00000000000000000191,1.67,1009.0,221.0,198.0,33.0,2446.0,114.0,5906.0,"{""type"":""MultiPoint"",""coordinates"":[]}"
0000000000000000018d,2.39,1010.0,313.0,253.0,33.0,2355.0,218.0,5902.0,"{""type"":""MultiPoint"",""coordinates"":[]}"
000000000000000001a5,0.88,979.0,108.0,127.0,33.0,2420.0,57.0,5926.0,"{""type"":""MultiPoint"",""coordinates"":[]}"
000000000000000001d9,1.4,979.0,163.0,162.0,33.0,2495.0,132.0,5978.0,"{""type"":""MultiPoint"",""coordinates"":[]}"
000000000000000001fc,1.29,788.0,235.0,119.0,33.0,2481.0,139.0,6013.0,"{""type"":""MultiPoint"",""coordinates"":[]}"
00000000000000000211,2.67,788.0,200.0,33.0,33.0,2505.0,45.0,6034.0,"{""type"":""MultiPoint"",""coordinates"":[]}"
0000000000000000019c,1.78,980.0,152.0,276.0,33.0,2486.0,185.0,5917.0,"{""type"":""MultiPoint"",""coordinates"":[]}"
0000000000000000019d,1.14,980.0,160.0,180.0,33.0,2513.0,63.0,5918.0,"{""type"":""MultiPoint"",""coordinates"":[]}"
000000000000000001cb,1.76,1012.0,230.0,209.0,33.0,2446.0,163.0,5964.0,"{""type"":""MultiPoint"",""coordinates"":[]}"
0000000000000000020b,2.23,789.0,250.0,219.0,33.0,2454.0,218.0,6028.0,"{""type"":""MultiPoint"",""coordinates"":[]}"
000000000000000001d3,0.54,917.0,26.0,112.0,33.0,2565.0,48.0,5972.0,"{""type"":""MultiPoint"",""coordinates"":[]}"
000000000000000001bf,0.57,949.0,62.0,110.0,33.0,2521.0,29.0,5952.0,"{""type"":""MultiPoint"",""coordinates"":[]}"
000000000000000001b1,2.85,1066.0,437.0,175.0,33.0,2093.0,286.0,5938.0,"{""type"":""MultiPoint"",""coordinates"":[]}"
000000000000000001e7,1.63,1067.0,97.0,194.0,33.0,2555.0,104.0,5992.0,"{""type"":""MultiPoint"",""coordinates"":[]}"
000000000000000001cf,0.63,918.0,106.0,133.0,33.0,2475.0,56.0,5968.0,"{""type"":""MultiPoint"",""coordinates"":[]}"
00000000000000000182,0.92,791.0,140.0,18.0,33.0,2480.0,98.0,5891.0,"{""type"":""MultiPoint"",""coordinates"":[]}"
00000000000000000183,0.99,791.0,177.0,16.0,33.0,2560.0,64.0,5892.0,"{""type"":""MultiPoint"",""coordinates"":[]}"
00000000000000000216,2.87,791.0,702.0,281.0,33.0,1942.0,417.0,6039.0,"{""type"":""MultiPoint"",""coordinates"":[]}"
000000000000000001b7,0.67,983.0,101.0,40.0,33.0,2525.0,34.0,5944.0,"{""type"":""MultiPoint"",""coordinates"":[]}"
0000000000000000018e,1.89,1015.0,172.0,263.0,33.0,2450.0,195.0,5903.0,"{""type"":""MultiPoint"",""coordinates"":[]}"
0000000000000000018f,1.85,1015.0,214.0,227.0,33.0,2448.0,177.0,5904.0,"{""type"":""MultiPoint"",""coordinates"":[]}"
000000000000000001ca,2.29,1015.0,400.0,283.0,33.0,2262.0,265.0,5963.0,"{""type"":""MultiPoint"",""coordinates"":[]}"
000000000000000001e5,1.17,1071.0,247.0,169.0,33.0,2488.0,110.0,5990.0,"{""type"":""MultiPoint"",""coordinates"":[]}"
000000000000000001cc,2.26,1016.0,219.0,181.0,33.0,2384.0,137.0,5965.0,"{""type"":""MultiPoint"",""coordinates"":[]}"
000000000000000001e0,1.68,1016.0,153.0,246.0,33.0,2426.0,180.0,5985.0,"{""type"":""MultiPoint"",""coordinates"":[]}"
00000000000000000215,2.87,761.0,454.0,440.0,33.0,2077.0,478.0,6038.0,"{""type"":""MultiPoint"",""coordinates"":[]}"
000000000000000001ce,1.21,921.0,123.0,121.0,33.0,2493.0,78.0,5967.0,"{""type"":""MultiPoint"",""coordinates"":[]}"
000000000000000001c2,0.68,953.0,81.0,131.0,33.0,2510.0,105.0,5955.0,"{""type"":""MultiPoint"",""coordinates"":[]}"
000000000000000001c7,0.85,953.0,109.0,142.0,33.0,2476.0,104.0,5960.0,"{""type"":""MultiPoint"",""coordinates"":[]}"
0000000000000000019b,1.16,985.0,143.0,184.0,33.0,2473.0,91.0,5916.0,"{""type"":""MultiPoint"",""coordinates"":[]}"
000000000000000001b6,0.87,985.0,163.0,180.0,33.0,2465.0,96.0,5943.0,"{""type"":""MultiPoint"",""coordinates"":[]}"
000000000000000001d4,0.58,922.0,64.0,138.0,33.0,2482.0,43.0,5973.0,"{""type"":""MultiPoint"",""coordinates"":[]}"
00000000000000000181,1.19,795.0,217.0,65.0,33.0,2516.0,126.0,5890.0,"{""type"":""MultiPoint"",""coordinates"":[]}"
000000000000000001df,0.61,955.0,45.0,139.0,33.0,2632.0,74.0,5984.0,"{""type"":""MultiPoint"",""coordinates"":[]}"
0000000000000000019e,0.89,987.0,142.0,142.0,33.0,2551.0,40.0,5919.0,"{""type"":""MultiPoint"",""coordinates"":[]}"
000000000000000001b0,1.46,1079.0,133.0,173.0,33.0,2456.0,144.0,5937.0,"{""type"":""MultiPoint"",""coordinates"":[]}"
000000000000000001e6,2.26,1079.0,264.0,270.0,33.0,2368.0,194.0,5991.0,"{""type"":""MultiPoint"",""coordinates"":[]}"
00000000000000000212,2.8,764.0,438.0,459.0,33.0,2086.0,476.0,6035.0,"{""type"":""MultiPoint"",""coordinates"":[]}"
00000000000000000184,2.11,796.0,119.0,27.0,33.0,2430.0,54.0,5893.0,"{""type"":""MultiPoint"",""coordinates"":[]}"
00000000000000000208,2.13,796.0,514.0,204.0,33.0,2191.0,315.0,6025.0,"{""type"":""MultiPoint"",""coordinates"":[]}"
000000000000000001a4,0.47,988.0,63.0,157.0,33.0,2557.0,55.0,5925.0,"{""type"":""MultiPoint"",""coordinates"":[]}"
00000000000000000210,2.63,765.0,309.0,328.0,33.0,2309.0,352.0,6033.0,"{""type"":""MultiPoint"",""coordinates"":[]}"
000000000000000001c4,0.58,925.0,9.0,102.0,33.0,2712.0,57.0,5957.0,"{""type"":""MultiPoint"",""coordinates"":[]}"
000000000000000001c9,0.3,925.0,14.0,99.0,33.0,2641.0,52.0,5962.0,"{""type"":""MultiPoint"",""coordinates"":[]}"
000000000000000001cd,0.69,925.0,97.0,127.0,33.0,2516.0,68.0,5966.0,"{""type"":""MultiPoint"",""coordinates"":[]}"
00000000000000000198,0.55,989.0,36.0,164.0,33.0,2507.0,25.0,5913.0,"{""type"":""MultiPoint"",""coordinates"":[]}"
00000000000000000197,1.41,990.0,89.0,125.0,33.0,2421.0,40.0,5912.0,"{""type"":""MultiPoint"",""coordinates"":[]}"
000000000000000001af,0.73,1085.0,192.0,111.0,33.0,2497.0,88.0,5936.0,"{""type"":""MultiPoint"",""coordinates"":[]}"
000000000000000001d5,0.63,927.0,81.0,150.0,33.0,2545.0,72.0,5974.0,"{""type"":""MultiPoint"",""coordinates"":[]}"
000000000000000001de,0.61,959.0,120.0,145.0,33.0,2591.0,55.0,5983.0,"{""type"":""MultiPoint"",""coordinates"":[]}"
000000000000000001e1,2.69,1023.0,339.0,332.0,33.0,2312.0,256.0,5986.0,"{""type"":""MultiPoint"",""coordinates"":[]}"
000000000000000001ad,1.45,1087.0,158.0,92.0,33.0,2572.0,72.0,5934.0,"{""type"":""MultiPoint"",""coordinates"":[]}"
000000000000000011de,1.33,672.0,153.0,55.0,35.0,2533.0,55.0,2004.0,"{""type"":""MultiPoint"",""coordinates"":[]}"
000000000000000011f1,1.68,672.0,275.0,-14.0,35.0,2467.0,7.0,2023.0,"{""type"":""MultiPoint"",""coordinates"":[]}"
000000000000000011ea,0.15,673.0,17.0,20.0,35.0,2546.0,27.0,2016.0,"{""type"":""MultiPoint"",""coordinates"":[]}"
000000000000000011ce,2.37,674.0,271.0,192.0,35.0,2470.0,199.0,1988.0,"{""type"":""MultiPoint"",""coordinates"":[]}"
000000000000000011cf,2.64,674.0,128.0,203.0,35.0,2551.0,171.0,1989.0,"{""type"":""MultiPoint"",""coordinates"":[]}"
000000000000000011cd,0.84,677.0,144.0,128.0,35.0,2547.0,106.0,1987.0,"{""type"":""MultiPoint"",""coordinates"":[]}"
000000000000000011d0,1.54,678.0,164.0,88.0,35.0,2490.0,104.0,1990.0,"{""type"":""MultiPoint"",""coordinates"":[]}"
000000000000000011e9,2.45,678.0,130.0,264.0,35.0,2456.0,279.0,2015.0,"{""type"":""MultiPoint"",""coordinates"":[]}"
000000000000000011ee,1.13,679.0,279.0,48.0,35.0,2339.0,133.0,2020.0,"{""type"":""MultiPoint"",""coordinates"":[]}"
000000000000000011d1,2.27,680.0,231.0,177.0,35.0,2494.0,161.0,1991.0,"{""type"":""MultiPoint"",""coordinates"":[]}"
000000000000000011d2,1.28,680.0,221.0,46.0,35.0,2608.0,84.0,1992.0,"{""type"":""MultiPoint"",""coordinates"":[]}"
000000000000000011ef,2.45,680.0,395.0,287.0,35.0,2203.0,361.0,2021.0,"{""type"":""MultiPoint"",""coordinates"":[]}"
000000000000000011da,1.86,553.0,212.0,236.0,35.0,2302.0,308.0,2000.0,"{""type"":""MultiPoint"",""coordinates"":[]}"
000000000000000011db,2.51,586.0,552.0,355.0,35.0,2066.0,415.0,2001.0,"{""type"":""MultiPoint"",""coordinates"":[]}"
000000000000000011ec,2.93,650.0,344.0,279.0,35.0,2226.0,305.0,2018.0,"{""type"":""MultiPoint"",""coordinates"":[]}"
000000000000000011f0,2.88,682.0,203.0,345.0,35.0,2239.0,408.0,2022.0,"{""type"":""MultiPoint"",""coordinates"":[]}"
000000000000000011d7,2.82,651.0,563.0,225.0,35.0,2063.0,378.0,1997.0,"{""type"":""MultiPoint"",""coordinates"":[]}"
000000000000000011e0,2.65,556.0,356.0,293.0,35.0,2109.0,356.0,2006.0,"{""type"":""MultiPoint"",""coordinates"":[]}"
000000000000000011d4,1.34,684.0,295.0,149.0,35.0,2335.0,199.0,1994.0,"{""type"":""MultiPoint"",""coordinates"":[]}"
000000000000000011fd,1.91,844.0,-19.0,107.0,35.0,2495.0,82.0,2035.0,"{""type"":""MultiPoint"",""coordinates"":[]}"
000000000000000011e4,2.08,525.0,350.0,108.0,35.0,2356.0,244.0,2010.0,"{""type"":""MultiPoint"",""coordinates"":[]}"
000000000000000011ed,2.68,653.0,288.0,312.0,35.0,2186.0,355.0,2019.0,"{""type"":""MultiPoint"",""coordinates"":[]}"
000000000000000011d9,2.68,558.0,328.0,280.0,35.0,2071.0,366.0,1999.0,"{""type"":""MultiPoint"",""coordinates"":[]}"
000000000000000011f2,2.46,655.0,350.0,106.0,35.0,2405.0,116.0,2024.0,"{""type"":""MultiPoint"",""coordinates"":[]}"
000000000000000011d8,2.78,561.0,370.0,358.0,35.0,2167.0,401.0,1998.0,"{""type"":""MultiPoint"",""coordinates"":[]}"
000000000000000011d5,2.94,657.0,533.0,217.0,35.0,2084.0,315.0,1995.0,"{""type"":""MultiPoint"",""coordinates"":[]}"
000000000000000011dc,1.14,594.0,208.0,73.0,35.0,2435.0,164.0,2002.0,"{""type"":""MultiPoint"",""coordinates"":[]}"
000000000000000011d6,2.58,658.0,465.0,140.0,35.0,2201.0,239.0,1996.0,"{""type"":""MultiPoint"",""coordinates"":[]}"
000000000000000011f7,1.76,882.0,63.0,21.0,35.0,2534.0,44.0,2029.0,"{""type"":""MultiPoint"",""coordinates"":[]}"
000000000000000011dd,2.81,659.0,420.0,255.0,35.0,2215.0,341.0,2003.0,"{""type"":""MultiPoint"",""coordinates"":[]}"
000000000000000011f8,0.07,883.0,-5.0,-11.0,35.0,2529.0,23.0,2030.0,"{""type"":""MultiPoint"",""coordinates"":[]}"
000000000000000011f9,2.84,883.0,516.0,135.0,35.0,2021.0,297.0,2031.0,"{""type"":""MultiPoint"",""coordinates"":[]}"
000000000000000011fc,1.16,883.0,82.0,43.0,35.0,2438.0,92.0,2034.0,"{""type"":""MultiPoint"",""coordinates"":[]}"
000000000000000011e3,2.23,535.0,367.0,317.0,35.0,2069.0,470.0,2009.0,"{""type"":""MultiPoint"",""coordinates"":[]}"
000000000000000011e2,2.57,539.0,537.0,283.0,35.0,1980.0,431.0,2008.0,"{""type"":""MultiPoint"",""coordinates"":[]}"
000000000000000011fb,2.62,892.0,388.0,19.0,35.0,2289.0,198.0,2033.0,"{""type"":""MultiPoint"",""coordinates"":[]}"
000000000000000011eb,2.4,669.0,225.0,223.0,35.0,2300.0,259.0,2017.0,"{""type"":""MultiPoint"",""coordinates"":[]}"
000000000000000011fa,1.21,893.0,-40.0,7.0,35.0,2524.0,33.0,2032.0,"{""type"":""MultiPoint"",""coordinates"":[]}"
000000000000000011e1,2.58,542.0,321.0,298.0,35.0,2193.0,409.0,2007.0,"{""type"":""MultiPoint"",""coordinates"":[]}"
00000000000000000420,0.68,92.0,-48.0,-54.0,37.0,3109.0,-33.0,6561.0,"{""type"":""MultiPoint"",""coordinates"":[]}"
00000000000000001e83,1.78,96.0,36.0,178.0,37.0,2784.0,205.0,5275.0,"{""type"":""MultiPoint"",""coordinates"":[]}"
00000000000000001e85,0.76,96.0,-22.0,28.0,37.0,2857.0,50.0,5277.0,"{""type"":""MultiPoint"",""coordinates"":[]}"
00000000000000001e92,1.03,144.0,70.0,-28.0,37.0,3039.0,-19.0,5290.0,"{""type"":""MultiPoint"",""coordinates"":[]}"
00000000000000001eb8,0.5,168.0,105.0,53.0,37.0,2942.0,49.0,5328.0,"{""type"":""MultiPoint"",""coordinates"":[]}"
00000000000000001eba,1.0,168.0,65.0,71.0,37.0,3141.0,69.0,5330.0,"{""type"":""MultiPoint"",""coordinates"":[]}"
00000000000000001ebb,0.73,168.0,114.0,85.0,37.0,2997.0,62.0,5331.0,"{""type"":""MultiPoint"",""coordinates"":[]}"
00000000000000001ebc,1.06,168.0,117.0,40.0,37.0,2985.0,15.0,5332.0,"{""type"":""MultiPoint"",""coordinates"":[]}"
00000000000000001ebd,0.31,168.0,44.0,66.0,37.0,2921.0,46.0,5333.0,"{""type"":""MultiPoint"",""coordinates"":[]}"
00000000000000001ec3,0.46,168.0,-35.0,61.0,37.0,3046.0,62.0,5339.0,"{""type"":""MultiPoint"",""coordinates"":[]}"
00000000000000001ec4,0.42,168.0,122.0,76.0,37.0,2838.0,65.0,5340.0,"{""type"":""MultiPoint"",""coordinates"":[]}"
00000000000000001ec5,1.37,168.0,115.0,94.0,37.0,2908.0,58.0,5341.0,"{""type"":""MultiPoint"",""coordinates"":[]}"
00000000000000001ec6,0.81,168.0,78.0,77.0,37.0,2897.0,55.0,5342.0,"{""type"":""MultiPoint"",""coordinates"":[]}"
00000000000000001ec7,1.05,168.0,69.0,80.0,37.0,2930.0,50.0,5343.0,"{""type"":""MultiPoint"",""coordinates"":[]}"
000000000000000016fa,1.25,480.0,345.0,200.0,37.0,2345.0,226.0,3346.0,"{""type"":""MultiPoint"",""coordinates"":[]}"
00000000000000001724,1.25,480.0,343.0,199.0,37.0,2347.0,225.0,3388.0,"{""type"":""MultiPoint"",""coordinates"":[]}"
00000000000000001644,0.95,544.0,366.0,-183.0,37.0,2815.0,-213.0,3164.0,"{""type"":""MultiPoint"",""coordinates"":[]}"
00000000000000001b18,0.41,576.0,135.0,35.0,37.0,2562.0,110.0,4400.0,"{""type"":""MultiPoint"",""coordinates"":[]}"
0000000000000000158b,1.81,608.0,-47.0,83.0,37.0,2541.0,83.0,2945.0,"{""type"":""MultiPoint"",""coordinates"":[]}"
000000000000000016cc,0.66,608.0,62.0,2.0,37.0,2527.0,33.0,3300.0,"{""type"":""MultiPoint"",""coordinates"":[]}"
00000000000000001b55,1.57,608.0,129.0,184.0,37.0,2503.0,201.0,4461.0,"{""type"":""MultiPoint"",""coordinates"":[]}"
00000000000000001b86,0.08,608.0,93.0,71.0,37.0,2716.0,88.0,4510.0,"{""type"":""MultiPoint"",""coordinates"":[]}"
00000000000000001c54,1.3,608.0,44.0,36.0,37.0,2351.0,34.0,4716.0,"{""type"":""MultiPoint"",""coordinates"":[]}"
00000000000000001a77,2.05,640.0,51.0,98.0,37.0,2298.0,108.0,4239.0,"{""type"":""MultiPoint"",""coordinates"":[]}"
00000000000000001a8a,0.32,640.0,164.0,114.0,37.0,2295.0,153.0,4258.0,"{""type"":""MultiPoint"",""coordinates"":[]}"
00000000000000001bb3,0.28,640.0,-2.0,40.0,37.0,2331.0,23.0,4555.0,"{""type"":""MultiPoint"",""coordinates"":[]}"
00000000000000001d12,2.77,640.0,463.0,365.0,37.0,2121.0,500.0,4906.0,"{""type"":""MultiPoint"",""coordinates"":[]}"
000000000000000016b0,0.86,672.0,129.0,177.0,37.0,2676.0,271.0,3272.0,"{""type"":""MultiPoint"",""coordinates"":[]}"
00000000000000001bb5,1.23,672.0,45.0,49.0,37.0,2457.0,43.0,4557.0,"{""type"":""MultiPoint"",""coordinates"":[]}"
000000000000000016b2,0.78,736.0,169.0,128.0,37.0,2569.0,193.0,3274.0,"{""type"":""MultiPoint"",""coordinates"":[]}"
00000000000000001c22,2.35,736.0,223.0,313.0,37.0,2562.0,388.0,4666.0,"{""type"":""MultiPoint"",""coordinates"":[]}"
00000000000000001663,0.59,768.0,81.0,47.0,37.0,2443.0,60.0,3195.0,"{""type"":""MultiPoint"",""coordinates"":[]}"
00000000000000001679,2.1,768.0,107.0,209.0,37.0,2349.0,185.0,3217.0,"{""type"":""MultiPoint"",""coordinates"":[]}"
0000000000000000169c,2.04,768.0,77.0,182.0,37.0,2321.0,162.0,3252.0,"{""type"":""MultiPoint"",""coordinates"":[]}"
000000000000000016b3,1.76,768.0,124.0,184.0,37.0,2588.0,216.0,3275.0,"{""type"":""MultiPoint"",""coordinates"":[]}"
000000000000000016e3,0.1,768.0,11.0,12.0,37.0,2773.0,63.0,3323.0,"{""type"":""MultiPoint"",""coordinates"":[]}"
00000000000000000438,1.94,864.0,296.0,186.0,37.0,2748.0,201.0,6585.0,"{""type"":""MultiPoint"",""coordinates"":[]}"
00000000000000000446,0.69,928.0,151.0,86.0,37.0,2500.0,128.0,6599.0,"{""type"":""MultiPoint"",""coordinates"":[]}"
00000000000000000449,1.88,928.0,300.0,238.0,37.0,2572.0,300.0,6602.0,"{""type"":""MultiPoint"",""coordinates"":[]}"
00000000000000001621,1.16,513.0,78.0,155.0,37.0,2378.0,159.0,3129.0,"{""type"":""MultiPoint"",""coordinates"":[]}"
00000000000000001add,1.09,513.0,100.0,74.0,37.0,2443.0,74.0,4341.0,"{""type"":""MultiPoint"",""coordinates"":[]}"
00000000000000001ae0,1.1,513.0,145.0,87.0,37.0,2413.0,118.0,4344.0,"{""type"":""MultiPoint"",""coordinates"":[]}"
00000000000000001ae7,1.19,513.0,251.0,151.0,37.0,2388.0,224.0,4351.0,"{""type"":""MultiPoint"",""coordinates"":[]}"
00000000000000001b25,1.72,577.0,86.0,125.0,37.0,2399.0,216.0,4413.0,"{""type"":""MultiPoint"",""coordinates"":[]}"
00000000000000001b2d,1.48,577.0,245.0,190.0,37.0,2423.0,304.0,4421.0,"{""type"":""MultiPoint"",""coordinates"":[]}"
00000000000000001b5c,1.02,609.0,129.0,149.0,37.0,2395.0,203.0,4468.0,"{""type"":""MultiPoint"",""coordinates"":[]}"
00000000000000001b7e,1.29,609.0,10.0,8.0,37.0,2487.0,17.0,4502.0,"{""type"":""MultiPoint"",""coordinates"":[]}"
00000000000000001d05,0.14,609.0,235.0,266.0,37.0,2594.0,302.0,4893.0,"{""type"":""MultiPoint"",""coordinates"":[]}"
00000000000000001a7c,2.05,641.0,105.0,114.0,37.0,2220.0,137.0,4244.0,"{""type"":""MultiPoint"",""coordinates"":[]}"
00000000000000001a7e,0.21,641.0,26.0,30.0,37.0,2441.0,40.0,4246.0,"{""type"":""MultiPoint"",""coordinates"":[]}"
00000000000000001a8b,2.29,641.0,318.0,127.0,37.0,2248.0,237.0,4259.0,"{""type"":""MultiPoint"",""coordinates"":[]}"
00000000000000001a8e,0.61,641.0,106.0,13.0,37.0,2275.0,21.0,4262.0,"{""type"":""MultiPoint"",""coordinates"":[]}"
00000000000000001a9c,1.77,641.0,542.0,315.0,37.0,2057.0,489.0,4276.0,"{""type"":""MultiPoint"",""coordinates"":[]}"
00000000000000001c46,1.14,641.0,148.0,72.0,37.0,2497.0,125.0,4702.0,"{""type"":""MultiPoint"",""coordinates"":[]}"
00000000000000001c4d,2.98,641.0,253.0,403.0,37.0,2170.0,479.0,4709.0,"{""type"":""MultiPoint"",""coordinates"":[]}"
00000000000000000001,2.82,673.0,322.0,233.0,37.0,2230.0,341.0,2950.0,"{""type"":""MultiPoint"",""coordinates"":[]}"
00000000000000001bb4,1.67,673.0,163.0,152.0,37.0,2379.0,165.0,4556.0,"{""type"":""MultiPoint"",""coordinates"":[]}"
000000000000000016c4,2.56,737.0,301.0,334.0,37.0,2330.0,449.0,3292.0,"{""type"":""MultiPoint"",""coordinates"":[]}"
0000000000000000165a,0.52,769.0,43.0,89.0,37.0,2347.0,95.0,3186.0,"{""type"":""MultiPoint"",""coordinates"":[]}"
00000000000000001695,1.09,769.0,-115.0,-26.0,37.0,2496.0,-4.0,3245.0,"{""type"":""MultiPoint"",""coordinates"":[]}"
00000000000000000435,0.93,865.0,276.0,130.0,37.0,2541.0,126.0,6582.0,"{""type"":""MultiPoint"",""coordinates"":[]}"
00000000000000000425,2.24,1027.0,189.0,195.0,37.0,2497.0,325.0,6566.0,"{""type"":""MultiPoint"",""coordinates"":[]}"
000000000000000016f7,1.51,481.0,275.0,127.0,37.0,2277.0,178.0,3343.0,"{""type"":""MultiPoint"",""coordinates"":[]}"
00000000000000001b17,1.33,578.0,14.0,-21.0,37.0,2306.0,22.0,4399.0,"{""type"":""MultiPoint"",""coordinates"":[]}"
0000000000000000158e,0.92,642.0,51.0,100.0,37.0,2557.0,70.0,2948.0,"{""type"":""MultiPoint"",""coordinates"":[]}"
00000000000000001d00,2.77,642.0,379.0,244.0,37.0,2336.0,323.0,4888.0,"{""type"":""MultiPoint"",""coordinates"":[]}"
00000000000000001d01,2.91,642.0,451.0,334.0,37.0,2104.0,507.0,4889.0,"{""type"":""MultiPoint"",""coordinates"":[]}"
00000000000000001d0a,1.76,642.0,350.0,216.0,37.0,2493.0,264.0,4898.0,"{""type"":""MultiPoint"",""coordinates"":[]}"
00000000000000000004,1.29,706.0,107.0,74.0,37.0,2469.0,90.0,2953.0,"{""type"":""MultiPoint"",""coordinates"":[]}"
000000000000000016bb,1.8,706.0,253.0,264.0,37.0,2485.0,297.0,3283.0,"{""type"":""MultiPoint"",""coordinates"":[]}"
00000000000000001c3f,2.39,706.0,393.0,388.0,37.0,2179.0,486.0,4695.0,"{""type"":""MultiPoint"",""coordinates"":[]}"
00000000000000001648,0.57,770.0,-11.0,32.0,37.0,2352.0,52.0,3168.0,"{""type"":""MultiPoint"",""coordinates"":[]}"
0000000000000000164c,1.84,770.0,-5.0,83.0,37.0,2299.0,84.0,3172.0,"{""type"":""MultiPoint"",""coordinates"":[]}"
00000000000000001683,0.07,770.0,-34.0,10.0,37.0,2669.0,7.0,3227.0,"{""type"":""MultiPoint"",""coordinates"":[]}"
00000000000000001aca,0.98,770.0,256.0,97.0,37.0,2511.0,129.0,4322.0,"{""type"":""MultiPoint"",""coordinates"":[]}"
00000000000000001aaa,0.34,834.0,80.0,18.0,37.0,2377.0,26.0,4290.0,"{""type"":""MultiPoint"",""coordinates"":[]}"
00000000000000001aae,1.59,834.0,68.0,12.0,37.0,2376.0,18.0,4294.0,"{""type"":""MultiPoint"",""coordinates"":[]}"
00000000000000000428,2.41,1028.0,106.0,215.0,37.0,2531.0,339.0,6569.0,"{""type"":""MultiPoint"",""coordinates"":[]}"
00000000000000001b10,1.77,579.0,212.0,181.0,37.0,2363.0,313.0,4392.0,"{""type"":""MultiPoint"",""coordinates"":[]}"
00000000000000001b22,0.95,579.0,65.0,7.0,37.0,2424.0,47.0,4410.0,"{""type"":""MultiPoint"",""coordinates"":[]}"
00000000000000001b53,2.07,611.0,267.0,234.0,37.0,2344.0,326.0,4459.0,"{""type"":""MultiPoint"",""coordinates"":[]}"
00000000000000001b76,0.86,611.0,42.0,15.0,37.0,2267.0,45.0,4494.0,"{""type"":""MultiPoint"",""coordinates"":[]}"
00000000000000001ba3,1.08,611.0,130.0,110.0,37.0,2567.0,118.0,4539.0,"{""type"":""MultiPoint"",""coordinates"":[]}"
00000000000000001a76,1.31,643.0,31.0,50.0,37.0,2298.0,53.0,4238.0,"{""type"":""MultiPoint"",""coordinates"":[]}"
00000000000000001a9a,0.62,643.0,347.0,167.0,37.0,2251.0,267.0,4274.0,"{""type"":""MultiPoint"",""coordinates"":[]}"
00000000000000001cff,2.72,643.0,438.0,312.0,37.0,2386.0,360.0,4887.0,"{""type"":""MultiPoint"",""coordinates"":[]}"
00000000000000000003,0.76,707.0,28.0,53.0,37.0,2488.0,53.0,2952.0,"{""type"":""MultiPoint"",""coordinates"":[]}"
00000000000000001688,1.97,771.0,124.0,271.0,37.0,2358.0,258.0,3232.0,"{""type"":""MultiPoint"",""coordinates"":[]}"
00000000000000001689,2.07,771.0,95.0,148.0,37.0,2515.0,171.0,3233.0,"{""type"":""MultiPoint"",""coordinates"":[]}"
00000000000000000447,1.45,931.0,270.0,186.0,37.0,2530.0,219.0,6600.0,"{""type"":""MultiPoint"",""coordinates"":[]}"
00000000000000001e8a,0.67,145.0,3.0,11.0,37.0,2970.0,6.0,5282.0,"{""type"":""MultiPoint"",""coordinates"":[]}"
00000000000000001e8b,0.61,145.0,-35.0,-8.0,37.0,3033.0,7.0,5283.0,"{""type"":""MultiPoint"",""coordinates"":[]}"
00000000000000001e8d,1.47,145.0,102.0,97.0,37.0,3035.0,86.0,5285.0,"{""type"":""MultiPoint"",""coordinates"":[]}"
00000000000000001e8e,0.85,145.0,80.0,12.0,37.0,3058.0,7.0,5286.0,"{""type"":""MultiPoint"",""coordinates"":[]}"
00000000000000001e8f,2.08,145.0,-96.0,-28.0,37.0,3088.0,4.0,5287.0,"{""type"":""MultiPoint"",""coordinates"":[]}"
00000000000000001e91,2.09,145.0,-26.0,-55.0,37.0,3139.0,-27.0,5289.0,"{""type"":""MultiPoint"",""coordinates"":[]}"
00000000000000001e93,1.56,145.0,-127.0,15.0,37.0,3082.0,20.0,5291.0,"{""type"":""MultiPoint"",""coordinates"":[]}"
00000000000000001ec2,0.67,169.0,28.0,100.0,37.0,3014.0,51.0,5338.0,"{""type"":""MultiPoint"",""coordinates"":[]}"
00000000000000001620,0.13,466.0,33.0,21.0,37.0,2464.0,29.0,3128.0,"{""type"":""MultiPoint"",""coordinates"":[]}"
000000000000000016f2,0.9,482.0,177.0,64.0,37.0,2478.0,87.0,3338.0,"{""type"":""MultiPoint"",""coordinates"":[]}"
0000000000000000171d,0.9,482.0,178.0,64.0,37.0,2476.0,86.0,3381.0,"{""type"":""MultiPoint"",""coordinates"":[]}"
00000000000000001627,1.5,498.0,158.0,94.0,37.0,2404.0,136.0,3135.0,"{""type"":""MultiPoint"",""coordinates"":[]}"
00000000000000001635,0.55,548.0,6.0,-6.0,37.0,2550.0,-6.0,3149.0,"{""type"":""MultiPoint"",""coordinates"":[]}"
00000000000000001b26,0.87,580.0,35.0,-17.0,37.0,2647.0,11.0,4414.0,"{""type"":""MultiPoint"",""coordinates"":[]}"
00000000000000001b27,1.02,580.0,83.0,14.0,37.0,2649.0,78.0,4415.0,"{""type"":""MultiPoint"",""coordinates"":[]}"
0000000000000000158c,1.4,612.0,30.0,74.0,37.0,2568.0,73.0,2946.0,"{""type"":""MultiPoint"",""coordinates"":[]}"
00000000000000001b8f,0.73,612.0,84.0,60.0,37.0,2315.0,69.0,4519.0,"{""type"":""MultiPoint"",""coordinates"":[]}"
00000000000000001c4b,1.12,612.0,62.0,74.0,37.0,2438.0,85.0,4707.0,"{""type"":""MultiPoint"",""coordinates"":[]}"
00000000000000001a40,2.04,644.0,495.0,278.0,37.0,2218.0,412.0,4184.0,"{""type"":""MultiPoint"",""coordinates"":[]}"
00000000000000001a7f,1.33,644.0,68.0,129.0,37.0,2331.0,114.0,4247.0,"{""type"":""MultiPoint"",""coordinates"":[]}"
00000000000000001a85,1.94,644.0,33.0,82.0,37.0,2263.0,69.0,4253.0,"{""type"":""MultiPoint"",""coordinates"":[]}"
00000000000000001a93,1.79,644.0,320.0,193.0,37.0,2344.0,284.0,4267.0,"{""type"":""MultiPoint"",""coordinates"":[]}"
00000000000000001ba0,0.52,644.0,13.0,40.0,37.0,2388.0,34.0,4536.0,"{""type"":""MultiPoint"",""coordinates"":[]}"
00000000000000001c38,1.67,644.0,187.0,171.0,37.0,2451.0,213.0,4688.0,"{""type"":""MultiPoint"",""coordinates"":[]}"
00000000000000001d02,2.59,644.0,298.0,162.0,37.0,2414.0,294.0,4890.0,"{""type"":""MultiPoint"",""coordinates"":[]}"
00000000000000001bb8,1.37,676.0,42.0,36.0,37.0,2322.0,28.0,4560.0,"{""type"":""MultiPoint"",""coordinates"":[]}"
000000000000000016eb,1.33,708.0,11.0,38.0,37.0,2303.0,43.0,3331.0,"{""type"":""MultiPoint"",""coordinates"":[]}"
00000000000000001c40,2.32,708.0,60.0,275.0,37.0,2362.0,241.0,4696.0,"{""type"":""MultiPoint"",""coordinates"":[]}"
000000000000000016a2,0.61,740.0,58.0,96.0,37.0,2573.0,126.0,3258.0,"{""type"":""MultiPoint"",""coordinates"":[]}"
00000000000000001cf8,2.88,740.0,559.0,175.0,37.0,2002.0,360.0,4880.0,"{""type"":""MultiPoint"",""coordinates"":[]}"
000000000000000016e5,1.66,772.0,-37.0,128.0,37.0,2664.0,136.0,3325.0,"{""type"":""MultiPoint"",""coordinates"":[]}"
00000000000000001aa4,1.93,804.0,11.0,145.0,37.0,2402.0,84.0,4284.0,"{""type"":""MultiPoint"",""coordinates"":[]}"
0000000000000000043a,1.8,868.0,281.0,193.0,37.0,2677.0,205.0,6587.0,"{""type"":""MultiPoint"",""coordinates"":[]}"
00000000000000000756,0.32,868.0,105.0,144.0,37.0,2822.0,144.0,7383.0,"{""type"":""MultiPoint"",""coordinates"":[]}"
00000000000000001b28,2.46,581.0,-41.0,150.0,37.0,2297.0,148.0,4416.0,"{""type"":""MultiPoint"",""coordinates"":[]}"
00000000000000001b30,3.0,581.0,476.0,254.0,37.0,2219.0,439.0,4424.0,"{""type"":""MultiPoint"",""coordinates"":[]}"
00000000000000001b59,0.04,613.0,36.0,9.0,37.0,2400.0,21.0,4465.0,"{""type"":""MultiPoint"",""coordinates"":[]}"
00000000000000001d06,0.47,613.0,314.0,160.0,37.0,2587.0,222.0,4894.0,"{""type"":""MultiPoint"",""coordinates"":[]}"
00000000000000001a87,2.12,645.0,321.0,306.0,37.0,2269.0,409.0,4255.0,"{""type"":""MultiPoint"",""coordinates"":[]}"
00000000000000001c32,1.72,645.0,214.0,186.0,37.0,2531.0,233.0,4682.0,"{""type"":""MultiPoint"",""coordinates"":[]}"
00000000000000001c39,2.43,645.0,247.0,334.0,37.0,2365.0,373.0,4689.0,"{""type"":""MultiPoint"",""coordinates"":[]}"
000000000000000016d4,0.83,677.0,149.0,19.0,37.0,2274.0,59.0,3308.0,"{""type"":""MultiPoint"",""coordinates"":[]}"
000000000000000016d8,2.2,677.0,41.0,139.0,37.0,2341.0,121.0,3312.0,"{""type"":""MultiPoint"",""coordinates"":[]}"
000000000000000016a1,0.32,709.0,62.0,88.0,37.0,2531.0,122.0,3257.0,"{""type"":""MultiPoint"",""coordinates"":[]}"
00000000000000001c2b,2.08,709.0,121.0,297.0,37.0,2406.0,339.0,4675.0,"{""type"":""MultiPoint"",""coordinates"":[]}"
00000000000000001651,1.13,741.0,53.0,79.0,37.0,2320.0,81.0,3177.0,"{""type"":""MultiPoint"",""coordinates"":[]}"
000000000000000016a6,0.43,741.0,159.0,90.0,37.0,2731.0,134.0,3262.0,"{""type"":""MultiPoint"",""coordinates"":[]}"
00000000000000001cfb,2.98,741.0,615.0,233.0,37.0,1924.0,492.0,4883.0,"{""type"":""MultiPoint"",""coordinates"":[]}"
00000000000000001696,2.51,773.0,292.0,372.0,37.0,2184.0,403.0,3246.0,"{""type"":""MultiPoint"",""coordinates"":[]}"
00000000000000001aa0,1.12,773.0,123.0,104.0,37.0,2504.0,118.0,4280.0,"{""type"":""MultiPoint"",""coordinates"":[]}"
000000000000000016a7,1.7,805.0,-2.0,169.0,37.0,2531.0,166.0,3263.0,"{""type"":""MultiPoint"",""coordinates"":[]}"
00000000000000001aa6,1.76,837.0,50.0,9.0,37.0,2374.0,12.0,4286.0,"{""type"":""MultiPoint"",""coordinates"":[]}"
000000000000000016f4,0.88,419.0,66.0,-2.0,37.0,2385.0,6.0,3340.0,"{""type"":""MultiPoint"",""coordinates"":[]}"
00000000000000001707,2.63,419.0,788.0,291.0,37.0,1945.0,447.0,3359.0,"{""type"":""MultiPoint"",""coordinates"":[]}"
0000000000000000171f,0.88,419.0,66.0,-2.0,37.0,2386.0,6.0,3383.0,"{""type"":""MultiPoint"",""coordinates"":[]}"
00000000000000001730,2.63,419.0,785.0,293.0,37.0,1946.0,451.0,3400.0,"{""type"":""MultiPoint"",""coordinates"":[]}"
00000000000000001af7,0.61,518.0,66.0,107.0,37.0,2423.0,110.0,4367.0,"{""type"":""MultiPoint"",""coordinates"":[]}"
00000000000000001b14,1.33,582.0,-2.0,6.0,37.0,2275.0,29.0,4396.0,"{""type"":""MultiPoint"",""coordinates"":[]}"
00000000000000001b1a,1.29,582.0,10.0,36.0,37.0,2410.0,60.0,4402.0,"{""type"":""MultiPoint"",""coordinates"":[]}"
00000000000000001c2f,0.88,614.0,160.0,79.0,37.0,2481.0,146.0,4679.0,"{""type"":""MultiPoint"",""coordinates"":[]}"
00000000000000001d0c,2.36,614.0,445.0,298.0,37.0,2380.0,333.0,4900.0,"{""type"":""MultiPoint"",""coordinates"":[]}"
000000000000000016c2,1.75,646.0,334.0,299.0,37.0,2246.0,422.0,3290.0,"{""type"":""MultiPoint"",""coordinates"":[]}"
00000000000000001bab,1.11,646.0,-64.0,37.0,37.0,2392.0,45.0,4547.0,"{""type"":""MultiPoint"",""coordinates"":[]}"
00000000000000001ba9,2.24,678.0,95.0,163.0,37.0,2345.0,154.0,4545.0,"{""type"":""MultiPoint"",""coordinates"":[]}"
00000000000000001bbe,1.5,678.0,300.0,259.0,37.0,2390.0,316.0,4566.0,"{""type"":""MultiPoint"",""coordinates"":[]}"
00000000000000001d03,2.88,678.0,660.0,224.0,37.0,1977.0,429.0,4891.0,"{""type"":""MultiPoint"",""coordinates"":[]}"
00000000000000001c31,1.88,742.0,392.0,372.0,37.0,2464.0,430.0,4681.0,"{""type"":""MultiPoint"",""coordinates"":[]}"
00000000000000001cfc,2.98,742.0,608.0,242.0,37.0,1907.0,504.0,4884.0,"{""type"":""MultiPoint"",""coordinates"":[]}"
000000000000000016db,1.87,774.0,18.0,144.0,37.0,2771.0,174.0,3315.0,"{""type"":""MultiPoint"",""coordinates"":[]}"
000000000000000016e2,1.43,774.0,-50.0,108.0,37.0,2525.0,110.0,3322.0,"{""type"":""MultiPoint"",""coordinates"":[]}"
00000000000000000442,0.74,902.0,241.0,158.0,37.0,2538.0,201.0,6595.0,"{""type"":""MultiPoint"",""coordinates"":[]}"
0000000000000000044a,2.56,902.0,470.0,250.0,37.0,2143.0,396.0,6603.0,"{""type"":""MultiPoint"",""coordinates"":[]}"
00000000000000000429,2.56,966.0,27.0,161.0,37.0,2555.0,259.0,6570.0,"{""type"":""MultiPoint"",""coordinates"":[]}"
00000000000000000427,2.37,1036.0,54.0,83.0,37.0,2703.0,151.0,6568.0,"{""type"":""MultiPoint"",""coordinates"":[]}"
00000000000000001af1,1.22,519.0,85.0,120.0,37.0,2418.0,124.0,4361.0,"{""type"":""MultiPoint"",""coordinates"":[]}"
00000000000000001b11,1.3,583.0,82.0,70.0,37.0,2624.0,121.0,4393.0,"{""type"":""MultiPoint"",""coordinates"":[]}"
00000000000000001b16,1.19,583.0,16.0,15.0,37.0,2318.0,51.0,4398.0,"{""type"":""MultiPoint"",""coordinates"":[]}"
00000000000000001b2b,2.4,583.0,-63.0,334.0,37.0,2354.0,247.0,4419.0,"{""type"":""MultiPoint"",""coordinates"":[]}"
00000000000000001b31,2.17,583.0,192.0,245.0,37.0,2491.0,327.0,4425.0,"{""type"":""MultiPoint"",""coordinates"":[]}"
0000000000000000046e,1.68,615.0,229.0,162.0,37.0,2428.0,258.0,6639.0,"{""type"":""MultiPoint"",""coordinates"":[]}"
00000000000000001c53,0.93,615.0,63.0,13.0,37.0,2348.0,29.0,4715.0,"{""type"":""MultiPoint"",""coordinates"":[]}"
00000000000000001a8f,2.67,647.0,657.0,172.0,37.0,2119.0,373.0,4263.0,"{""type"":""MultiPoint"",""coordinates"":[]}"
00000000000000000009,1.32,679.0,75.0,60.0,37.0,2422.0,85.0,2958.0,"{""type"":""MultiPoint"",""coordinates"":[]}"
000000000000000016d7,2.22,679.0,65.0,165.0,37.0,2299.0,144.0,3311.0,"{""type"":""MultiPoint"",""coordinates"":[]}"
00000000000000001b8b,1.17,679.0,258.0,202.0,37.0,2357.0,226.0,4515.0,"{""type"":""MultiPoint"",""coordinates"":[]}"
00000000000000001b8c,0.83,679.0,251.0,121.0,37.0,2401.0,170.0,4516.0,"{""type"":""MultiPoint"",""coordinates"":[]}"
00000000000000001665,1.44,743.0,-29.0,72.0,37.0,2322.0,61.0,3197.0,"{""type"":""MultiPoint"",""coordinates"":[]}"
000000000000000016ae,1.51,807.0,106.0,129.0,37.0,2609.0,184.0,3270.0,"{""type"":""MultiPoint"",""coordinates"":[]}"
00000000000000001e84,0.92,97.0,16.0,90.0,37.0,2916.0,108.0,5276.0,"{""type"":""MultiPoint"",""coordinates"":[]}"
00000000000000001e87,0.28,97.0,-16.0,-2.0,37.0,2999.0,12.0,5279.0,"{""type"":""MultiPoint"",""coordinates"":[]}"
00000000000000001e88,0.91,97.0,-28.0,24.0,37.0,3017.0,36.0,5280.0,"{""type"":""MultiPoint"",""coordinates"":[]}"
00000000000000001e8c,1.42,146.0,-80.0,27.0,37.0,3023.0,49.0,5284.0,"{""type"":""MultiPoint"",""coordinates"":[]}"
00000000000000001e90,1.37,146.0,-24.0,20.0,37.0,2876.0,55.0,5288.0,"{""type"":""MultiPoint"",""coordinates"":[]}"
00000000000000001706,2.72,468.0,386.0,348.0,37.0,1969.0,488.0,3358.0,"{""type"":""MultiPoint"",""coordinates"":[]}"
000000000000000016f6,0.69,484.0,331.0,168.0,37.0,2322.0,174.0,3342.0,"{""type"":""MultiPoint"",""coordinates"":[]}"
00000000000000001721,0.69,484.0,333.0,168.0,37.0,2324.0,173.0,3385.0,"{""type"":""MultiPoint"",""coordinates"":[]}"
0000000000000000162f,1.21,500.0,-6.0,59.0,37.0,2347.0,63.0,3143.0,"{""type"":""MultiPoint"",""coordinates"":[]}"
00000000000000001ae1,1.78,520.0,199.0,205.0,37.0,2378.0,225.0,4345.0,"{""type"":""MultiPoint"",""coordinates"":[]}"
00000000000000001ae8,1.48,520.0,85.0,90.0,37.0,2324.0,90.0,4352.0,"{""type"":""MultiPoint"",""coordinates"":[]}"
00000000000000001aeb,0.38,520.0,30.0,32.0,37.0,2378.0,34.0,4355.0,"{""type"":""MultiPoint"",""coordinates"":[]}"
00000000000000001af4,0.01,520.0,70.0,-2.0,37.0,2653.0,19.0,4364.0,"{""type"":""MultiPoint"",""coordinates"":[]}"
00000000000000001b0f,0.61,584.0,5.0,15.0,37.0,2468.0,39.0,4391.0,"{""type"":""MultiPoint"",""coordinates"":[]}"
00000000000000001b2c,0.11,584.0,29.0,-7.0,37.0,2670.0,28.0,4420.0,"{""type"":""MultiPoint"",""coordinates"":[]}"
00000000000000001b33,1.94,584.0,181.0,228.0,37.0,2362.0,345.0,4427.0,"{""type"":""MultiPoint"",""coordinates"":[]}"
000000000000000016aa,0.93,616.0,94.0,117.0,37.0,2514.0,136.0,3266.0,"{""type"":""MultiPoint"",""coordinates"":[]}"
00000000000000001586,0.33,648.0,-78.0,-10.0,37.0,2674.0,-9.0,2940.0,"{""type"":""MultiPoint"",""coordinates"":[]}"
00000000000000001a7b,0.94,648.0,7.0,40.0,37.0,2344.0,16.0,4243.0,"{""type"":""MultiPoint"",""coordinates"":[]}"
00000000000000001a82,1.53,648.0,4.0,99.0,37.0,2370.0,60.0,4250.0,"{""type"":""MultiPoint"",""coordinates"":[]}"
00000000000000001c51,2.6,648.0,74.0,274.0,37.0,2660.0,245.0,4713.0,"{""type"":""MultiPoint"",""coordinates"":[]}"
00000000000000001649,0.94,744.0,-50.0,42.0,37.0,2394.0,32.0,3169.0,"{""type"":""MultiPoint"",""coordinates"":[]}"
000000000000000016c7,0.5,744.0,9.0,28.0,37.0,2629.0,32.0,3295.0,"{""type"":""MultiPoint"",""coordinates"":[]}"
0000000000000000168b,0.55,776.0,154.0,1.0,37.0,2452.0,31.0,3235.0,"{""type"":""MultiPoint"",""coordinates"":[]}"
00000000000000001693,0.03,776.0,52.0,-23.0,37.0,2564.0,10.0,3243.0,"{""type"":""MultiPoint"",""coordinates"":[]}"
000000000000000016d9,2.43,776.0,5.0,281.0,37.0,2454.0,240.0,3313.0,"{""type"":""MultiPoint"",""coordinates"":[]}"
00000000000000001aa7,1.19,840.0,72.0,57.0,37.0,2308.0,49.0,4287.0,"{""type"":""MultiPoint"",""coordinates"":[]}"
0000000000000000044c,2.8,904.0,385.0,237.0,37.0,2235.0,369.0,6605.0,"{""type"":""MultiPoint"",""coordinates"":[]}"
00000000000000001622,1.2,521.0,86.0,129.0,37.0,2412.0,158.0,3130.0,"{""type"":""MultiPoint"",""coordinates"":[]}"
0000000000000000163b,1.23,521.0,265.0,50.0,37.0,2475.0,81.0,3155.0,"{""type"":""MultiPoint"",""coordinates"":[]}"
00000000000000001645,2.96,521.0,906.0,357.0,37.0,1803.0,532.0,3165.0,"{""type"":""MultiPoint"",""coordinates"":[]}"
00000000000000001b1f,1.95,585.0,33.0,270.0,37.0,2401.0,259.0,4407.0,"{""type"":""MultiPoint"",""coordinates"":[]}"
00000000000000001c2c,0.34,585.0,23.0,13.0,37.0,2470.0,26.0,4676.0,"{""type"":""MultiPoint"",""coordinates"":[]}"
00000000000000001b52,0.99,617.0,137.0,69.0,37.0,2426.0,118.0,4458.0,"{""type"":""MultiPoint"",""coordinates"":[]}"
00000000000000001d07,2.24,617.0,481.0,277.0,37.0,2515.0,367.0,4895.0,"{""type"":""MultiPoint"",""coordinates"":[]}"
00000000000000001b8a,1.67,681.0,66.0,135.0,37.0,2452.0,155.0,4514.0,"{""type"":""MultiPoint"",""coordinates"":[]}"
00000000000000001cfa,2.23,713.0,342.0,106.0,37.0,2514.0,185.0,4882.0,"{""type"":""MultiPoint"",""coordinates"":[]}"
0000000000000000165c,0.72,777.0,77.0,79.0,37.0,2363.0,89.0,3188.0,"{""type"":""MultiPoint"",""coordinates"":[]}"
00000000000000001697,0.79,777.0,188.0,30.0,37.0,2495.0,79.0,3247.0,"{""type"":""MultiPoint"",""coordinates"":[]}"
0000000000000000169a,2.04,777.0,177.0,53.0,37.0,2563.0,64.0,3250.0,"{""type"":""MultiPoint"",""coordinates"":[]}"
0000000000000000043d,2.04,873.0,338.0,143.0,37.0,2650.0,221.0,6590.0,"{""type"":""MultiPoint"",""coordinates"":[]}"
00000000000000001630,2.02,453.0,53.0,45.0,37.0,2329.0,40.0,3144.0,"{""type"":""MultiPoint"",""coordinates"":[]}"
00000000000000001701,1.31,485.0,535.0,300.0,37.0,2206.0,324.0,3353.0,"{""type"":""MultiPoint"",""coordinates"":[]}"
0000000000000000172b,1.31,485.0,539.0,301.0,37.0,2202.0,326.0,3395.0,"{""type"":""MultiPoint"",""coordinates"":[]}"
0000000000000000161f,1.32,501.0,68.0,69.0,37.0,2416.0,105.0,3127.0,"{""type"":""MultiPoint"",""coordinates"":[]}"
00000000000000001636,1.58,501.0,219.0,90.0,37.0,2328.0,135.0,3150.0,"{""type"":""MultiPoint"",""coordinates"":[]}"
00000000000000001643,1.71,522.0,217.0,159.0,37.0,2343.0,207.0,3163.0,"{""type"":""MultiPoint"",""coordinates"":[]}"
00000000000000001ada,0.59,522.0,22.0,47.0,37.0,2294.0,55.0,4338.0,"{""type"":""MultiPoint"",""coordinates"":[]}"
00000000000000001ae4,0.29,522.0,-24.0,7.0,37.0,2408.0,18.0,4348.0,"{""type"":""MultiPoint"",""coordinates"":[]}"
00000000000000001b29,1.57,586.0,-19.0,72.0,37.0,2331.0,97.0,4417.0,"{""type"":""MultiPoint"",""coordinates"":[]}"
00000000000000001b32,2.83,586.0,8.0,301.0,37.0,2388.0,308.0,4426.0,"{""type"":""MultiPoint"",""coordinates"":[]}"
0000000000000000047f,1.17,618.0,99.0,50.0,37.0,2391.0,105.0,6656.0,"{""type"":""MultiPoint"",""coordinates"":[]}"
00000000000000001b97,2.17,618.0,111.0,120.0,37.0,2340.0,111.0,4527.0,"{""type"":""MultiPoint"",""coordinates"":[]}"
00000000000000001bc0,0.9,618.0,120.0,90.0,37.0,2411.0,101.0,4568.0,"{""type"":""MultiPoint"",""coordinates"":[]}"
000000000000000016ac,1.38,650.0,60.0,103.0,37.0,2351.0,106.0,3268.0,"{""type"":""MultiPoint"",""coordinates"":[]}"
00000000000000001ba4,0.8,650.0,29.0,43.0,37.0,2351.0,49.0,4540.0,"{""type"":""MultiPoint"",""coordinates"":[]}"
00000000000000000008,1.16,682.0,38.0,29.0,37.0,2531.0,83.0,2957.0,"{""type"":""MultiPoint"",""coordinates"":[]}"
0000000000000000000a,2.41,682.0,269.0,227.0,37.0,2311.0,285.0,2959.0,"{""type"":""MultiPoint"",""coordinates"":[]}"
0000000000000000000b,1.33,682.0,126.0,30.0,37.0,2440.0,75.0,2960.0,"{""type"":""MultiPoint"",""coordinates"":[]}"
00000000000000001b08,2.1,682.0,19.0,230.0,37.0,2349.0,226.0,4384.0,"{""type"":""MultiPoint"",""coordinates"":[]}"
00000000000000001c28,1.23,714.0,67.0,67.0,37.0,2485.0,71.0,4672.0,"{""type"":""MultiPoint"",""coordinates"":[]}"
0000000000000000168a,1.96,778.0,198.0,158.0,37.0,2477.0,173.0,3234.0,"{""type"":""MultiPoint"",""coordinates"":[]}"
00000000000000001694,0.03,778.0,28.0,-40.0,37.0,2671.0,-9.0,3244.0,"{""type"":""MultiPoint"",""coordinates"":[]}"
00000000000000001aad,1.35,778.0,10.0,177.0,37.0,2399.0,130.0,4293.0,"{""type"":""MultiPoint"",""coordinates"":[]}"
00000000000000000453,2.26,938.0,585.0,339.0,37.0,2471.0,366.0,6612.0,"{""type"":""MultiPoint"",""coordinates"":[]}"
00000000000000000431,1.16,1002.0,96.0,118.0,37.0,2682.0,132.0,6578.0,"{""type"":""MultiPoint"",""coordinates"":[]}"
00000000000000001aea,1.45,523.0,33.0,55.0,37.0,2370.0,45.0,4354.0,"{""type"":""MultiPoint"",""coordinates"":[]}"
00000000000000001a9b,2.06,651.0,773.0,373.0,37.0,1981.0,531.0,4275.0,"{""type"":""MultiPoint"",""coordinates"":[]}"
00000000000000000007,0.65,683.0,45.0,-10.0,37.0,2611.0,29.0,2956.0,"{""type"":""MultiPoint"",""coordinates"":[]}"
00000000000000001b0b,1.47,683.0,207.0,59.0,37.0,2348.0,120.0,4387.0,"{""type"":""MultiPoint"",""coordinates"":[]}"
00000000000000000005,0.73,715.0,75.0,3.0,37.0,2494.0,28.0,2954.0,"{""type"":""MultiPoint"",""coordinates"":[]}"
00000000000000001652,0.89,747.0,18.0,46.0,37.0,2296.0,45.0,3178.0,"{""type"":""MultiPoint"",""coordinates"":[]}"
00000000000000001aa9,1.46,747.0,39.0,10.0,37.0,2358.0,6.0,4289.0,"{""type"":""MultiPoint"",""coordinates"":[]}"
00000000000000001ad4,1.59,747.0,68.0,168.0,37.0,2473.0,174.0,4332.0,"{""type"":""MultiPoint"",""coordinates"":[]}"
00000000000000001ad5,0.05,747.0,52.0,-75.0,37.0,2856.0,-18.0,4333.0,"{""type"":""MultiPoint"",""coordinates"":[]}"
00000000000000001ad6,0.19,747.0,50.0,-71.0,37.0,2416.0,-30.0,4334.0,"{""type"":""MultiPoint"",""coordinates"":[]}"
00000000000000001b40,1.68,747.0,24.0,106.0,37.0,2662.0,130.0,4440.0,"{""type"":""MultiPoint"",""coordinates"":[]}"
00000000000000001cf7,2.96,747.0,600.0,159.0,37.0,1962.0,367.0,4879.0,"{""type"":""MultiPoint"",""coordinates"":[]}"
00000000000000001c30,0.81,779.0,36.0,-14.0,37.0,2657.0,21.0,4680.0,"{""type"":""MultiPoint"",""coordinates"":[]}"
00000000000000001c34,1.96,779.0,130.0,229.0,37.0,2664.0,277.0,4684.0,"{""type"":""MultiPoint"",""coordinates"":[]}"
00000000000000000753,2.59,875.0,301.0,280.0,37.0,2340.0,366.0,7380.0,"{""type"":""MultiPoint"",""coordinates"":[]}"
0000000000000000044d,2.56,907.0,429.0,188.0,37.0,2269.0,359.0,6606.0,"{""type"":""MultiPoint"",""coordinates"":[]}"
00000000000000001eaf,0.05,163.0,-115.0,-46.0,37.0,3206.0,10.0,5319.0,"{""type"":""MultiPoint"",""coordinates"":[]}"
00000000000000001eb0,0.21,163.0,18.0,-25.0,37.0,3122.0,11.0,5320.0,"{""type"":""MultiPoint"",""coordinates"":[]}"
00000000000000001eb1,0.17,163.0,-12.0,-57.0,37.0,3068.0,0.0,5321.0,"{""type"":""MultiPoint"",""coordinates"":[]}"
00000000000000001eb2,0.08,163.0,-94.0,-55.0,37.0,3107.0,6.0,5322.0,"{""type"":""MultiPoint"",""coordinates"":[]}"
00000000000000001eb3,0.08,163.0,-172.0,8.0,37.0,3205.0,11.0,5323.0,"{""type"":""MultiPoint"",""coordinates"":[]}"
000000000000000016f3,1.0,406.0,218.0,85.0,37.0,2392.0,139.0,3339.0,"{""type"":""MultiPoint"",""coordinates"":[]}"
0000000000000000171e,1.0,406.0,215.0,83.0,37.0,2396.0,136.0,3382.0,"{""type"":""MultiPoint"",""coordinates"":[]}"
000000000000000016f8,2.26,422.0,673.0,244.0,37.0,1937.0,392.0,3344.0,"{""type"":""MultiPoint"",""coordinates"":[]}"
00000000000000001722,2.26,422.0,664.0,245.0,37.0,1940.0,393.0,3386.0,"{""type"":""MultiPoint"",""coordinates"":[]}"
000000000000000016f9,1.27,438.0,352.0,154.0,37.0,2334.0,231.0,3345.0,"{""type"":""MultiPoint"",""coordinates"":[]}"
0000000000000000170a,2.45,438.0,284.0,341.0,37.0,2266.0,367.0,3362.0,"{""type"":""MultiPoint"",""coordinates"":[]}"
00000000000000001723,1.27,438.0,346.0,152.0,37.0,2333.0,228.0,3387.0,"{""type"":""MultiPoint"",""coordinates"":[]}"
00000000000000001733,2.45,438.0,284.0,342.0,37.0,2266.0,368.0,3403.0,"{""type"":""MultiPoint"",""coordinates"":[]}"
0000000000000000170d,1.52,454.0,165.0,128.0,37.0,2460.0,158.0,3365.0,"{""type"":""MultiPoint"",""coordinates"":[]}"
00000000000000001736,1.51,454.0,165.0,131.0,37.0,2462.0,162.0,3406.0,"{""type"":""MultiPoint"",""coordinates"":[]}"
0000000000000000170b,1.1,470.0,87.0,16.0,37.0,2478.0,13.0,3363.0,"{""type"":""MultiPoint"",""coordinates"":[]}"
00000000000000001734,1.1,470.0,89.0,16.0,37.0,2475.0,15.0,3404.0,"{""type"":""MultiPoint"",""coordinates"":[]}"
00000000000000001637,2.32,502.0,303.0,228.0,37.0,2305.0,290.0,3151.0,"{""type"":""MultiPoint"",""coordinates"":[]}"
00000000000000001ae3,0.84,524.0,55.0,20.0,37.0,2399.0,35.0,4347.0,"{""type"":""MultiPoint"",""coordinates"":[]}"
00000000000000001b2a,1.36,588.0,8.0,2.0,37.0,2283.0,29.0,4418.0,"{""type"":""MultiPoint"",""coordinates"":[]}"
00000000000000001b2f,2.51,588.0,-29.0,353.0,37.0,2366.0,301.0,4423.0,"{""type"":""MultiPoint"",""coordinates"":[]}"
00000000000000001b56,1.3,588.0,62.0,94.0,37.0,2453.0,105.0,4462.0,"{""type"":""MultiPoint"",""coordinates"":[]}"
0000000000000000047d,0.78,620.0,53.0,59.0,37.0,2410.0,116.0,6654.0,"{""type"":""MultiPoint"",""coordinates"":[]}"
000000000000000016b4,2.46,716.0,128.0,279.0,37.0,2420.0,301.0,3276.0,"{""type"":""MultiPoint"",""coordinates"":[]}"
00000000000000001ad3,0.81,748.0,77.0,24.0,37.0,2451.0,37.0,4331.0,"{""type"":""MultiPoint"",""coordinates"":[]}"
00000000000000001ad7,0.08,748.0,149.0,-102.0,37.0,3050.0,-72.0,4335.0,"{""type"":""MultiPoint"",""coordinates"":[]}"
0000000000000000168c,0.77,780.0,79.0,14.0,37.0,2541.0,16.0,3236.0,"{""type"":""MultiPoint"",""coordinates"":[]}"
0000000000000000168d,2.09,780.0,221.0,404.0,37.0,2427.0,362.0,3237.0,"{""type"":""MultiPoint"",""coordinates"":[]}"
00000000000000001690,0.13,780.0,37.0,-36.0,37.0,2597.0,-13.0,3240.0,"{""type"":""MultiPoint"",""coordinates"":[]}"
000000000000000016de,0.05,780.0,-7.0,16.0,37.0,2754.0,38.0,3318.0,"{""type"":""MultiPoint"",""coordinates"":[]}"
000000000000000016e0,0.23,780.0,39.0,24.0,37.0,2780.0,56.0,3320.0,"{""type"":""MultiPoint"",""coordinates"":[]}"
00000000000000000752,2.78,876.0,379.0,265.0,37.0,2326.0,408.0,7379.0,"{""type"":""MultiPoint"",""coordinates"":[]}"
00000000000000001626,0.86,525.0,130.0,44.0,37.0,2427.0,83.0,3134.0,"{""type"":""MultiPoint"",""coordinates"":[]}"
00000000000000001aee,0.11,525.0,19.0,41.0,37.0,2282.0,31.0,4358.0,"{""type"":""MultiPoint"",""coordinates"":[]}"
000000000000000016a9,1.22,589.0,164.0,62.0,37.0,2400.0,85.0,3265.0,"{""type"":""MultiPoint"",""coordinates"":[]}"
00000000000000001b4b,0.97,589.0,-20.0,2.0,37.0,2292.0,2.0,4451.0,"{""type"":""MultiPoint"",""coordinates"":[]}"
00000000000000001b5f,2.13,589.0,55.0,66.0,37.0,2291.0,71.0,4471.0,"{""type"":""MultiPoint"",""coordinates"":[]}"
00000000000000001b62,0.38,589.0,6.0,4.0,37.0,2495.0,12.0,4474.0,"{""type"":""MultiPoint"",""coordinates"":[]}"
00000000000000001b70,0.73,589.0,18.0,18.0,37.0,2365.0,19.0,4488.0,"{""type"":""MultiPoint"",""coordinates"":[]}"
00000000000000001b75,1.24,589.0,114.0,83.0,37.0,2421.0,128.0,4493.0,"{""type"":""MultiPoint"",""coordinates"":[]}"
00000000000000000482,1.07,621.0,21.0,39.0,37.0,2523.0,63.0,6659.0,"{""type"":""MultiPoint"",""coordinates"":[]}"
00000000000000000483,1.16,621.0,80.0,60.0,37.0,2522.0,127.0,6660.0,"{""type"":""MultiPoint"",""coordinates"":[]}"
000000000000000016b7,1.51,653.0,236.0,241.0,37.0,2573.0,329.0,3279.0,"{""type"":""MultiPoint"",""coordinates"":[]}"
00000000000000001a88,1.45,653.0,558.0,258.0,37.0,2168.0,454.0,4256.0,"{""type"":""MultiPoint"",""coordinates"":[]}"
00000000000000001bc1,1.5,653.0,196.0,139.0,37.0,2459.0,176.0,4569.0,"{""type"":""MultiPoint"",""coordinates"":[]}"
000000000000000016a5,1.78,717.0,111.0,98.0,37.0,2615.0,141.0,3261.0,"{""type"":""MultiPoint"",""coordinates"":[]}"
00000000000000001668,1.33,749.0,73.0,104.0,37.0,2350.0,98.0,3200.0,"{""type"":""MultiPoint"",""coordinates"":[]}"
0000000000000000167e,0.05,749.0,1.0,38.0,37.0,2564.0,52.0,3222.0,"{""type"":""MultiPoint"",""coordinates"":[]}"
000000000000000016ad,1.12,749.0,174.0,193.0,37.0,2542.0,224.0,3269.0,"{""type"":""MultiPoint"",""coordinates"":[]}"
00000000000000001b38,1.75,749.0,-21.0,232.0,37.0,2637.0,198.0,4432.0,"{""type"":""MultiPoint"",""coordinates"":[]}"
00000000000000001698,0.09,781.0,62.0,5.0,37.0,2462.0,18.0,3248.0,"{""type"":""MultiPoint"",""coordinates"":[]}"
00000000000000001699,0.16,781.0,55.0,-56.0,37.0,2649.0,-40.0,3249.0,"{""type"":""MultiPoint"",""coordinates"":[]}"
000000000000000016d0,0.53,781.0,41.0,56.0,37.0,2706.0,104.0,3304.0,"{""type"":""MultiPoint"",""coordinates"":[]}"
00000000000000001aa3,1.72,813.0,137.0,114.0,37.0,2484.0,125.0,4283.0,"{""type"":""MultiPoint"",""coordinates"":[]}"
00000000000000001aac,1.27,813.0,128.0,104.0,37.0,2541.0,103.0,4292.0,"{""type"":""MultiPoint"",""coordinates"":[]}"
00000000000000001af2,0.25,526.0,4.0,30.0,37.0,2293.0,22.0,4362.0,"{""type"":""MultiPoint"",""coordinates"":[]}"
00000000000000001b20,1.88,590.0,-5.0,66.0,37.0,2346.0,75.0,4408.0,"{""type"":""MultiPoint"",""coordinates"":[]}"
00000000000000001b66,1.82,590.0,58.0,95.0,37.0,2322.0,99.0,4478.0,"{""type"":""MultiPoint"",""coordinates"":[]}"
00000000000000001b6c,1.82,590.0,-3.0,93.0,37.0,2339.0,90.0,4484.0,"{""type"":""MultiPoint"",""coordinates"":[]}"
00000000000000001b6e,2.25,590.0,9.0,192.0,37.0,2348.0,185.0,4486.0,"{""type"":""MultiPoint"",""coordinates"":[]}"
00000000000000001b9e,0.73,590.0,-64.0,69.0,37.0,2686.0,58.0,4534.0,"{""type"":""MultiPoint"",""coordinates"":[]}"
0000000000000000047e,1.57,622.0,96.0,101.0,37.0,2423.0,150.0,6655.0,"{""type"":""MultiPoint"",""coordinates"":[]}"
00000000000000001b8d,1.1,622.0,284.0,153.0,37.0,2330.0,234.0,4517.0,"{""type"":""MultiPoint"",""coordinates"":[]}"
00000000000000001cfe,2.49,622.0,625.0,350.0,37.0,2037.0,512.0,4886.0,"{""type"":""MultiPoint"",""coordinates"":[]}"
00000000000000001a90,0.15,654.0,141.0,53.0,37.0,2620.0,68.0,4264.0,"{""type"":""MultiPoint"",""coordinates"":[]}"
00000000000000001a92,1.06,654.0,273.0,133.0,37.0,2402.0,231.0,4266.0,"{""type"":""MultiPoint"",""coordinates"":[]}"
00000000000000001b87,0.88,654.0,71.0,129.0,37.0,2415.0,159.0,4511.0,"{""type"":""MultiPoint"",""coordinates"":[]}"
00000000000000001bba,1.61,686.0,149.0,149.0,37.0,2400.0,158.0,4562.0,"{""type"":""MultiPoint"",""coordinates"":[]}"
00000000000000001bbd,0.15,686.0,75.0,73.0,37.0,2666.0,47.0,4565.0,"{""type"":""MultiPoint"",""coordinates"":[]}"
00000000000000001c44,1.9,686.0,33.0,279.0,37.0,2438.0,242.0,4700.0,"{""type"":""MultiPoint"",""coordinates"":[]}"
00000000000000001b3f,1.46,750.0,-41.0,59.0,37.0,2642.0,75.0,4439.0,"{""type"":""MultiPoint"",""coordinates"":[]}"
00000000000000001b41,2.2,750.0,161.0,259.0,37.0,2476.0,262.0,4441.0,"{""type"":""MultiPoint"",""coordinates"":[]}"
00000000000000001b42,1.63,750.0,-18.0,135.0,37.0,2554.0,135.0,4442.0,"{""type"":""MultiPoint"",""coordinates"":[]}"
00000000000000001cf5,2.96,750.0,534.0,225.0,37.0,1987.0,447.0,4877.0,"{""type"":""MultiPoint"",""coordinates"":[]}"
0000000000000000166c,1.11,782.0,181.0,157.0,37.0,2460.0,222.0,3204.0,"{""type"":""MultiPoint"",""coordinates"":[]}"
00000000000000001687,0.81,782.0,109.0,-53.0,37.0,2549.0,-2.0,3231.0,"{""type"":""MultiPoint"",""coordinates"":[]}"
0000000000000000169b,0.59,782.0,123.0,-24.0,37.0,2601.0,29.0,3251.0,"{""type"":""MultiPoint"",""coordinates"":[]}"
000000000000000016e7,0.59,782.0,63.0,106.0,37.0,2800.0,129.0,3327.0,"{""type"":""MultiPoint"",""coordinates"":[]}"
000000000000000016e9,0.13,782.0,65.0,32.0,37.0,2762.0,37.0,3329.0,"{""type"":""MultiPoint"",""coordinates"":[]}"
000000000000000016ea,2.35,782.0,203.0,293.0,37.0,2445.0,296.0,3330.0,"{""type"":""MultiPoint"",""coordinates"":[]}"
0000000000000000042d,0.32,974.0,-4.0,27.0,37.0,2627.0,15.0,6574.0,"{""type"":""MultiPoint"",""coordinates"":[]}"
00000000000000001ae2,0.82,527.0,26.0,22.0,37.0,2337.0,29.0,4346.0,"{""type"":""MultiPoint"",""coordinates"":[]}"
00000000000000001b7d,1.04,591.0,18.0,25.0,37.0,2265.0,16.0,4501.0,"{""type"":""MultiPoint"",""coordinates"":[]}"
00000000000000001b9d,0.22,623.0,-40.0,34.0,37.0,2485.0,35.0,4533.0,"{""type"":""MultiPoint"",""coordinates"":[]}"
00000000000000000000,1.22,655.0,86.0,-15.0,37.0,2673.0,38.0,2949.0,"{""type"":""MultiPoint"",""coordinates"":[]}"
00000000000000001b0d,2.06,687.0,-41.0,348.0,37.0,2358.0,294.0,4389.0,"{""type"":""MultiPoint"",""coordinates"":[]}"
00000000000000001b88,1.36,687.0,173.0,194.0,37.0,2431.0,210.0,4512.0,"{""type"":""MultiPoint"",""coordinates"":[]}"
00000000000000001c2d,1.28,687.0,12.0,0.0,37.0,2294.0,28.0,4677.0,"{""type"":""MultiPoint"",""coordinates"":[]}"
00000000000000001c23,1.7,719.0,178.0,192.0,37.0,2489.0,262.0,4667.0,"{""type"":""MultiPoint"",""coordinates"":[]}"
00000000000000001674,0.98,751.0,259.0,64.0,37.0,2397.0,125.0,3212.0,"{""type"":""MultiPoint"",""coordinates"":[]}"
00000000000000001ad8,1.58,751.0,127.0,64.0,37.0,2612.0,87.0,4336.0,"{""type"":""MultiPoint"",""coordinates"":[]}"
00000000000000001ad9,0.83,751.0,66.0,60.0,37.0,2732.0,73.0,4337.0,"{""type"":""MultiPoint"",""coordinates"":[]}"
0000000000000000168e,0.33,783.0,126.0,-24.0,37.0,2564.0,-14.0,3238.0,"{""type"":""MultiPoint"",""coordinates"":[]}"
000000000000000016cf,1.63,783.0,70.0,140.0,37.0,2741.0,162.0,3303.0,"{""type"":""MultiPoint"",""coordinates"":[]}"
000000000000000016dd,0.5,783.0,83.0,25.0,37.0,2727.0,35.0,3317.0,"{""type"":""MultiPoint"",""coordinates"":[]}"
00000000000000000457,1.19,847.0,224.0,183.0,37.0,2516.0,141.0,6616.0,"{""type"":""MultiPoint"",""coordinates"":[]}"
00000000000000000432,1.93,1007.0,23.0,83.0,37.0,2702.0,156.0,6579.0,"{""type"":""MultiPoint"",""coordinates"":[]}"
00000000000000000433,0.98,1007.0,3.0,109.0,37.0,2684.0,127.0,6580.0,"{""type"":""MultiPoint"",""coordinates"":[]}"
0000000000000000041a,0.94,90.0,145.0,33.0,37.0,3084.0,48.0,6555.0,"{""type"":""MultiPoint"",""coordinates"":[]}"
00000000000000000421,0.93,90.0,106.0,35.0,37.0,3040.0,71.0,6562.0,"{""type"":""MultiPoint"",""coordinates"":[]}"
00000000000000000422,0.53,90.0,-93.0,-62.0,37.0,3106.0,-13.0,6563.0,"{""type"":""MultiPoint"",""coordinates"":[]}"
00000000000000001e94,1.65,164.0,-188.0,23.0,37.0,3093.0,114.0,5292.0,"{""type"":""MultiPoint"",""coordinates"":[]}"
00000000000000001e95,1.2,164.0,-147.0,-8.0,37.0,3090.0,36.0,5293.0,"{""type"":""MultiPoint"",""coordinates"":[]}"
00000000000000001e96,1.12,164.0,-165.0,48.0,37.0,3080.0,62.0,5294.0,"{""type"":""MultiPoint"",""coordinates"":[]}"
00000000000000001e97,1.37,164.0,-120.0,-63.0,37.0,3103.0,-41.0,5295.0,"{""type"":""MultiPoint"",""coordinates"":[]}"
00000000000000001e98,0.76,164.0,20.0,-39.0,37.0,2941.0,-31.0,5296.0,"{""type"":""MultiPoint"",""coordinates"":[]}"
00000000000000001e99,0.86,164.0,-38.0,-18.0,37.0,2873.0,5.0,5297.0,"{""type"":""MultiPoint"",""coordinates"":[]}"
00000000000000001e9a,0.41,164.0,-29.0,-48.0,37.0,3039.0,-37.0,5298.0,"{""type"":""MultiPoint"",""coordinates"":[]}"
00000000000000001e9b,0.72,164.0,1.0,-43.0,37.0,3017.0,-13.0,5299.0,"{""type"":""MultiPoint"",""coordinates"":[]}"
00000000000000001e9c,1.05,164.0,62.0,-67.0,37.0,2970.0,-1.0,5300.0,"{""type"":""MultiPoint"",""coordinates"":[]}"
00000000000000001e9d,0.77,164.0,-164.0,25.0,37.0,3165.0,58.0,5301.0,"{""type"":""MultiPoint"",""coordinates"":[]}"
00000000000000001e9e,0.83,164.0,5.0,-16.0,37.0,2957.0,36.0,5302.0,"{""type"":""MultiPoint"",""coordinates"":[]}"
00000000000000001e9f,1.11,164.0,-149.0,-45.0,37.0,3188.0,2.0,5303.0,"{""type"":""MultiPoint"",""coordinates"":[]}"
00000000000000001ea0,0.62,164.0,-131.0,-50.0,37.0,3142.0,2.0,5304.0,"{""type"":""MultiPoint"",""coordinates"":[]}"
00000000000000001ea1,0.93,164.0,-56.0,-24.0,37.0,2983.0,39.0,5305.0,"{""type"":""MultiPoint"",""coordinates"":[]}"
00000000000000001ea2,0.86,164.0,-40.0,9.0,37.0,3038.0,63.0,5306.0,"{""type"":""MultiPoint"",""coordinates"":[]}"
00000000000000001ea3,0.86,164.0,-7.0,-14.0,37.0,2991.0,55.0,5307.0,"{""type"":""MultiPoint"",""coordinates"":[]}"
00000000000000001ea4,1.18,164.0,15.0,3.0,37.0,3042.0,48.0,5308.0,"{""type"":""MultiPoint"",""coordinates"":[]}"
00000000000000001eb4,0.22,164.0,-109.0,-15.0,37.0,3237.0,10.0,5324.0,"{""type"":""MultiPoint"",""coordinates"":[]}"
00000000000000001714,1.11,408.0,81.0,28.0,37.0,2294.0,24.0,3372.0,"{""type"":""MultiPoint"",""coordinates"":[]}"
0000000000000000171c,1.11,408.0,81.0,28.0,37.0,2292.0,24.0,3380.0,"{""type"":""MultiPoint"",""coordinates"":[]}"
00000000000000001700,2.11,424.0,512.0,276.0,37.0,1995.0,414.0,3352.0,"{""type"":""MultiPoint"",""coordinates"":[]}"
0000000000000000172a,2.11,424.0,511.0,276.0,37.0,1995.0,415.0,3394.0,"{""type"":""MultiPoint"",""coordinates"":[]}"
000000000000000016fb,1.73,456.0,378.0,176.0,37.0,2408.0,181.0,3347.0,"{""type"":""MultiPoint"",""coordinates"":[]}"
00000000000000001725,1.73,456.0,378.0,176.0,37.0,2409.0,181.0,3389.0,"{""type"":""MultiPoint"",""coordinates"":[]}"
00000000000000001712,1.99,472.0,332.0,99.0,37.0,2153.0,181.0,3370.0,"{""type"":""MultiPoint"",""coordinates"":[]}"
0000000000000000171a,2.04,472.0,332.0,99.0,37.0,2152.0,181.0,3378.0,"{""type"":""MultiPoint"",""coordinates"":[]}"
0000000000000000162c,0.33,504.0,108.0,23.0,37.0,2362.0,50.0,3140.0,"{""type"":""MultiPoint"",""coordinates"":[]}"
00000000000000001631,1.49,504.0,46.0,-2.0,37.0,2430.0,-7.0,3145.0,"{""type"":""MultiPoint"",""coordinates"":[]}"
00000000000000001629,2.7,528.0,349.0,215.0,37.0,2193.0,299.0,3137.0,"{""type"":""MultiPoint"",""coordinates"":[]}"
0000000000000000163d,0.36,528.0,5.0,19.0,37.0,2445.0,5.0,3157.0,"{""type"":""MultiPoint"",""coordinates"":[]}"
00000000000000001ae5,0.94,528.0,4.0,19.0,37.0,2338.0,13.0,4349.0,"{""type"":""MultiPoint"",""coordinates"":[]}"
00000000000000001b54,1.76,592.0,120.0,102.0,37.0,2410.0,114.0,4460.0,"{""type"":""MultiPoint"",""coordinates"":[]}"
00000000000000001b63,2.49,592.0,21.0,431.0,37.0,2348.0,337.0,4475.0,"{""type"":""MultiPoint"",""coordinates"":[]}"
00000000000000001c4a,1.27,592.0,82.0,61.0,37.0,2329.0,63.0,4706.0,"{""type"":""MultiPoint"",""coordinates"":[]}"
00000000000000000484,0.58,624.0,0.0,9.0,37.0,2561.0,45.0,6661.0,"{""type"":""MultiPoint"",""coordinates"":[]}"
00000000000000001a79,0.28,624.0,35.0,4.0,37.0,2433.0,33.0,4241.0,"{""type"":""MultiPoint"",""coordinates"":[]}"
00000000000000001ba1,0.7,624.0,17.0,24.0,37.0,2319.0,40.0,4537.0,"{""type"":""MultiPoint"",""coordinates"":[]}"
000000000000000016c1,1.19,656.0,268.0,246.0,37.0,2581.0,375.0,3289.0,"{""type"":""MultiPoint"",""coordinates"":[]}"
0000000000000000000c,1.65,688.0,177.0,-38.0,37.0,2581.0,16.0,2961.0,"{""type"":""MultiPoint"",""coordinates"":[]}"
00000000000000001bbb,1.89,688.0,255.0,154.0,37.0,2515.0,236.0,4563.0,"{""type"":""MultiPoint"",""coordinates"":[]}"
0000000000000000169f,0.51,720.0,270.0,79.0,37.0,2501.0,121.0,3255.0,"{""type"":""MultiPoint"",""coordinates"":[]}"
000000000000000016b6,1.03,720.0,218.0,296.0,37.0,2430.0,312.0,3278.0,"{""type"":""MultiPoint"",""coordinates"":[]}"
00000000000000001c3c,1.86,720.0,122.0,191.0,37.0,2668.0,235.0,4692.0,"{""type"":""MultiPoint"",""coordinates"":[]}"
0000000000000000164f,1.19,752.0,117.0,104.0,37.0,2379.0,135.0,3175.0,"{""type"":""MultiPoint"",""coordinates"":[]}"
00000000000000001656,0.96,752.0,103.0,67.0,37.0,2419.0,84.0,3182.0,"{""type"":""MultiPoint"",""coordinates"":[]}"
00000000000000001b3d,0.29,752.0,30.0,38.0,37.0,2614.0,84.0,4437.0,"{""type"":""MultiPoint"",""coordinates"":[]}"
000000000000000016da,2.05,784.0,109.0,138.0,37.0,2495.0,153.0,3314.0,"{""type"":""MultiPoint"",""coordinates"":[]}"
000000000000000016e6,0.88,784.0,58.0,166.0,37.0,2729.0,177.0,3326.0,"{""type"":""MultiPoint"",""coordinates"":[]}"
00000000000000001c37,0.44,784.0,5.0,0.0,37.0,2720.0,10.0,4687.0,"{""type"":""MultiPoint"",""coordinates"":[]}"
0000000000000000045b,2.36,880.0,359.0,236.0,37.0,2519.0,297.0,6620.0,"{""type"":""MultiPoint"",""coordinates"":[]}"
00000000000000001af9,0.18,529.0,0.0,7.0,37.0,2334.0,16.0,4369.0,"{""type"":""MultiPoint"",""coordinates"":[]}"
00000000000000001b1e,0.62,561.0,27.0,24.0,37.0,2325.0,51.0,4406.0,"{""type"":""MultiPoint"",""coordinates"":[]}"
00000000000000001585,1.93,657.0,29.0,134.0,37.0,2541.0,137.0,2939.0,"{""type"":""MultiPoint"",""coordinates"":[]}"
00000000000000001b0a,0.66,689.0,36.0,4.0,37.0,2392.0,25.0,4386.0,"{""type"":""MultiPoint"",""coordinates"":[]}"
00000000000000001b89,1.98,689.0,44.0,293.0,37.0,2413.0,271.0,4513.0,"{""type"":""MultiPoint"",""coordinates"":[]}"
00000000000000001c24,2.4,689.0,152.0,329.0,37.0,2453.0,264.0,4668.0,"{""type"":""MultiPoint"",""coordinates"":[]}"
000000000000000016ee,1.53,753.0,20.0,53.0,37.0,2315.0,52.0,3334.0,"{""type"":""MultiPoint"",""coordinates"":[]}"
000000000000000016ef,1.05,753.0,24.0,-1.0,37.0,2326.0,38.0,3335.0,"{""type"":""MultiPoint"",""coordinates"":[]}"
00000000000000001b37,1.53,753.0,3.0,123.0,37.0,2639.0,113.0,4431.0,"{""type"":""MultiPoint"",""coordinates"":[]}"
00000000000000000450,2.3,945.0,562.0,236.0,37.0,2284.0,383.0,6609.0,"{""type"":""MultiPoint"",""coordinates"":[]}"
0000000000000000042f,2.07,1009.0,89.0,106.0,37.0,2627.0,152.0,6576.0,"{""type"":""MultiPoint"",""coordinates"":[]}"
00000000000000001703,1.79,425.0,348.0,239.0,37.0,2512.0,232.0,3355.0,"{""type"":""MultiPoint"",""coordinates"":[]}"
0000000000000000172d,1.79,425.0,356.0,242.0,37.0,2503.0,235.0,3397.0,"{""type"":""MultiPoint"",""coordinates"":[]}"
00000000000000001623,2.83,457.0,382.0,318.0,37.0,2132.0,419.0,3131.0,"{""type"":""MultiPoint"",""coordinates"":[]}"
00000000000000001632,2.61,473.0,138.0,117.0,37.0,2324.0,109.0,3146.0,"{""type"":""MultiPoint"",""coordinates"":[]}"
0000000000000000163c,1.19,489.0,96.0,76.0,37.0,2341.0,65.0,3156.0,"{""type"":""MultiPoint"",""coordinates"":[]}"
00000000000000001634,1.16,505.0,195.0,128.0,37.0,2374.0,152.0,3148.0,"{""type"":""MultiPoint"",""coordinates"":[]}"
00000000000000001625,0.42,530.0,17.0,26.0,37.0,2606.0,23.0,3133.0,"{""type"":""MultiPoint"",""coordinates"":[]}"
0000000000000000163a,0.51,530.0,39.0,16.0,37.0,2474.0,-5.0,3154.0,"{""type"":""MultiPoint"",""coordinates"":[]}"
00000000000000001640,1.06,530.0,98.0,60.0,37.0,2332.0,86.0,3160.0,"{""type"":""MultiPoint"",""coordinates"":[]}"
00000000000000001adf,0.51,530.0,-89.0,47.0,37.0,2564.0,58.0,4343.0,"{""type"":""MultiPoint"",""coordinates"":[]}"
00000000000000001af5,0.35,530.0,21.0,38.0,37.0,2352.0,40.0,4365.0,"{""type"":""MultiPoint"",""coordinates"":[]}"
00000000000000001b5e,1.22,594.0,99.0,95.0,37.0,2402.0,115.0,4470.0,"{""type"":""MultiPoint"",""coordinates"":[]}"
00000000000000001b81,1.44,594.0,60.0,40.0,37.0,2327.0,39.0,4505.0,"{""type"":""MultiPoint"",""coordinates"":[]}"
00000000000000001a86,2.05,626.0,236.0,97.0,37.0,2234.0,186.0,4254.0,"{""type"":""MultiPoint"",""coordinates"":[]}"
00000000000000001a8c,0.76,626.0,128.0,58.0,37.0,2437.0,95.0,4260.0,"{""type"":""MultiPoint"",""coordinates"":[]}"
00000000000000001bc2,1.98,626.0,197.0,107.0,37.0,2307.0,180.0,4570.0,"{""type"":""MultiPoint"",""coordinates"":[]}"
00000000000000001ba7,1.43,658.0,11.0,170.0,37.0,2397.0,125.0,4543.0,"{""type"":""MultiPoint"",""coordinates"":[]}"
000000000000000016d1,1.82,690.0,93.0,97.0,37.0,2331.0,119.0,3305.0,"{""type"":""MultiPoint"",""coordinates"":[]}"
00000000000000001bb9,1.13,690.0,-24.0,117.0,37.0,2453.0,88.0,4561.0,"{""type"":""MultiPoint"",""coordinates"":[]}"
00000000000000001acd,1.07,754.0,204.0,233.0,37.0,2415.0,235.0,4325.0,"{""type"":""MultiPoint"",""coordinates"":[]}"
00000000000000001ace,1.91,754.0,147.0,242.0,37.0,2488.0,238.0,4326.0,"{""type"":""MultiPoint"",""coordinates"":[]}"
00000000000000001cf9,2.72,754.0,440.0,155.0,37.0,2116.0,331.0,4881.0,"{""type"":""MultiPoint"",""coordinates"":[]}"
00000000000000001b12,0.66,563.0,35.0,12.0,37.0,2294.0,44.0,4394.0,"{""type"":""MultiPoint"",""coordinates"":[]}"
00000000000000001b5b,0.97,595.0,20.0,65.0,37.0,2396.0,77.0,4467.0,"{""type"":""MultiPoint"",""coordinates"":[]}"
0000000000000000158d,0.24,627.0,-32.0,-16.0,37.0,2735.0,-5.0,2947.0,"{""type"":""MultiPoint"",""coordinates"":[]}"
00000000000000001a96,0.58,627.0,70.0,26.0,37.0,2394.0,27.0,4270.0,"{""type"":""MultiPoint"",""coordinates"":[]}"
00000000000000001ba6,1.68,627.0,111.0,148.0,37.0,2375.0,102.0,4542.0,"{""type"":""MultiPoint"",""coordinates"":[]}"
000000000000000016ab,0.97,659.0,69.0,138.0,37.0,2350.0,128.0,3267.0,"{""type"":""MultiPoint"",""coordinates"":[]}"
00000000000000001b92,2.35,659.0,598.0,263.0,37.0,2088.0,371.0,4522.0,"{""type"":""MultiPoint"",""coordinates"":[]}"
00000000000000001c3a,0.13,659.0,85.0,28.0,37.0,2733.0,55.0,4690.0,"{""type"":""MultiPoint"",""coordinates"":[]}"
00000000000000001a3a,1.44,691.0,12.0,92.0,37.0,2368.0,61.0,4178.0,"{""type"":""MultiPoint"",""coordinates"":[]}"
00000000000000001b85,1.43,691.0,11.0,93.0,37.0,2369.0,62.0,4509.0,"{""type"":""MultiPoint"",""coordinates"":[]}"
00000000000000001bbc,0.71,691.0,198.0,117.0,37.0,2673.0,143.0,4564.0,"{""type"":""MultiPoint"",""coordinates"":[]}"
00000000000000001669,1.98,755.0,118.0,120.0,37.0,2363.0,154.0,3201.0,"{""type"":""MultiPoint"",""coordinates"":[]}"
0000000000000000166e,1.43,755.0,119.0,130.0,37.0,2380.0,165.0,3206.0,"{""type"":""MultiPoint"",""coordinates"":[]}"
00000000000000001675,0.59,755.0,25.0,64.0,37.0,2484.0,93.0,3213.0,"{""type"":""MultiPoint"",""coordinates"":[]}"
00000000000000001b44,2.98,755.0,281.0,127.0,37.0,2472.0,202.0,4444.0,"{""type"":""MultiPoint"",""coordinates"":[]}"
000000000000000016df,0.44,787.0,8.0,51.0,37.0,2731.0,62.0,3319.0,"{""type"":""MultiPoint"",""coordinates"":[]}"
000000000000000016e1,1.0,787.0,71.0,27.0,37.0,2612.0,52.0,3321.0,"{""type"":""MultiPoint"",""coordinates"":[]}"
00000000000000000439,1.28,883.0,355.0,191.0,37.0,2571.0,233.0,6586.0,"{""type"":""MultiPoint"",""coordinates"":[]}"
0000000000000000042a,0.31,1011.0,6.0,90.0,37.0,2695.0,108.0,6571.0,"{""type"":""MultiPoint"",""coordinates"":[]}"
000000000000000016fc,2.04,394.0,513.0,237.0,37.0,2231.0,268.0,3348.0,"{""type"":""MultiPoint"",""coordinates"":[]}"
00000000000000001726,2.04,394.0,513.0,237.0,37.0,2232.0,268.0,3390.0,"{""type"":""MultiPoint"",""coordinates"":[]}"
00000000000000001702,1.71,458.0,526.0,257.0,37.0,2341.0,279.0,3354.0,"{""type"":""MultiPoint"",""coordinates"":[]}"
0000000000000000172c,1.71,458.0,530.0,258.0,37.0,2338.0,280.0,3396.0,"{""type"":""MultiPoint"",""coordinates"":[]}"
00000000000000001641,2.25,506.0,341.0,206.0,37.0,2237.0,251.0,3161.0,"{""type"":""MultiPoint"",""coordinates"":[]}"
0000000000000000047a,0.99,596.0,146.0,54.0,37.0,2534.0,129.0,6651.0,"{""type"":""MultiPoint"",""coordinates"":[]}"
00000000000000001b60,0.96,596.0,24.0,58.0,37.0,2346.0,41.0,4472.0,"{""type"":""MultiPoint"",""coordinates"":[]}"
00000000000000001b6b,0.79,596.0,183.0,45.0,37.0,2483.0,101.0,4483.0,"{""type"":""MultiPoint"",""coordinates"":[]}"
00000000000000001b7a,0.77,596.0,181.0,31.0,37.0,2515.0,89.0,4498.0,"{""type"":""MultiPoint"",""coordinates"":[]}"
00000000000000001a84,2.26,628.0,605.0,114.0,37.0,2018.0,319.0,4252.0,"{""type"":""MultiPoint"",""coordinates"":[]}"
00000000000000001c50,2.54,660.0,350.0,321.0,37.0,2447.0,365.0,4712.0,"{""type"":""MultiPoint"",""coordinates"":[]}"
00000000000000001d11,2.8,660.0,551.0,351.0,37.0,2075.0,494.0,4905.0,"{""type"":""MultiPoint"",""coordinates"":[]}"
00000000000000001a36,2.26,692.0,182.0,160.0,37.0,2361.0,164.0,4174.0,"{""type"":""MultiPoint"",""coordinates"":[]}"
00000000000000001b0c,2.72,692.0,9.0,311.0,37.0,2316.0,304.0,4388.0,"{""type"":""MultiPoint"",""coordinates"":[]}"
00000000000000001b34,2.25,692.0,183.0,160.0,37.0,2360.0,165.0,4428.0,"{""type"":""MultiPoint"",""coordinates"":[]}"
00000000000000001c48,2.93,692.0,139.0,406.0,37.0,2269.0,440.0,4704.0,"{""type"":""MultiPoint"",""coordinates"":[]}"
000000000000000016a3,1.18,724.0,64.0,84.0,37.0,2619.0,142.0,3259.0,"{""type"":""MultiPoint"",""coordinates"":[]}"
0000000000000000167d,1.0,756.0,59.0,87.0,37.0,2452.0,101.0,3221.0,"{""type"":""MultiPoint"",""coordinates"":[]}"
00000000000000001ac8,1.02,756.0,-6.0,-5.0,37.0,2603.0,-10.0,4320.0,"{""type"":""MultiPoint"",""coordinates"":[]}"
00000000000000001ad1,1.42,756.0,187.0,149.0,37.0,2477.0,186.0,4329.0,"{""type"":""MultiPoint"",""coordinates"":[]}"
00000000000000001ad2,0.89,756.0,101.0,172.0,37.0,2488.0,181.0,4330.0,"{""type"":""MultiPoint"",""coordinates"":[]}"
00000000000000001b3c,0.25,756.0,3.0,75.0,37.0,2693.0,85.0,4436.0,"{""type"":""MultiPoint"",""coordinates"":[]}"
00000000000000001b43,1.64,756.0,-52.0,172.0,37.0,2597.0,167.0,4443.0,"{""type"":""MultiPoint"",""coordinates"":[]}"
00000000000000001b45,3.0,756.0,442.0,85.0,37.0,2445.0,183.0,4445.0,"{""type"":""MultiPoint"",""coordinates"":[]}"
00000000000000000430,0.72,980.0,36.0,62.0,37.0,2630.0,85.0,6577.0,"{""type"":""MultiPoint"",""coordinates"":[]}"
0000000000000000042c,2.8,1012.0,285.0,201.0,37.0,2410.0,314.0,6573.0,"{""type"":""MultiPoint"",""coordinates"":[]}"
00000000000000001aec,0.62,533.0,5.0,11.0,37.0,2336.0,5.0,4356.0,"{""type"":""MultiPoint"",""coordinates"":[]}"
00000000000000001b13,0.06,565.0,64.0,28.0,37.0,2379.0,124.0,4395.0,"{""type"":""MultiPoint"",""coordinates"":[]}"
00000000000000001b1c,0.48,565.0,22.0,-13.0,37.0,2316.0,-12.0,4404.0,"{""type"":""MultiPoint"",""coordinates"":[]}"
00000000000000001b23,1.92,565.0,35.0,77.0,37.0,2341.0,116.0,4411.0,"{""type"":""MultiPoint"",""coordinates"":[]}"
00000000000000000470,1.01,597.0,163.0,88.0,37.0,2399.0,151.0,6641.0,"{""type"":""MultiPoint"",""coordinates"":[]}"
00000000000000000473,1.92,597.0,145.0,87.0,37.0,2450.0,155.0,6644.0,"{""type"":""MultiPoint"",""coordinates"":[]}"
00000000000000000479,1.13,597.0,116.0,58.0,37.0,2587.0,106.0,6650.0,"{""type"":""MultiPoint"",""coordinates"":[]}"
0000000000000000047b,0.61,597.0,128.0,63.0,37.0,2548.0,118.0,6652.0,"{""type"":""MultiPoint"",""coordinates"":[]}"
00000000000000001b57,1.18,597.0,52.0,29.0,37.0,2304.0,51.0,4463.0,"{""type"":""MultiPoint"",""coordinates"":[]}"
00000000000000001b9a,1.45,597.0,-40.0,44.0,37.0,2341.0,42.0,4530.0,"{""type"":""MultiPoint"",""coordinates"":[]}"
00000000000000001a91,1.17,629.0,132.0,131.0,37.0,2451.0,182.0,4265.0,"{""type"":""MultiPoint"",""coordinates"":[]}"
00000000000000001baa,0.47,629.0,24.0,36.0,37.0,2340.0,21.0,4546.0,"{""type"":""MultiPoint"",""coordinates"":[]}"
00000000000000001c47,1.34,661.0,160.0,226.0,37.0,2494.0,281.0,4703.0,"{""type"":""MultiPoint"",""coordinates"":[]}"
0000000000000000000d,0.62,693.0,106.0,4.0,37.0,2547.0,33.0,2962.0,"{""type"":""MultiPoint"",""coordinates"":[]}"
00000000000000001c3d,2.4,725.0,274.0,283.0,37.0,2466.0,363.0,4693.0,"{""type"":""MultiPoint"",""coordinates"":[]}"
00000000000000001647,0.44,757.0,10.0,21.0,37.0,2405.0,32.0,3167.0,"{""type"":""MultiPoint"",""coordinates"":[]}"
0000000000000000166d,1.93,757.0,188.0,224.0,37.0,2370.0,264.0,3205.0,"{""type"":""MultiPoint"",""coordinates"":[]}"
00000000000000001670,1.66,757.0,82.0,131.0,37.0,2432.0,169.0,3208.0,"{""type"":""MultiPoint"",""coordinates"":[]}"
00000000000000001671,1.26,757.0,24.0,77.0,37.0,2450.0,93.0,3209.0,"{""type"":""MultiPoint"",""coordinates"":[]}"
000000000000000016ba,1.68,757.0,69.0,258.0,37.0,2399.0,257.0,3282.0,"{""type"":""MultiPoint"",""coordinates"":[]}"
00000000000000001b46,0.85,757.0,-5.0,-1.0,37.0,2520.0,18.0,4446.0,"{""type"":""MultiPoint"",""coordinates"":[]}"
0000000000000000165e,1.6,789.0,85.0,164.0,37.0,2460.0,181.0,3190.0,"{""type"":""MultiPoint"",""coordinates"":[]}"
00000000000000001667,1.47,789.0,68.0,108.0,37.0,2368.0,113.0,3199.0,"{""type"":""MultiPoint"",""coordinates"":[]}"
0000000000000000166a,1.56,789.0,30.0,228.0,37.0,2418.0,200.0,3202.0,"{""type"":""MultiPoint"",""coordinates"":[]}"
000000000000000016a8,0.88,789.0,69.0,82.0,37.0,2596.0,128.0,3264.0,"{""type"":""MultiPoint"",""coordinates"":[]}"
00000000000000001aab,0.68,789.0,78.0,8.0,37.0,2422.0,14.0,4291.0,"{""type"":""MultiPoint"",""coordinates"":[]}"
00000000000000000451,2.69,949.0,608.0,278.0,37.0,2218.0,433.0,6610.0,"{""type"":""MultiPoint"",""coordinates"":[]}"
0000000000000000042b,2.13,981.0,5.0,100.0,37.0,2710.0,120.0,6572.0,"{""type"":""MultiPoint"",""coordinates"":[]}"
0000000000000000162a,0.51,443.0,52.0,7.0,37.0,2411.0,17.0,3138.0,"{""type"":""MultiPoint"",""coordinates"":[]}"
00000000000000001710,1.53,459.0,167.0,39.0,37.0,2375.0,64.0,3368.0,"{""type"":""MultiPoint"",""coordinates"":[]}"
00000000000000001718,1.51,459.0,167.0,40.0,37.0,2372.0,65.0,3376.0,"{""type"":""MultiPoint"",""coordinates"":[]}"
00000000000000001624,0.49,534.0,26.0,26.0,37.0,2377.0,30.0,3132.0,"{""type"":""MultiPoint"",""coordinates"":[]}"
00000000000000001b15,0.75,566.0,22.0,15.0,37.0,2293.0,37.0,4397.0,"{""type"":""MultiPoint"",""coordinates"":[]}"
00000000000000001b21,1.0,566.0,-22.0,25.0,37.0,2325.0,53.0,4409.0,"{""type"":""MultiPoint"",""coordinates"":[]}"
00000000000000001b69,0.3,598.0,-32.0,20.0,37.0,2613.0,27.0,4481.0,"{""type"":""MultiPoint"",""coordinates"":[]}"
00000000000000001b6f,2.33,598.0,-60.0,296.0,37.0,2445.0,226.0,4487.0,"{""type"":""MultiPoint"",""coordinates"":[]}"
00000000000000001a3d,1.39,630.0,192.0,80.0,37.0,2278.0,161.0,4181.0,"{""type"":""MultiPoint"",""coordinates"":[]}"
00000000000000001a75,0.89,630.0,-1.0,29.0,37.0,2523.0,62.0,4237.0,"{""type"":""MultiPoint"",""coordinates"":[]}"
00000000000000001ba2,0.89,662.0,120.0,49.0,37.0,2382.0,63.0,4538.0,"{""type"":""MultiPoint"",""coordinates"":[]}"
000000000000000016d3,0.18,694.0,15.0,8.0,37.0,2300.0,27.0,3307.0,"{""type"":""MultiPoint"",""coordinates"":[]}"
00000000000000001c55,1.74,726.0,199.0,218.0,37.0,2624.0,268.0,4717.0,"{""type"":""MultiPoint"",""coordinates"":[]}"
0000000000000000164d,1.1,758.0,60.0,109.0,37.0,2249.0,126.0,3173.0,"{""type"":""MultiPoint"",""coordinates"":[]}"
0000000000000000166f,1.89,758.0,78.0,161.0,37.0,2425.0,181.0,3207.0,"{""type"":""MultiPoint"",""coordinates"":[]}"
000000000000000016ed,1.85,758.0,0.0,77.0,37.0,2428.0,97.0,3333.0,"{""type"":""MultiPoint"",""coordinates"":[]}"
00000000000000001acc,2.27,758.0,-54.0,251.0,37.0,2556.0,239.0,4324.0,"{""type"":""MultiPoint"",""coordinates"":[]}"
00000000000000001b3b,1.02,758.0,91.0,159.0,37.0,2530.0,162.0,4435.0,"{""type"":""MultiPoint"",""coordinates"":[]}"
00000000000000001659,1.06,790.0,48.0,143.0,37.0,2400.0,138.0,3185.0,"{""type"":""MultiPoint"",""coordinates"":[]}"
0000000000000000165d,1.25,790.0,53.0,100.0,37.0,2479.0,123.0,3189.0,"{""type"":""MultiPoint"",""coordinates"":[]}"
0000000000000000166b,2.35,790.0,61.0,222.0,37.0,2417.0,232.0,3203.0,"{""type"":""MultiPoint"",""coordinates"":[]}"
00000000000000001c25,0.67,790.0,16.0,-5.0,37.0,2802.0,13.0,4669.0,"{""type"":""MultiPoint"",""coordinates"":[]}"
00000000000000001628,0.86,535.0,79.0,89.0,37.0,2474.0,141.0,3136.0,"{""type"":""MultiPoint"",""coordinates"":[]}"
00000000000000001639,1.09,535.0,-41.0,-16.0,37.0,2512.0,-25.0,3153.0,"{""type"":""MultiPoint"",""coordinates"":[]}"
00000000000000001aef,0.04,535.0,37.0,3.0,37.0,2428.0,21.0,4359.0,"{""type"":""MultiPoint"",""coordinates"":[]}"
00000000000000001b72,1.35,599.0,58.0,42.0,37.0,2295.0,51.0,4490.0,"{""type"":""MultiPoint"",""coordinates"":[]}"
00000000000000001a3c,1.78,631.0,226.0,53.0,37.0,2329.0,115.0,4180.0,"{""type"":""MultiPoint"",""coordinates"":[]}"
00000000000000001a78,0.19,631.0,73.0,28.0,37.0,2395.0,47.0,4240.0,"{""type"":""MultiPoint"",""coordinates"":[]}"
00000000000000001a81,0.29,631.0,0.0,2.0,37.0,2492.0,8.0,4249.0,"{""type"":""MultiPoint"",""coordinates"":[]}"
00000000000000001b99,1.34,631.0,93.0,71.0,37.0,2346.0,83.0,4529.0,"{""type"":""MultiPoint"",""coordinates"":[]}"
00000000000000001c52,0.83,631.0,58.0,-7.0,37.0,2326.0,27.0,4714.0,"{""type"":""MultiPoint"",""coordinates"":[]}"
000000000000000016b5,1.44,663.0,170.0,214.0,37.0,2544.0,299.0,3277.0,"{""type"":""MultiPoint"",""coordinates"":[]}"
00000000000000001c3b,1.84,663.0,479.0,271.0,37.0,2428.0,322.0,4691.0,"{""type"":""MultiPoint"",""coordinates"":[]}"
0000000000000000169e,1.56,695.0,153.0,112.0,37.0,2573.0,142.0,3254.0,"{""type"":""MultiPoint"",""coordinates"":[]}"
000000000000000016af,0.43,695.0,149.0,90.0,37.0,2666.0,139.0,3271.0,"{""type"":""MultiPoint"",""coordinates"":[]}"
000000000000000016b1,1.73,695.0,297.0,162.0,37.0,2548.0,272.0,3273.0,"{""type"":""MultiPoint"",""coordinates"":[]}"
00000000000000001a37,0.02,695.0,26.0,13.0,37.0,2363.0,14.0,4175.0,"{""type"":""MultiPoint"",""coordinates"":[]}"
00000000000000001b35,0.03,695.0,27.0,13.0,37.0,2363.0,14.0,4429.0,"{""type"":""MultiPoint"",""coordinates"":[]}"
00000000000000001c29,1.81,727.0,114.0,258.0,37.0,2690.0,301.0,4673.0,"{""type"":""MultiPoint"",""coordinates"":[]}"
00000000000000001cfd,2.58,727.0,664.0,354.0,37.0,2229.0,493.0,4885.0,"{""type"":""MultiPoint"",""coordinates"":[]}"
0000000000000000165f,1.05,759.0,46.0,188.0,37.0,2353.0,166.0,3191.0,"{""type"":""MultiPoint"",""coordinates"":[]}"
00000000000000001681,0.91,759.0,46.0,97.0,37.0,2549.0,105.0,3225.0,"{""type"":""MultiPoint"",""coordinates"":[]}"
00000000000000001b3e,1.24,759.0,91.0,42.0,37.0,2718.0,71.0,4438.0,"{""type"":""MultiPoint"",""coordinates"":[]}"
00000000000000001cf4,2.87,759.0,650.0,169.0,37.0,1862.0,430.0,4876.0,"{""type"":""MultiPoint"",""coordinates"":[]}"
00000000000000001685,1.7,791.0,30.0,140.0,37.0,2562.0,160.0,3229.0,"{""type"":""MultiPoint"",""coordinates"":[]}"
00000000000000000458,2.23,919.0,517.0,214.0,37.0,2475.0,274.0,6617.0,"{""type"":""MultiPoint"",""coordinates"":[]}"
0000000000000000041b,0.95,91.0,70.0,11.0,37.0,3025.0,-1.0,6556.0,"{""type"":""MultiPoint"",""coordinates"":[]}"
0000000000000000041c,0.81,91.0,-24.0,-37.0,37.0,3153.0,-26.0,6557.0,"{""type"":""MultiPoint"",""coordinates"":[]}"
0000000000000000041d,0.86,91.0,66.0,-43.0,37.0,3032.0,-20.0,6558.0,"{""type"":""MultiPoint"",""coordinates"":[]}"
0000000000000000041e,1.14,91.0,-51.0,-1.0,37.0,3047.0,19.0,6559.0,"{""type"":""MultiPoint"",""coordinates"":[]}"
0000000000000000041f,0.65,91.0,-25.0,-36.0,37.0,3163.0,-27.0,6560.0,"{""type"":""MultiPoint"",""coordinates"":[]}"
00000000000000001ea8,1.15,166.0,-93.0,43.0,37.0,3123.0,83.0,5312.0,"{""type"":""MultiPoint"",""coordinates"":[]}"
00000000000000001eb7,1.28,166.0,-31.0,49.0,37.0,3049.0,59.0,5327.0,"{""type"":""MultiPoint"",""coordinates"":[]}"
00000000000000001633,1.41,476.0,167.0,124.0,37.0,2374.0,176.0,3147.0,"{""type"":""MultiPoint"",""coordinates"":[]}"
0000000000000000170c,1.97,492.0,377.0,20.0,37.0,2632.0,103.0,3364.0,"{""type"":""MultiPoint"",""coordinates"":[]}"
00000000000000001735,1.97,492.0,381.0,19.0,37.0,2631.0,104.0,3405.0,"{""type"":""MultiPoint"",""coordinates"":[]}"
00000000000000001af3,0.65,536.0,-4.0,22.0,37.0,2296.0,23.0,4363.0,"{""type"":""MultiPoint"",""coordinates"":[]}"
00000000000000001b1b,1.4,568.0,25.0,-17.0,37.0,2366.0,19.0,4403.0,"{""type"":""MultiPoint"",""coordinates"":[]}"
00000000000000000474,1.98,600.0,398.0,120.0,37.0,2261.0,239.0,6645.0,"{""type"":""MultiPoint"",""coordinates"":[]}"
00000000000000001b4e,1.14,600.0,94.0,80.0,37.0,2409.0,158.0,4454.0,"{""type"":""MultiPoint"",""coordinates"":[]}"
00000000000000001b58,0.53,600.0,17.0,9.0,37.0,2403.0,31.0,4464.0,"{""type"":""MultiPoint"",""coordinates"":[]}"
00000000000000001b5d,1.97,600.0,80.0,217.0,37.0,2310.0,223.0,4469.0,"{""type"":""MultiPoint"",""coordinates"":[]}"
00000000000000001b6d,1.96,600.0,150.0,215.0,37.0,2344.0,245.0,4485.0,"{""type"":""MultiPoint"",""coordinates"":[]}"
00000000000000001c49,1.22,600.0,192.0,71.0,37.0,2472.0,132.0,4705.0,"{""type"":""MultiPoint"",""coordinates"":[]}"
00000000000000001a7a,0.06,632.0,5.0,35.0,37.0,2294.0,24.0,4242.0,"{""type"":""MultiPoint"",""coordinates"":[]}"
00000000000000001a95,1.05,632.0,155.0,116.0,37.0,2358.0,145.0,4269.0,"{""type"":""MultiPoint"",""coordinates"":[]}"
000000000000000016d6,2.9,696.0,204.0,447.0,37.0,2108.0,556.0,3310.0,"{""type"":""MultiPoint"",""coordinates"":[]}"
00000000000000001b3a,0.93,760.0,-12.0,61.0,37.0,2747.0,54.0,4434.0,"{""type"":""MultiPoint"",""coordinates"":[]}"
00000000000000001adc,0.65,537.0,-13.0,18.0,37.0,2333.0,14.0,4340.0,"{""type"":""MultiPoint"",""coordinates"":[]}"
00000000000000000471,2.18,601.0,492.0,166.0,37.0,2170.0,286.0,6642.0,"{""type"":""MultiPoint"",""coordinates"":[]}"
00000000000000000475,2.16,601.0,369.0,141.0,37.0,2259.0,232.0,6646.0,"{""type"":""MultiPoint"",""coordinates"":[]}"
00000000000000000478,2.13,601.0,413.0,151.0,37.0,2259.0,273.0,6649.0,"{""type"":""MultiPoint"",""coordinates"":[]}"
00000000000000001b78,1.29,601.0,124.0,54.0,37.0,2458.0,110.0,4496.0,"{""type"":""MultiPoint"",""coordinates"":[]}"
00000000000000001ba8,2.42,633.0,145.0,174.0,37.0,2330.0,213.0,4544.0,"{""type"":""MultiPoint"",""coordinates"":[]}"
00000000000000001bac,0.3,633.0,-34.0,30.0,37.0,2397.0,21.0,4548.0,"{""type"":""MultiPoint"",""coordinates"":[]}"
00000000000000001b94,2.33,665.0,150.0,310.0,37.0,2392.0,304.0,4524.0,"{""type"":""MultiPoint"",""coordinates"":[]}"
00000000000000001c2a,0.53,729.0,14.0,61.0,37.0,2674.0,93.0,4674.0,"{""type"":""MultiPoint"",""coordinates"":[]}"
0000000000000000165b,1.57,761.0,71.0,118.0,37.0,2445.0,143.0,3187.0,"{""type"":""MultiPoint"",""coordinates"":[]}"
0000000000000000167a,0.79,761.0,40.0,94.0,37.0,2380.0,85.0,3218.0,"{""type"":""MultiPoint"",""coordinates"":[]}"
0000000000000000167c,1.02,761.0,-10.0,75.0,37.0,2406.0,47.0,3220.0,"{""type"":""MultiPoint"",""coordinates"":[]}"
00000000000000001ad0,1.77,761.0,170.0,87.0,37.0,2464.0,120.0,4328.0,"{""type"":""MultiPoint"",""coordinates"":[]}"
00000000000000001b48,0.65,761.0,92.0,27.0,37.0,2635.0,64.0,4448.0,"{""type"":""MultiPoint"",""coordinates"":[]}"
00000000000000000444,1.42,921.0,135.0,84.0,37.0,2466.0,104.0,6597.0,"{""type"":""MultiPoint"",""coordinates"":[]}"
00000000000000001708,2.66,429.0,611.0,284.0,37.0,2171.0,378.0,3360.0,"{""type"":""MultiPoint"",""coordinates"":[]}"
00000000000000001731,2.66,429.0,608.0,284.0,37.0,2176.0,378.0,3401.0,"{""type"":""MultiPoint"",""coordinates"":[]}"
00000000000000001713,0.67,445.0,92.0,61.0,37.0,2314.0,61.0,3371.0,"{""type"":""MultiPoint"",""coordinates"":[]}"
0000000000000000171b,0.67,445.0,92.0,61.0,37.0,2315.0,61.0,3379.0,"{""type"":""MultiPoint"",""coordinates"":[]}"
0000000000000000172f,2.72,461.0,29.0,8.0,37.0,2463.0,6.0,3399.0,"{""type"":""MultiPoint"",""coordinates"":[]}"
0000000000000000162d,1.74,509.0,88.0,50.0,37.0,2336.0,42.0,3141.0,"{""type"":""MultiPoint"",""coordinates"":[]}"
0000000000000000163f,1.97,509.0,144.0,114.0,37.0,2322.0,138.0,3159.0,"{""type"":""MultiPoint"",""coordinates"":[]}"
00000000000000001adb,0.44,538.0,-31.0,36.0,37.0,2316.0,26.0,4339.0,"{""type"":""MultiPoint"",""coordinates"":[]}"
00000000000000001ade,0.96,538.0,13.0,13.0,37.0,2377.0,13.0,4342.0,"{""type"":""MultiPoint"",""coordinates"":[]}"
00000000000000000472,2.29,602.0,452.0,158.0,37.0,2193.0,268.0,6643.0,"{""type"":""MultiPoint"",""coordinates"":[]}"
00000000000000000476,2.22,602.0,372.0,153.0,37.0,2259.0,240.0,6647.0,"{""type"":""MultiPoint"",""coordinates"":[]}"
00000000000000001b68,1.78,602.0,73.0,104.0,37.0,2353.0,145.0,4480.0,"{""type"":""MultiPoint"",""coordinates"":[]}"
00000000000000001b7c,0.53,602.0,98.0,49.0,37.0,2505.0,83.0,4500.0,"{""type"":""MultiPoint"",""coordinates"":[]}"
00000000000000001d0e,2.26,602.0,532.0,247.0,37.0,2397.0,379.0,4902.0,"{""type"":""MultiPoint"",""coordinates"":[]}"
00000000000000001a9f,2.2,634.0,665.0,338.0,37.0,2007.0,549.0,4279.0,"{""type"":""MultiPoint"",""coordinates"":[]}"
00000000000000001c42,1.48,730.0,359.0,204.0,37.0,2615.0,256.0,4698.0,"{""type"":""MultiPoint"",""coordinates"":[]}"
000000000000000016e4,0.99,762.0,67.0,81.0,37.0,2693.0,96.0,3324.0,"{""type"":""MultiPoint"",""coordinates"":[]}"
00000000000000001acf,1.08,762.0,106.0,63.0,37.0,2563.0,101.0,4327.0,"{""type"":""MultiPoint"",""coordinates"":[]}"
00000000000000001b47,0.04,762.0,31.0,-4.0,37.0,2580.0,28.0,4447.0,"{""type"":""MultiPoint"",""coordinates"":[]}"
00000000000000001c36,0.78,762.0,-13.0,20.0,37.0,2491.0,32.0,4686.0,"{""type"":""MultiPoint"",""coordinates"":[]}"
00000000000000001664,1.6,794.0,44.0,51.0,37.0,2270.0,69.0,3196.0,"{""type"":""MultiPoint"",""coordinates"":[]}"
00000000000000001aa8,1.2,794.0,31.0,23.0,37.0,2338.0,19.0,4288.0,"{""type"":""MultiPoint"",""coordinates"":[]}"
0000000000000000043c,1.62,890.0,302.0,216.0,37.0,2559.0,232.0,6589.0,"{""type"":""MultiPoint"",""coordinates"":[]}"
00000000000000001b4d,2.57,603.0,12.0,309.0,37.0,2359.0,287.0,4453.0,"{""type"":""MultiPoint"",""coordinates"":[]}"
00000000000000001b79,1.26,603.0,117.0,121.0,37.0,2325.0,144.0,4497.0,"{""type"":""MultiPoint"",""coordinates"":[]}"
00000000000000001b8e,1.25,603.0,206.0,93.0,37.0,2331.0,147.0,4518.0,"{""type"":""MultiPoint"",""coordinates"":[]}"
00000000000000001c4c,0.39,603.0,46.0,33.0,37.0,2571.0,65.0,4708.0,"{""type"":""MultiPoint"",""coordinates"":[]}"
00000000000000001a94,2.05,635.0,540.0,295.0,37.0,2157.0,480.0,4268.0,"{""type"":""MultiPoint"",""coordinates"":[]}"
000000000000000016b9,2.1,667.0,75.0,239.0,37.0,2458.0,243.0,3281.0,"{""type"":""MultiPoint"",""coordinates"":[]}"
00000000000000001bad,0.17,667.0,-15.0,37.0,37.0,2333.0,20.0,4549.0,"{""type"":""MultiPoint"",""coordinates"":[]}"
000000000000000016b8,2.01,731.0,151.0,144.0,37.0,2466.0,200.0,3280.0,"{""type"":""MultiPoint"",""coordinates"":[]}"
00000000000000001c1f,1.59,731.0,253.0,301.0,37.0,2553.0,317.0,4663.0,"{""type"":""MultiPoint"",""coordinates"":[]}"
00000000000000001c27,1.52,731.0,89.0,124.0,37.0,2560.0,168.0,4671.0,"{""type"":""MultiPoint"",""coordinates"":[]}"
00000000000000001658,0.58,795.0,12.0,34.0,37.0,2363.0,47.0,3184.0,"{""type"":""MultiPoint"",""coordinates"":[]}"
0000000000000000044b,1.7,923.0,228.0,209.0,37.0,2578.0,248.0,6604.0,"{""type"":""MultiPoint"",""coordinates"":[]}"
00000000000000001ea7,0.79,167.0,-103.0,1.0,37.0,3082.0,21.0,5311.0,"{""type"":""MultiPoint"",""coordinates"":[]}"
00000000000000001ea9,0.92,167.0,-123.0,18.0,37.0,3047.0,36.0,5313.0,"{""type"":""MultiPoint"",""coordinates"":[]}"
00000000000000001eaa,1.07,167.0,-134.0,4.0,37.0,3107.0,19.0,5314.0,"{""type"":""MultiPoint"",""coordinates"":[]}"
00000000000000001eab,1.01,167.0,-186.0,-8.0,37.0,3145.0,30.0,5315.0,"{""type"":""MultiPoint"",""coordinates"":[]}"
00000000000000001eac,1.16,167.0,-76.0,-22.0,37.0,3071.0,11.0,5316.0,"{""type"":""MultiPoint"",""coordinates"":[]}"
00000000000000001ead,1.36,167.0,-115.0,19.0,37.0,3048.0,42.0,5317.0,"{""type"":""MultiPoint"",""coordinates"":[]}"
00000000000000001eb5,0.8,167.0,206.0,21.0,37.0,2774.0,7.0,5325.0,"{""type"":""MultiPoint"",""coordinates"":[]}"
00000000000000001eb6,0.78,167.0,171.0,77.0,37.0,2735.0,54.0,5326.0,"{""type"":""MultiPoint"",""coordinates"":[]}"
00000000000000001eb9,0.11,167.0,87.0,77.0,37.0,2925.0,69.0,5329.0,"{""type"":""MultiPoint"",""coordinates"":[]}"
00000000000000001ebe,0.86,167.0,140.0,-4.0,37.0,2786.0,-4.0,5334.0,"{""type"":""MultiPoint"",""coordinates"":[]}"
00000000000000001ebf,1.01,167.0,81.0,-15.0,37.0,2982.0,0.0,5335.0,"{""type"":""MultiPoint"",""coordinates"":[]}"
00000000000000001ec0,1.16,167.0,146.0,74.0,37.0,2806.0,42.0,5336.0,"{""type"":""MultiPoint"",""coordinates"":[]}"
00000000000000001ec1,0.41,167.0,42.0,48.0,37.0,2922.0,40.0,5337.0,"{""type"":""MultiPoint"",""coordinates"":[]}"
00000000000000001ec8,1.0,167.0,82.0,31.0,37.0,2967.0,30.0,5344.0,"{""type"":""MultiPoint"",""coordinates"":[]}"
00000000000000001ec9,1.06,167.0,63.0,-13.0,37.0,3040.0,-8.0,5345.0,"{""type"":""MultiPoint"",""coordinates"":[]}"
00000000000000001eca,0.13,167.0,7.0,75.0,37.0,2976.0,69.0,5346.0,"{""type"":""MultiPoint"",""coordinates"":[]}"
0000000000000000162e,0.8,478.0,-1.0,9.0,37.0,2507.0,22.0,3142.0,"{""type"":""MultiPoint"",""coordinates"":[]}"
000000000000000016fd,2.1,478.0,229.0,303.0,37.0,2450.0,254.0,3349.0,"{""type"":""MultiPoint"",""coordinates"":[]}"
00000000000000001705,1.06,478.0,186.0,243.0,37.0,2488.0,205.0,3357.0,"{""type"":""MultiPoint"",""coordinates"":[]}"
00000000000000001727,2.13,478.0,226.0,303.0,37.0,2452.0,253.0,3391.0,"{""type"":""MultiPoint"",""coordinates"":[]}"
0000000000000000172e,1.06,478.0,186.0,243.0,37.0,2487.0,205.0,3398.0,"{""type"":""MultiPoint"",""coordinates"":[]}"
00000000000000001af6,2.88,540.0,87.0,311.0,37.0,2310.0,308.0,4366.0,"{""type"":""MultiPoint"",""coordinates"":[]}"
00000000000000001afa,2.24,540.0,-62.0,167.0,37.0,2396.0,112.0,4370.0,"{""type"":""MultiPoint"",""coordinates"":[]}"
00000000000000001b64,2.0,604.0,110.0,168.0,37.0,2370.0,219.0,4476.0,"{""type"":""MultiPoint"",""coordinates"":[]}"
00000000000000001d04,2.48,604.0,729.0,266.0,37.0,2255.0,437.0,4892.0,"{""type"":""MultiPoint"",""coordinates"":[]}"
00000000000000001d10,1.25,604.0,276.0,211.0,37.0,2627.0,245.0,4904.0,"{""type"":""MultiPoint"",""coordinates"":[]}"
000000000000000016d5,2.85,700.0,43.0,411.0,37.0,2252.0,409.0,3309.0,"{""type"":""MultiPoint"",""coordinates"":[]}"
0000000000000000164e,1.77,732.0,73.0,110.0,37.0,2330.0,117.0,3174.0,"{""type"":""MultiPoint"",""coordinates"":[]}"
00000000000000001654,0.59,764.0,2.0,39.0,37.0,2454.0,39.0,3180.0,"{""type"":""MultiPoint"",""coordinates"":[]}"
00000000000000001657,1.09,764.0,31.0,85.0,37.0,2630.0,105.0,3183.0,"{""type"":""MultiPoint"",""coordinates"":[]}"
00000000000000001660,2.4,764.0,28.0,238.0,37.0,2326.0,196.0,3192.0,"{""type"":""MultiPoint"",""coordinates"":[]}"
00000000000000001672,1.37,764.0,18.0,118.0,37.0,2445.0,115.0,3210.0,"{""type"":""MultiPoint"",""coordinates"":[]}"
00000000000000001676,0.67,764.0,0.0,34.0,37.0,2455.0,47.0,3214.0,"{""type"":""MultiPoint"",""coordinates"":[]}"
00000000000000000443,0.64,924.0,72.0,111.0,37.0,2409.0,102.0,6596.0,"{""type"":""MultiPoint"",""coordinates"":[]}"
00000000000000000445,0.5,924.0,84.0,58.0,37.0,2378.0,86.0,6598.0,"{""type"":""MultiPoint"",""coordinates"":[]}"
00000000000000000456,2.29,956.0,530.0,240.0,37.0,2394.0,333.0,6615.0,"{""type"":""MultiPoint"",""coordinates"":[]}"
00000000000000001b24,1.29,573.0,5.0,-5.0,37.0,2311.0,8.0,4412.0,"{""type"":""MultiPoint"",""coordinates"":[]}"
00000000000000001b65,2.34,605.0,311.0,272.0,37.0,2362.0,342.0,4477.0,"{""type"":""MultiPoint"",""coordinates"":[]}"
00000000000000001b98,0.65,605.0,77.0,38.0,37.0,2312.0,74.0,4528.0,"{""type"":""MultiPoint"",""coordinates"":[]}"
00000000000000001bb0,2.13,605.0,419.0,228.0,37.0,2422.0,292.0,4552.0,"{""type"":""MultiPoint"",""coordinates"":[]}"
00000000000000001c4e,1.63,605.0,347.0,150.0,37.0,2466.0,242.0,4710.0,"{""type"":""MultiPoint"",""coordinates"":[]}"
00000000000000001a3b,0.62,637.0,21.0,24.0,37.0,2441.0,26.0,4179.0,"{""type"":""MultiPoint"",""coordinates"":[]}"
00000000000000001a3e,1.4,637.0,130.0,164.0,37.0,2324.0,213.0,4182.0,"{""type"":""MultiPoint"",""coordinates"":[]}"
00000000000000001a89,1.79,637.0,338.0,117.0,37.0,2272.0,179.0,4257.0,"{""type"":""MultiPoint"",""coordinates"":[]}"
00000000000000001a97,1.34,637.0,183.0,109.0,37.0,2552.0,117.0,4271.0,"{""type"":""MultiPoint"",""coordinates"":[]}"
00000000000000001a99,0.31,637.0,39.0,5.0,37.0,2240.0,-14.0,4273.0,"{""type"":""MultiPoint"",""coordinates"":[]}"
00000000000000001a9d,2.25,637.0,626.0,393.0,37.0,1971.0,567.0,4277.0,"{""type"":""MultiPoint"",""coordinates"":[]}"
00000000000000001b95,1.03,637.0,195.0,103.0,37.0,2430.0,125.0,4525.0,"{""type"":""MultiPoint"",""coordinates"":[]}"
00000000000000001b9b,0.51,637.0,-52.0,25.0,37.0,2416.0,38.0,4531.0,"{""type"":""MultiPoint"",""coordinates"":[]}"
00000000000000001d09,2.82,637.0,633.0,288.0,37.0,2134.0,446.0,4897.0,"{""type"":""MultiPoint"",""coordinates"":[]}"
000000000000000016a4,1.55,669.0,184.0,86.0,37.0,2636.0,135.0,3260.0,"{""type"":""MultiPoint"",""coordinates"":[]}"
00000000000000001a39,1.6,701.0,12.0,101.0,37.0,2352.0,66.0,4177.0,"{""type"":""MultiPoint"",""coordinates"":[]}"
00000000000000001b84,1.54,701.0,13.0,101.0,37.0,2352.0,65.0,4508.0,"{""type"":""MultiPoint"",""coordinates"":[]}"
00000000000000001c3e,2.73,701.0,8.0,402.0,37.0,2334.0,388.0,4694.0,"{""type"":""MultiPoint"",""coordinates"":[]}"
00000000000000001c21,1.78,733.0,240.0,326.0,37.0,2531.0,361.0,4665.0,"{""type"":""MultiPoint"",""coordinates"":[]}"
00000000000000001673,1.17,765.0,99.0,124.0,37.0,2350.0,116.0,3211.0,"{""type"":""MultiPoint"",""coordinates"":[]}"
0000000000000000167b,1.24,765.0,56.0,105.0,37.0,2381.0,81.0,3219.0,"{""type"":""MultiPoint"",""coordinates"":[]}"
00000000000000001650,1.58,797.0,-41.0,91.0,37.0,2283.0,67.0,3176.0,"{""type"":""MultiPoint"",""coordinates"":[]}"
00000000000000001666,1.91,797.0,22.0,121.0,37.0,2317.0,96.0,3198.0,"{""type"":""MultiPoint"",""coordinates"":[]}"
00000000000000001aa5,0.6,829.0,45.0,-5.0,37.0,2280.0,-6.0,4285.0,"{""type"":""MultiPoint"",""coordinates"":[]}"
000000000000000016ff,2.57,447.0,287.0,285.0,37.0,2190.0,357.0,3351.0,"{""type"":""MultiPoint"",""coordinates"":[]}"
00000000000000001729,2.57,447.0,293.0,287.0,37.0,2182.0,360.0,3393.0,"{""type"":""MultiPoint"",""coordinates"":[]}"
00000000000000001642,1.03,495.0,141.0,60.0,37.0,2413.0,93.0,3162.0,"{""type"":""MultiPoint"",""coordinates"":[]}"
0000000000000000163e,0.5,511.0,106.0,37.0,37.0,2404.0,37.0,3158.0,"{""type"":""MultiPoint"",""coordinates"":[]}"
00000000000000001588,0.63,606.0,121.0,74.0,37.0,2544.0,82.0,2942.0,"{""type"":""MultiPoint"",""coordinates"":[]}"
00000000000000001589,1.33,606.0,126.0,19.0,37.0,2641.0,48.0,2943.0,"{""type"":""MultiPoint"",""coordinates"":[]}"
00000000000000001b4c,2.69,606.0,42.0,274.0,37.0,2323.0,257.0,4452.0,"{""type"":""MultiPoint"",""coordinates"":[]}"
00000000000000001b67,1.72,606.0,347.0,274.0,37.0,2374.0,354.0,4479.0,"{""type"":""MultiPoint"",""coordinates"":[]}"
00000000000000001b73,1.07,606.0,126.0,53.0,37.0,2593.0,90.0,4491.0,"{""type"":""MultiPoint"",""coordinates"":[]}"
00000000000000001c45,0.98,638.0,171.0,83.0,37.0,2404.0,116.0,4701.0,"{""type"":""MultiPoint"",""coordinates"":[]}"
00000000000000001bb2,1.13,670.0,122.0,140.0,37.0,2438.0,119.0,4554.0,"{""type"":""MultiPoint"",""coordinates"":[]}"
00000000000000001bb6,1.05,670.0,33.0,82.0,37.0,2345.0,59.0,4558.0,"{""type"":""MultiPoint"",""coordinates"":[]}"
00000000000000000002,0.71,702.0,57.0,7.0,37.0,2568.0,41.0,2951.0,"{""type"":""MultiPoint"",""coordinates"":[]}"
00000000000000001a38,1.3,702.0,10.0,40.0,37.0,2340.0,20.0,4176.0,"{""type"":""MultiPoint"",""coordinates"":[]}"
00000000000000001b83,1.26,702.0,10.0,40.0,37.0,2340.0,20.0,4507.0,"{""type"":""MultiPoint"",""coordinates"":[]}"
0000000000000000164a,2.04,766.0,46.0,227.0,37.0,2271.0,198.0,3170.0,"{""type"":""MultiPoint"",""coordinates"":[]}"
00000000000000001682,0.73,766.0,135.0,136.0,37.0,2451.0,138.0,3226.0,"{""type"":""MultiPoint"",""coordinates"":[]}"
00000000000000001686,1.0,766.0,76.0,75.0,37.0,2388.0,83.0,3230.0,"{""type"":""MultiPoint"",""coordinates"":[]}"
000000000000000016c8,0.06,766.0,93.0,9.0,37.0,2612.0,33.0,3296.0,"{""type"":""MultiPoint"",""coordinates"":[]}"
00000000000000001aa1,1.46,766.0,235.0,106.0,37.0,2446.0,147.0,4281.0,"{""type"":""MultiPoint"",""coordinates"":[]}"
00000000000000001c26,1.94,766.0,51.0,6.0,37.0,2498.0,28.0,4670.0,"{""type"":""MultiPoint"",""coordinates"":[]}"
00000000000000000755,1.11,862.0,153.0,295.0,37.0,2479.0,282.0,7382.0,"{""type"":""MultiPoint"",""coordinates"":[]}"
0000000000000000045a,1.89,894.0,495.0,210.0,37.0,2366.0,239.0,6619.0,"{""type"":""MultiPoint"",""coordinates"":[]}"
0000000000000000158a,1.94,607.0,9.0,170.0,37.0,2563.0,143.0,2944.0,"{""type"":""MultiPoint"",""coordinates"":[]}"
000000000000000016cb,0.66,607.0,61.0,18.0,37.0,2287.0,12.0,3299.0,"{""type"":""MultiPoint"",""coordinates"":[]}"
00000000000000001b71,2.09,607.0,47.0,193.0,37.0,2386.0,234.0,4489.0,"{""type"":""MultiPoint"",""coordinates"":[]}"
00000000000000001b80,1.52,607.0,0.0,61.0,37.0,2363.0,87.0,4504.0,"{""type"":""MultiPoint"",""coordinates"":[]}"
00000000000000001a3f,1.63,639.0,179.0,260.0,37.0,2304.0,302.0,4183.0,"{""type"":""MultiPoint"",""coordinates"":[]}"
00000000000000001a98,0.59,639.0,51.0,-6.0,37.0,2289.0,10.0,4272.0,"{""type"":""MultiPoint"",""coordinates"":[]}"
00000000000000001a9e,2.08,639.0,605.0,262.0,37.0,2107.0,468.0,4278.0,"{""type"":""MultiPoint"",""coordinates"":[]}"
00000000000000001ba5,1.96,639.0,4.0,108.0,37.0,2348.0,103.0,4541.0,"{""type"":""MultiPoint"",""coordinates"":[]}"
00000000000000001bb7,1.24,671.0,-1.0,72.0,37.0,2393.0,76.0,4559.0,"{""type"":""MultiPoint"",""coordinates"":[]}"
00000000000000001d08,2.92,703.0,647.0,224.0,37.0,1890.0,475.0,4896.0,"{""type"":""MultiPoint"",""coordinates"":[]}"
00000000000000001662,0.39,735.0,-52.0,17.0,37.0,2333.0,25.0,3194.0,"{""type"":""MultiPoint"",""coordinates"":[]}"
000000000000000016c0,2.77,735.0,337.0,451.0,37.0,2147.0,523.0,3288.0,"{""type"":""MultiPoint"",""coordinates"":[]}"
000000000000000016c5,1.94,735.0,359.0,419.0,37.0,2451.0,386.0,3293.0,"{""type"":""MultiPoint"",""coordinates"":[]}"
000000000000000016a0,0.14,767.0,102.0,55.0,37.0,2508.0,65.0,3256.0,"{""type"":""MultiPoint"",""coordinates"":[]}"
000000000000000016f0,2.07,767.0,34.0,226.0,37.0,2358.0,251.0,3336.0,"{""type"":""MultiPoint"",""coordinates"":[]}"
00000000000000001aaf,1.0,799.0,66.0,23.0,37.0,2385.0,15.0,4295.0,"{""type"":""MultiPoint"",""coordinates"":[]}"
00000000000000000424,2.71,1023.0,202.0,151.0,37.0,2538.0,275.0,6565.0,"{""type"":""MultiPoint"",""coordinates"":[]}"
00000000000000000426,2.25,1023.0,28.0,77.0,37.0,2762.0,143.0,6567.0,"{""type"":""MultiPoint"",""coordinates"":[]}"
00000000000000000555,1.58,104.0,114.0,129.0,39.0,2821.0,112.0,6870.0,"{""type"":""MultiPoint"",""coordinates"":[]}"
00000000000000000551,1.1,112.0,52.0,142.0,39.0,2975.0,121.0,6866.0,"{""type"":""MultiPoint"",""coordinates"":[]}"
00000000000000000553,1.23,112.0,8.0,83.0,39.0,3139.0,94.0,6868.0,"{""type"":""MultiPoint"",""coordinates"":[]}"
00000000000000000550,1.13,116.0,-167.0,-50.0,39.0,3098.0,11.0,6865.0,"{""type"":""MultiPoint"",""coordinates"":[]}"
00000000000000000527,0.78,120.0,-54.0,44.0,39.0,3070.0,18.0,6824.0,"{""type"":""MultiPoint"",""coordinates"":[]}"
0000000000000000052e,1.02,128.0,24.0,-15.0,39.0,3041.0,30.0,6831.0,"{""type"":""MultiPoint"",""coordinates"":[]}"
00000000000000000530,2.11,136.0,302.0,237.0,39.0,2649.0,323.0,6833.0,"{""type"":""MultiPoint"",""coordinates"":[]}"
00000000000000000532,0.88,136.0,60.0,-6.0,39.0,3021.0,19.0,6835.0,"{""type"":""MultiPoint"",""coordinates"":[]}"
00000000000000000536,2.45,144.0,169.0,352.0,39.0,2868.0,367.0,6839.0,"{""type"":""MultiPoint"",""coordinates"":[]}"
00000000000000000540,2.02,144.0,205.0,245.0,39.0,2694.0,282.0,6849.0,"{""type"":""MultiPoint"",""coordinates"":[]}"
00000000000000000538,1.04,152.0,85.0,123.0,39.0,2787.0,202.0,6841.0,"{""type"":""MultiPoint"",""coordinates"":[]}"
0000000000000000052c,2.23,129.0,140.0,265.0,39.0,2658.0,309.0,6829.0,"{""type"":""MultiPoint"",""coordinates"":[]}"
0000000000000000052d,1.75,129.0,31.0,133.0,39.0,2828.0,172.0,6830.0,"{""type"":""MultiPoint"",""coordinates"":[]}"
00000000000000000531,1.7,137.0,130.0,140.0,39.0,2818.0,192.0,6834.0,"{""type"":""MultiPoint"",""coordinates"":[]}"
00000000000000000513,0.57,145.0,213.0,81.0,39.0,2792.0,43.0,6804.0,"{""type"":""MultiPoint"",""coordinates"":[]}"
00000000000000000547,1.74,145.0,273.0,295.0,39.0,2753.0,347.0,6856.0,"{""type"":""MultiPoint"",""coordinates"":[]}"
000000000000000018ba,1.81,548.0,-25.0,209.0,39.0,2513.0,165.0,3794.0,"{""type"":""MultiPoint"",""coordinates"":[]}"
000000000000000018bb,2.49,549.0,163.0,285.0,39.0,2446.0,306.0,3795.0,"{""type"":""MultiPoint"",""coordinates"":[]}"
00000000000000000523,1.18,93.0,114.0,64.0,39.0,2971.0,114.0,6820.0,"{""type"":""MultiPoint"",""coordinates"":[]}"
00000000000000000528,0.99,93.0,142.0,21.0,39.0,2809.0,45.0,6825.0,"{""type"":""MultiPoint"",""coordinates"":[]}"
00000000000000000554,1.28,105.0,144.0,57.0,39.0,2870.0,42.0,6869.0,"{""type"":""MultiPoint"",""coordinates"":[]}"
00000000000000000521,2.55,109.0,483.0,363.0,39.0,2720.0,341.0,6818.0,"{""type"":""MultiPoint"",""coordinates"":[]}"
0000000000000000051f,2.05,117.0,367.0,315.0,39.0,2586.0,323.0,6816.0,"{""type"":""MultiPoint"",""coordinates"":[]}"
000000000000000018a2,1.47,552.0,76.0,122.0,39.0,2446.0,85.0,3770.0,"{""type"":""MultiPoint"",""coordinates"":[]}"
000000000000000018b4,1.95,552.0,13.0,185.0,39.0,2506.0,170.0,3788.0,"{""type"":""MultiPoint"",""coordinates"":[]}"
000000000000000018bc,1.2,552.0,241.0,315.0,39.0,2362.0,344.0,3796.0,"{""type"":""MultiPoint"",""coordinates"":[]}"
00000000000000000537,1.8,147.0,50.0,95.0,39.0,2882.0,152.0,6840.0,"{""type"":""MultiPoint"",""coordinates"":[]}"
000000000000000018dd,2.55,558.0,56.0,409.0,39.0,2503.0,364.0,3829.0,"{""type"":""MultiPoint"",""coordinates"":[]}"
000000000000000004ac,2.64,750.0,498.0,307.0,39.0,2434.0,377.0,6701.0,"{""type"":""MultiPoint"",""coordinates"":[]}"
000000000000000018a4,1.1,559.0,-126.0,176.0,39.0,2538.0,194.0,3772.0,"{""type"":""MultiPoint"",""coordinates"":[]}"
000000000000000018ad,2.16,559.0,228.0,281.0,39.0,2454.0,346.0,3781.0,"{""type"":""MultiPoint"",""coordinates"":[]}"
000000000000000018ae,0.01,559.0,16.0,22.0,39.0,2556.0,15.0,3782.0,"{""type"":""MultiPoint"",""coordinates"":[]}"
000000000000000018d6,1.57,559.0,44.0,135.0,39.0,2451.0,119.0,3822.0,"{""type"":""MultiPoint"",""coordinates"":[]}"
00000000000000000524,0.95,94.0,133.0,51.0,39.0,2989.0,96.0,6821.0,"{""type"":""MultiPoint"",""coordinates"":[]}"
0000000000000000054f,1.95,110.0,182.0,79.0,39.0,2921.0,142.0,6864.0,"{""type"":""MultiPoint"",""coordinates"":[]}"
00000000000000000552,1.58,110.0,-27.0,57.0,39.0,2940.0,94.0,6867.0,"{""type"":""MultiPoint"",""coordinates"":[]}"
0000000000000000053f,1.18,140.0,99.0,-19.0,39.0,2994.0,31.0,6848.0,"{""type"":""MultiPoint"",""coordinates"":[]}"
00000000000000000544,1.76,148.0,291.0,228.0,39.0,2617.0,317.0,6853.0,"{""type"":""MultiPoint"",""coordinates"":[]}"
000000000000000018af,1.74,560.0,95.0,160.0,39.0,2494.0,165.0,3783.0,"{""type"":""MultiPoint"",""coordinates"":[]}"
000000000000000018b0,1.27,560.0,-9.0,39.0,39.0,2271.0,30.0,3784.0,"{""type"":""MultiPoint"",""coordinates"":[]}"
000000000000000018b6,2.36,560.0,-335.0,448.0,39.0,2666.0,364.0,3790.0,"{""type"":""MultiPoint"",""coordinates"":[]}"
000000000000000018de,1.94,560.0,153.0,141.0,39.0,2481.0,133.0,3830.0,"{""type"":""MultiPoint"",""coordinates"":[]}"
000000000000000018df,1.48,560.0,60.0,143.0,39.0,2483.0,160.0,3831.0,"{""type"":""MultiPoint"",""coordinates"":[]}"
000000000000000018b9,0.47,561.0,21.0,85.0,39.0,2413.0,90.0,3793.0,"{""type"":""MultiPoint"",""coordinates"":[]}"
000000000000000018b8,0.1,562.0,-12.0,60.0,39.0,2498.0,71.0,3792.0,"{""type"":""MultiPoint"",""coordinates"":[]}"
000000000000000018d8,2.34,562.0,-49.0,334.0,39.0,2445.0,302.0,3824.0,"{""type"":""MultiPoint"",""coordinates"":[]}"
000000000000000018b2,1.25,563.0,119.0,94.0,39.0,2421.0,119.0,3786.0,"{""type"":""MultiPoint"",""coordinates"":[]}"
000000000000000018da,1.97,563.0,-34.0,188.0,39.0,2423.0,178.0,3826.0,"{""type"":""MultiPoint"",""coordinates"":[]}"
000000000000000018db,2.58,563.0,-24.0,483.0,39.0,2373.0,437.0,3827.0,"{""type"":""MultiPoint"",""coordinates"":[]}"
000000000000000018dc,2.77,563.0,99.0,490.0,39.0,2338.0,471.0,3828.0,"{""type"":""MultiPoint"",""coordinates"":[]}"
000000000000000004a9,2.88,755.0,464.0,333.0,39.0,2374.0,389.0,6698.0,"{""type"":""MultiPoint"",""coordinates"":[]}"
000000000000000004ad,1.66,755.0,451.0,313.0,39.0,2436.0,348.0,6702.0,"{""type"":""MultiPoint"",""coordinates"":[]}"
0000000000000000052f,0.98,133.0,51.0,11.0,39.0,3018.0,51.0,6832.0,"{""type"":""MultiPoint"",""coordinates"":[]}"
0000000000000000053d,0.94,133.0,50.0,2.0,39.0,2935.0,31.0,6846.0,"{""type"":""MultiPoint"",""coordinates"":[]}"
00000000000000000545,2.07,141.0,396.0,251.0,39.0,2575.0,331.0,6854.0,"{""type"":""MultiPoint"",""coordinates"":[]}"
0000000000000000053c,0.44,149.0,65.0,-5.0,39.0,2939.0,18.0,6845.0,"{""type"":""MultiPoint"",""coordinates"":[]}"
00000000000000000542,2.41,149.0,180.0,370.0,39.0,2691.0,369.0,6851.0,"{""type"":""MultiPoint"",""coordinates"":[]}"
00000000000000000543,1.1,149.0,72.0,26.0,39.0,2958.0,47.0,6852.0,"{""type"":""MultiPoint"",""coordinates"":[]}"
000000000000000018b7,0.11,564.0,-19.0,39.0,39.0,2498.0,47.0,3791.0,"{""type"":""MultiPoint"",""coordinates"":[]}"
000000000000000018aa,1.71,567.0,44.0,149.0,39.0,2381.0,133.0,3778.0,"{""type"":""MultiPoint"",""coordinates"":[]}"
000000000000000018bd,1.68,567.0,-14.0,308.0,39.0,2420.0,258.0,3797.0,"{""type"":""MultiPoint"",""coordinates"":[]}"
000000000000000004aa,2.4,855.0,38.0,31.0,39.0,2687.0,65.0,6699.0,"{""type"":""MultiPoint"",""coordinates"":[]}"
00000000000000000522,2.39,95.0,527.0,406.0,39.0,2177.0,515.0,6819.0,"{""type"":""MultiPoint"",""coordinates"":[]}"
00000000000000000525,0.49,95.0,-16.0,17.0,39.0,3122.0,2.0,6822.0,"{""type"":""MultiPoint"",""coordinates"":[]}"
00000000000000000526,2.3,95.0,449.0,258.0,39.0,2591.0,313.0,6823.0,"{""type"":""MultiPoint"",""coordinates"":[]}"
00000000000000000556,1.2,103.0,68.0,27.0,39.0,2925.0,34.0,6871.0,"{""type"":""MultiPoint"",""coordinates"":[]}"
0000000000000000054c,2.0,107.0,136.0,152.0,39.0,2779.0,263.0,6861.0,"{""type"":""MultiPoint"",""coordinates"":[]}"
00000000000000000520,1.81,111.0,658.0,388.0,39.0,2508.0,396.0,6817.0,"{""type"":""MultiPoint"",""coordinates"":[]}"
0000000000000000054b,1.94,111.0,135.0,247.0,39.0,2845.0,306.0,6860.0,"{""type"":""MultiPoint"",""coordinates"":[]}"
00000000000000000529,1.25,119.0,-35.0,62.0,39.0,3112.0,36.0,6826.0,"{""type"":""MultiPoint"",""coordinates"":[]}"
0000000000000000052b,0.73,123.0,54.0,-7.0,39.0,3120.0,43.0,6828.0,"{""type"":""MultiPoint"",""coordinates"":[]}"
00000000000000000533,1.72,142.0,21.0,66.0,39.0,2823.0,118.0,6836.0,"{""type"":""MultiPoint"",""coordinates"":[]}"
00000000000000000534,2.55,142.0,201.0,398.0,39.0,2568.0,399.0,6837.0,"{""type"":""MultiPoint"",""coordinates"":[]}"
00000000000000000535,0.84,142.0,96.0,-20.0,39.0,2974.0,16.0,6838.0,"{""type"":""MultiPoint"",""coordinates"":[]}"
00000000000000000539,1.1,150.0,56.0,-11.0,39.0,2987.0,19.0,6842.0,"{""type"":""MultiPoint"",""coordinates"":[]}"
000000000000000018a7,2.84,568.0,198.0,531.0,39.0,2239.0,509.0,3775.0,"{""type"":""MultiPoint"",""coordinates"":[]}"
000000000000000018c0,2.85,568.0,337.0,560.0,39.0,2109.0,571.0,3800.0,"{""type"":""MultiPoint"",""coordinates"":[]}"
000000000000000018c1,2.81,568.0,211.0,494.0,39.0,2204.0,504.0,3801.0,"{""type"":""MultiPoint"",""coordinates"":[]}"
000000000000000004ae,1.77,856.0,116.0,70.0,39.0,2551.0,120.0,6703.0,"{""type"":""MultiPoint"",""coordinates"":[]}"
000000000000000018b3,1.02,569.0,23.0,67.0,39.0,2360.0,67.0,3787.0,"{""type"":""MultiPoint"",""coordinates"":[]}"
000000000000000018a6,2.87,570.0,473.0,528.0,39.0,2043.0,563.0,3774.0,"{""type"":""MultiPoint"",""coordinates"":[]}"
000000000000000018a9,1.1,570.0,-7.0,76.0,39.0,2426.0,61.0,3777.0,"{""type"":""MultiPoint"",""coordinates"":[]}"
000000000000000018b1,1.75,570.0,6.0,206.0,39.0,2488.0,164.0,3785.0,"{""type"":""MultiPoint"",""coordinates"":[]}"
000000000000000018a5,2.81,571.0,449.0,526.0,39.0,2084.0,561.0,3773.0,"{""type"":""MultiPoint"",""coordinates"":[]}"
0000000000000000053e,1.75,135.0,219.0,160.0,39.0,2765.0,211.0,6847.0,"{""type"":""MultiPoint"",""coordinates"":[]}"
00000000000000000514,1.19,143.0,156.0,94.0,39.0,2819.0,32.0,6805.0,"{""type"":""MultiPoint"",""coordinates"":[]}"
00000000000000000515,0.92,143.0,150.0,119.0,39.0,2793.0,50.0,6806.0,"{""type"":""MultiPoint"",""coordinates"":[]}"
00000000000000000517,1.21,143.0,154.0,120.0,39.0,2818.0,47.0,6808.0,"{""type"":""MultiPoint"",""coordinates"":[]}"
00000000000000000541,1.99,143.0,171.0,125.0,39.0,2802.0,175.0,6850.0,"{""type"":""MultiPoint"",""coordinates"":[]}"
00000000000000000546,1.48,143.0,101.0,124.0,39.0,2830.0,186.0,6855.0,"{""type"":""MultiPoint"",""coordinates"":[]}"
0000000000000000053a,1.36,151.0,91.0,87.0,39.0,2953.0,151.0,6843.0,"{""type"":""MultiPoint"",""coordinates"":[]}"
0000000000000000053b,1.58,151.0,200.0,263.0,39.0,2787.0,324.0,6844.0,"{""type"":""MultiPoint"",""coordinates"":[]}"
000000000000000018a0,2.4,573.0,288.0,230.0,39.0,2402.0,298.0,3768.0,"{""type"":""MultiPoint"",""coordinates"":[]}"
000000000000000018a1,2.66,573.0,456.0,363.0,39.0,2126.0,461.0,3769.0,"{""type"":""MultiPoint"",""coordinates"":[]}"
000000000000000018a3,2.6,573.0,368.0,379.0,39.0,2270.0,425.0,3771.0,"{""type"":""MultiPoint"",""coordinates"":[]}"
000000000000000018a8,2.42,573.0,247.0,426.0,39.0,2252.0,420.0,3776.0,"{""type"":""MultiPoint"",""coordinates"":[]}"
000000000000000018d4,2.68,573.0,434.0,267.0,39.0,2351.0,346.0,3820.0,"{""type"":""MultiPoint"",""coordinates"":[]}"
000000000000000004ab,2.53,765.0,588.0,341.0,39.0,2171.0,423.0,6700.0,"{""type"":""MultiPoint"",""coordinates"":[]}"
0000000000000000189a,2.2,574.0,56.0,418.0,39.0,2439.0,396.0,3762.0,"{""type"":""MultiPoint"",""coordinates"":[]}"
000000000000000018ac,1.8,575.0,44.0,251.0,39.0,2481.0,233.0,3780.0,"{""type"":""MultiPoint"",""coordinates"":[]}"
000000000000000004a8,2.86,767.0,455.0,315.0,39.0,2374.0,339.0,6697.0,"{""type"":""MultiPoint"",""coordinates"":[]}"
00000000000000001919,0.63,544.0,80.0,68.0,41.0,2648.0,57.0,3889.0,"{""type"":""MultiPoint"",""coordinates"":[]}"
00000000000000001933,1.18,544.0,80.0,68.0,41.0,2639.0,58.0,3915.0,"{""type"":""MultiPoint"",""coordinates"":[]}"
000000000000000019b4,0.27,576.0,50.0,-63.0,41.0,2618.0,-71.0,4044.0,"{""type"":""MultiPoint"",""coordinates"":[]}"
000000000000000019d9,2.07,576.0,321.0,307.0,41.0,2229.0,345.0,4081.0,"{""type"":""MultiPoint"",""coordinates"":[]}"
000000000000000019da,2.62,576.0,402.0,314.0,41.0,2178.0,370.0,4082.0,"{""type"":""MultiPoint"",""coordinates"":[]}"
00000000000000001c57,1.41,608.0,-7.0,116.0,41.0,2745.0,126.0,4719.0,"{""type"":""MultiPoint"",""coordinates"":[]}"
000000000000000019f0,2.42,704.0,261.0,185.0,41.0,2242.0,268.0,4104.0,"{""type"":""MultiPoint"",""coordinates"":[]}"
00000000000000001a0c,2.88,704.0,466.0,296.0,41.0,2055.0,418.0,4132.0,"{""type"":""MultiPoint"",""coordinates"":[]}"
00000000000000001a16,2.77,704.0,594.0,334.0,41.0,1967.0,449.0,4142.0,"{""type"":""MultiPoint"",""coordinates"":[]}"
00000000000000001a1e,2.72,704.0,490.0,239.0,41.0,2062.0,376.0,4150.0,"{""type"":""MultiPoint"",""coordinates"":[]}"
00000000000000001a1f,1.61,704.0,112.0,119.0,41.0,2365.0,154.0,4151.0,"{""type"":""MultiPoint"",""coordinates"":[]}"
000000000000000019ed,2.57,736.0,219.0,223.0,41.0,2338.0,271.0,4101.0,"{""type"":""MultiPoint"",""coordinates"":[]}"
00000000000000001962,2.65,577.0,28.0,224.0,41.0,2611.0,274.0,3962.0,"{""type"":""MultiPoint"",""coordinates"":[]}"
000000000000000019cd,1.0,577.0,399.0,31.0,41.0,2390.0,84.0,4069.0,"{""type"":""MultiPoint"",""coordinates"":[]}"
00000000000000001c56,1.99,609.0,21.0,133.0,41.0,2671.0,179.0,4718.0,"{""type"":""MultiPoint"",""coordinates"":[]}"
00000000000000001a18,1.65,705.0,170.0,226.0,41.0,2412.0,232.0,4144.0,"{""type"":""MultiPoint"",""coordinates"":[]}"
00000000000000001a19,1.38,705.0,127.0,175.0,41.0,2433.0,183.0,4145.0,"{""type"":""MultiPoint"",""coordinates"":[]}"
00000000000000001a20,2.0,705.0,176.0,174.0,41.0,2349.0,216.0,4152.0,"{""type"":""MultiPoint"",""coordinates"":[]}"
000000000000000019eb,1.66,737.0,142.0,128.0,41.0,2396.0,171.0,4099.0,"{""type"":""MultiPoint"",""coordinates"":[]}"
000000000000000019a8,2.68,417.0,260.0,542.0,41.0,2323.0,538.0,4032.0,"{""type"":""MultiPoint"",""coordinates"":[]}"
00000000000000001914,0.94,546.0,70.0,113.0,41.0,2684.0,94.0,3884.0,"{""type"":""MultiPoint"",""coordinates"":[]}"
0000000000000000191a,0.77,546.0,66.0,49.0,41.0,2519.0,28.0,3890.0,"{""type"":""MultiPoint"",""coordinates"":[]}"
00000000000000001948,2.12,546.0,126.0,216.0,41.0,2438.0,232.0,3936.0,"{""type"":""MultiPoint"",""coordinates"":[]}"
000000000000000019ce,0.24,578.0,71.0,-25.0,41.0,2568.0,-31.0,4070.0,"{""type"":""MultiPoint"",""coordinates"":[]}"
00000000000000001910,0.71,547.0,99.0,65.0,41.0,2758.0,49.0,3880.0,"{""type"":""MultiPoint"",""coordinates"":[]}"
0000000000000000191e,0.66,547.0,107.0,122.0,41.0,2608.0,109.0,3894.0,"{""type"":""MultiPoint"",""coordinates"":[]}"
000000000000000019dc,0.47,579.0,211.0,13.0,41.0,2523.0,63.0,4084.0,"{""type"":""MultiPoint"",""coordinates"":[]}"
00000000000000001a1a,2.88,707.0,579.0,392.0,41.0,1961.0,483.0,4146.0,"{""type"":""MultiPoint"",""coordinates"":[]}"
000000000000000019ef,1.71,739.0,103.0,80.0,41.0,2469.0,108.0,4103.0,"{""type"":""MultiPoint"",""coordinates"":[]}"
000000000000000019d4,0.43,580.0,42.0,-34.0,41.0,2591.0,-39.0,4076.0,"{""type"":""MultiPoint"",""coordinates"":[]}"
0000000000000000192b,1.82,517.0,73.0,326.0,41.0,2538.0,297.0,3907.0,"{""type"":""MultiPoint"",""coordinates"":[]}"
00000000000000001960,2.85,581.0,121.0,258.0,41.0,2424.0,337.0,3960.0,"{""type"":""MultiPoint"",""coordinates"":[]}"
000000000000000019ad,2.35,581.0,408.0,190.0,41.0,2292.0,239.0,4037.0,"{""type"":""MultiPoint"",""coordinates"":[]}"
000000000000000019d7,2.67,581.0,464.0,367.0,41.0,2143.0,432.0,4079.0,"{""type"":""MultiPoint"",""coordinates"":[]}"
00000000000000001a04,2.81,709.0,590.0,360.0,41.0,1957.0,488.0,4124.0,"{""type"":""MultiPoint"",""coordinates"":[]}"
00000000000000001a07,2.64,709.0,529.0,280.0,41.0,2069.0,429.0,4127.0,"{""type"":""MultiPoint"",""coordinates"":[]}"
00000000000000001a09,2.51,709.0,478.0,231.0,41.0,2108.0,350.0,4129.0,"{""type"":""MultiPoint"",""coordinates"":[]}"
000000000000000018ff,2.24,435.0,428.0,316.0,41.0,2440.0,362.0,3863.0,"{""type"":""MultiPoint"",""coordinates"":[]}"
00000000000000001900,2.81,435.0,10.0,276.0,41.0,2498.0,318.0,3864.0,"{""type"":""MultiPoint"",""coordinates"":[]}"
00000000000000001901,2.48,435.0,198.0,378.0,41.0,2353.0,435.0,3865.0,"{""type"":""MultiPoint"",""coordinates"":[]}"
00000000000000001902,2.88,435.0,196.0,409.0,41.0,2267.0,474.0,3866.0,"{""type"":""MultiPoint"",""coordinates"":[]}"
0000000000000000190d,2.35,435.0,58.0,121.0,41.0,2609.0,129.0,3877.0,"{""type"":""MultiPoint"",""coordinates"":[]}"
0000000000000000190e,2.65,435.0,329.0,288.0,41.0,2355.0,402.0,3878.0,"{""type"":""MultiPoint"",""coordinates"":[]}"
00000000000000001924,1.75,435.0,-32.0,231.0,41.0,2509.0,214.0,3900.0,"{""type"":""MultiPoint"",""coordinates"":[]}"
0000000000000000192e,1.04,435.0,40.0,153.0,41.0,2444.0,132.0,3910.0,"{""type"":""MultiPoint"",""coordinates"":[]}"
0000000000000000192f,1.0,435.0,69.0,197.0,41.0,2405.0,189.0,3911.0,"{""type"":""MultiPoint"",""coordinates"":[]}"
00000000000000001932,1.3,435.0,312.0,277.0,41.0,2376.0,384.0,3914.0,"{""type"":""MultiPoint"",""coordinates"":[]}"
00000000000000001929,0.82,467.0,88.0,202.0,41.0,2528.0,195.0,3905.0,"{""type"":""MultiPoint"",""coordinates"":[]}"
0000000000000000199e,0.52,483.0,81.0,232.0,41.0,2583.0,213.0,4022.0,"{""type"":""MultiPoint"",""coordinates"":[]}"
0000000000000000192a,1.63,499.0,-15.0,118.0,41.0,2626.0,85.0,3906.0,"{""type"":""MultiPoint"",""coordinates"":[]}"
0000000000000000198f,1.28,499.0,59.0,134.0,41.0,2462.0,128.0,4007.0,"{""type"":""MultiPoint"",""coordinates"":[]}"
00000000000000001917,0.55,550.0,59.0,45.0,41.0,2639.0,37.0,3887.0,"{""type"":""MultiPoint"",""coordinates"":[]}"
00000000000000001918,0.61,550.0,58.0,42.0,41.0,2640.0,34.0,3888.0,"{""type"":""MultiPoint"",""coordinates"":[]}"
0000000000000000191c,0.64,550.0,51.0,74.0,41.0,2653.0,53.0,3892.0,"{""type"":""MultiPoint"",""coordinates"":[]}"
0000000000000000196d,0.85,582.0,54.0,124.0,41.0,2551.0,97.0,3973.0,"{""type"":""MultiPoint"",""coordinates"":[]}"
0000000000000000197b,1.76,582.0,62.0,214.0,41.0,2617.0,234.0,3987.0,"{""type"":""MultiPoint"",""coordinates"":[]}"
000000000000000019cf,1.02,582.0,600.0,31.0,41.0,2374.0,149.0,4071.0,"{""type"":""MultiPoint"",""coordinates"":[]}"
000000000000000019e0,2.49,582.0,480.0,334.0,41.0,2082.0,422.0,4088.0,"{""type"":""MultiPoint"",""coordinates"":[]}"
00000000000000001a14,1.04,678.0,18.0,39.0,41.0,2496.0,43.0,4140.0,"{""type"":""MultiPoint"",""coordinates"":[]}"
00000000000000001a06,2.92,710.0,546.0,340.0,41.0,1956.0,497.0,4126.0,"{""type"":""MultiPoint"",""coordinates"":[]}"
0000000000000000194c,1.09,583.0,63.0,141.0,41.0,2651.0,138.0,3940.0,"{""type"":""MultiPoint"",""coordinates"":[]}"
0000000000000000196e,0.4,583.0,66.0,153.0,41.0,2631.0,159.0,3974.0,"{""type"":""MultiPoint"",""coordinates"":[]}"
000000000000000019e1,2.79,583.0,633.0,440.0,41.0,1903.0,511.0,4089.0,"{""type"":""MultiPoint"",""coordinates"":[]}"
00000000000000001a05,2.92,711.0,540.0,350.0,41.0,1981.0,485.0,4125.0,"{""type"":""MultiPoint"",""coordinates"":[]}"
00000000000000001996,2.96,420.0,181.0,546.0,41.0,2274.0,528.0,4014.0,"{""type"":""MultiPoint"",""coordinates"":[]}"
000000000000000019a3,2.39,420.0,-26.0,288.0,41.0,2569.0,279.0,4027.0,"{""type"":""MultiPoint"",""coordinates"":[]}"
00000000000000001904,2.58,436.0,119.0,398.0,41.0,2362.0,442.0,3868.0,"{""type"":""MultiPoint"",""coordinates"":[]}"
00000000000000001906,2.53,436.0,-42.0,180.0,41.0,2543.0,194.0,3870.0,"{""type"":""MultiPoint"",""coordinates"":[]}"
0000000000000000190a,2.74,436.0,53.0,253.0,41.0,2436.0,247.0,3874.0,"{""type"":""MultiPoint"",""coordinates"":[]}"
0000000000000000191d,0.46,436.0,49.0,137.0,41.0,2402.0,120.0,3893.0,"{""type"":""MultiPoint"",""coordinates"":[]}"
00000000000000001931,1.29,436.0,35.0,97.0,41.0,2442.0,97.0,3913.0,"{""type"":""MultiPoint"",""coordinates"":[]}"
0000000000000000190f,0.73,552.0,121.0,98.0,41.0,2723.0,98.0,3879.0,"{""type"":""MultiPoint"",""coordinates"":[]}"
0000000000000000191f,0.44,552.0,109.0,76.0,41.0,2664.0,62.0,3895.0,"{""type"":""MultiPoint"",""coordinates"":[]}"
00000000000000001920,0.82,552.0,50.0,53.0,41.0,2593.0,38.0,3896.0,"{""type"":""MultiPoint"",""coordinates"":[]}"
0000000000000000197c,1.46,584.0,80.0,189.0,41.0,2673.0,180.0,3988.0,"{""type"":""MultiPoint"",""coordinates"":[]}"
000000000000000019d5,0.5,584.0,165.0,-24.0,41.0,2503.0,16.0,4077.0,"{""type"":""MultiPoint"",""coordinates"":[]}"
00000000000000001a13,2.27,680.0,146.0,168.0,41.0,2495.0,171.0,4139.0,"{""type"":""MultiPoint"",""coordinates"":[]}"
000000000000000019fc,0.4,712.0,10.0,23.0,41.0,2469.0,35.0,4116.0,"{""type"":""MultiPoint"",""coordinates"":[]}"
00000000000000001951,2.71,585.0,121.0,374.0,41.0,2699.0,320.0,3945.0,"{""type"":""MultiPoint"",""coordinates"":[]}"
0000000000000000197d,1.16,585.0,76.0,127.0,41.0,2564.0,144.0,3989.0,"{""type"":""MultiPoint"",""coordinates"":[]}"
000000000000000019bc,0.54,585.0,163.0,8.0,41.0,2436.0,28.0,4052.0,"{""type"":""MultiPoint"",""coordinates"":[]}"
000000000000000019c9,2.51,585.0,582.0,287.0,41.0,2087.0,391.0,4065.0,"{""type"":""MultiPoint"",""coordinates"":[]}"
00000000000000001994,1.72,405.0,64.0,171.0,41.0,2506.0,144.0,4012.0,"{""type"":""MultiPoint"",""coordinates"":[]}"
00000000000000001997,2.84,421.0,397.0,618.0,41.0,2183.0,551.0,4015.0,"{""type"":""MultiPoint"",""coordinates"":[]}"
00000000000000001905,2.39,437.0,-57.0,329.0,41.0,2505.0,321.0,3869.0,"{""type"":""MultiPoint"",""coordinates"":[]}"
0000000000000000190b,2.48,437.0,232.0,399.0,41.0,2235.0,493.0,3875.0,"{""type"":""MultiPoint"",""coordinates"":[]}"
00000000000000001912,0.58,437.0,57.0,122.0,41.0,2356.0,109.0,3882.0,"{""type"":""MultiPoint"",""coordinates"":[]}"
00000000000000001927,1.25,437.0,162.0,235.0,41.0,2421.0,257.0,3903.0,"{""type"":""MultiPoint"",""coordinates"":[]}"
00000000000000001930,1.46,437.0,85.0,201.0,41.0,2457.0,207.0,3912.0,"{""type"":""MultiPoint"",""coordinates"":[]}"
00000000000000001998,1.4,501.0,30.0,162.0,41.0,2421.0,164.0,4016.0,"{""type"":""MultiPoint"",""coordinates"":[]}"
0000000000000000195e,2.43,586.0,131.0,222.0,41.0,2549.0,281.0,3958.0,"{""type"":""MultiPoint"",""coordinates"":[]}"
000000000000000019b9,1.77,586.0,191.0,182.0,41.0,2355.0,187.0,4049.0,"{""type"":""MultiPoint"",""coordinates"":[]}"
000000000000000019db,2.64,586.0,601.0,359.0,41.0,1987.0,458.0,4083.0,"{""type"":""MultiPoint"",""coordinates"":[]}"
000000000000000019df,2.71,586.0,674.0,272.0,41.0,1976.0,372.0,4087.0,"{""type"":""MultiPoint"",""coordinates"":[]}"
00000000000000001a11,1.93,682.0,136.0,215.0,41.0,2436.0,227.0,4137.0,"{""type"":""MultiPoint"",""coordinates"":[]}"
00000000000000001a12,2.95,682.0,497.0,231.0,41.0,2191.0,327.0,4138.0,"{""type"":""MultiPoint"",""coordinates"":[]}"
000000000000000019fd,2.62,714.0,349.0,363.0,41.0,2128.0,444.0,4117.0,"{""type"":""MultiPoint"",""coordinates"":[]}"
00000000000000001a30,2.6,714.0,468.0,253.0,41.0,2091.0,398.0,4168.0,"{""type"":""MultiPoint"",""coordinates"":[]}"
000000000000000019b1,0.75,555.0,394.0,72.0,41.0,2351.0,137.0,4041.0,"{""type"":""MultiPoint"",""coordinates"":[]}"
000000000000000019b6,2.9,587.0,691.0,310.0,41.0,1944.0,440.0,4046.0,"{""type"":""MultiPoint"",""coordinates"":[]}"
00000000000000001a02,2.37,715.0,265.0,113.0,41.0,2283.0,181.0,4122.0,"{""type"":""MultiPoint"",""coordinates"":[]}"
0000000000000000199c,2.8,422.0,279.0,570.0,41.0,2198.0,556.0,4020.0,"{""type"":""MultiPoint"",""coordinates"":[]}"
000000000000000018fd,2.22,438.0,340.0,265.0,41.0,2507.0,348.0,3861.0,"{""type"":""MultiPoint"",""coordinates"":[]}"
00000000000000001908,2.65,438.0,515.0,268.0,41.0,2208.0,394.0,3872.0,"{""type"":""MultiPoint"",""coordinates"":[]}"
000000000000000019ac,1.75,556.0,168.0,192.0,41.0,2344.0,177.0,4036.0,"{""type"":""MultiPoint"",""coordinates"":[]}"
000000000000000019bb,0.96,588.0,249.0,140.0,41.0,2365.0,152.0,4051.0,"{""type"":""MultiPoint"",""coordinates"":[]}"
000000000000000019e3,2.06,588.0,451.0,224.0,41.0,2142.0,320.0,4091.0,"{""type"":""MultiPoint"",""coordinates"":[]}"
00000000000000001a03,2.94,684.0,607.0,388.0,41.0,1947.0,498.0,4123.0,"{""type"":""MultiPoint"",""coordinates"":[]}"
000000000000000019f3,2.77,716.0,488.0,210.0,41.0,2115.0,357.0,4107.0,"{""type"":""MultiPoint"",""coordinates"":[]}"
000000000000000019fe,2.58,716.0,392.0,324.0,41.0,2122.0,428.0,4118.0,"{""type"":""MultiPoint"",""coordinates"":[]}"
00000000000000001a2e,2.82,716.0,474.0,318.0,41.0,2044.0,434.0,4166.0,"{""type"":""MultiPoint"",""coordinates"":[]}"
00000000000000001a2f,2.48,716.0,336.0,241.0,41.0,2285.0,295.0,4167.0,"{""type"":""MultiPoint"",""coordinates"":[]}"
00000000000000001a31,1.08,716.0,118.0,43.0,41.0,2520.0,73.0,4169.0,"{""type"":""MultiPoint"",""coordinates"":[]}"
0000000000000000195c,2.46,589.0,80.0,285.0,41.0,2597.0,314.0,3956.0,"{""type"":""MultiPoint"",""coordinates"":[]}"
00000000000000001965,0.5,589.0,97.0,105.0,41.0,2641.0,75.0,3965.0,"{""type"":""MultiPoint"",""coordinates"":[]}"
000000000000000019bd,2.35,589.0,511.0,427.0,41.0,1982.0,494.0,4053.0,"{""type"":""MultiPoint"",""coordinates"":[]}"
000000000000000019d3,2.53,589.0,735.0,310.0,41.0,1940.0,454.0,4075.0,"{""type"":""MultiPoint"",""coordinates"":[]}"
00000000000000001a0d,0.26,717.0,45.0,17.0,41.0,2420.0,40.0,4133.0,"{""type"":""MultiPoint"",""coordinates"":[]}"
00000000000000001a25,0.88,717.0,57.0,51.0,41.0,2489.0,75.0,4157.0,"{""type"":""MultiPoint"",""coordinates"":[]}"
00000000000000001943,2.09,391.0,52.0,310.0,41.0,2528.0,321.0,3931.0,"{""type"":""MultiPoint"",""coordinates"":[]}"
0000000000000000199a,2.04,407.0,33.0,250.0,41.0,2668.0,214.0,4018.0,"{""type"":""MultiPoint"",""coordinates"":[]}"
0000000000000000199f,2.25,407.0,58.0,174.0,41.0,2512.0,156.0,4023.0,"{""type"":""MultiPoint"",""coordinates"":[]}"
00000000000000001a35,1.68,407.0,23.0,86.0,41.0,2547.0,87.0,4173.0,"{""type"":""MultiPoint"",""coordinates"":[]}"
0000000000000000199d,2.72,423.0,356.0,598.0,41.0,2205.0,553.0,4021.0,"{""type"":""MultiPoint"",""coordinates"":[]}"
00000000000000001923,1.71,439.0,316.0,282.0,41.0,2542.0,325.0,3899.0,"{""type"":""MultiPoint"",""coordinates"":[]}"
00000000000000001954,2.32,558.0,30.0,250.0,41.0,2541.0,219.0,3948.0,"{""type"":""MultiPoint"",""coordinates"":[]}"
000000000000000019dd,0.99,558.0,361.0,18.0,41.0,2407.0,42.0,4085.0,"{""type"":""MultiPoint"",""coordinates"":[]}"
00000000000000001980,1.8,590.0,112.0,217.0,41.0,2613.0,223.0,3992.0,"{""type"":""MultiPoint"",""coordinates"":[]}"
000000000000000019be,2.55,590.0,570.0,439.0,41.0,1909.0,522.0,4054.0,"{""type"":""MultiPoint"",""coordinates"":[]}"
000000000000000019cc,2.27,590.0,339.0,151.0,41.0,2331.0,169.0,4068.0,"{""type"":""MultiPoint"",""coordinates"":[]}"
00000000000000001956,1.54,591.0,156.0,184.0,41.0,2611.0,236.0,3950.0,"{""type"":""MultiPoint"",""coordinates"":[]}"
00000000000000001970,0.65,591.0,128.0,127.0,41.0,2723.0,113.0,3976.0,"{""type"":""MultiPoint"",""coordinates"":[]}"
0000000000000000197e,1.64,591.0,124.0,135.0,41.0,2708.0,89.0,3990.0,"{""type"":""MultiPoint"",""coordinates"":[]}"
000000000000000019c8,2.11,591.0,533.0,302.0,41.0,2113.0,383.0,4064.0,"{""type"":""MultiPoint"",""coordinates"":[]}"
000000000000000019ca,2.53,591.0,675.0,318.0,41.0,1934.0,476.0,4066.0,"{""type"":""MultiPoint"",""coordinates"":[]}"
000000000000000019d0,0.53,591.0,97.0,-7.0,41.0,2376.0,16.0,4072.0,"{""type"":""MultiPoint"",""coordinates"":[]}"
00000000000000001c5d,1.59,591.0,17.0,104.0,41.0,2712.0,117.0,4725.0,"{""type"":""MultiPoint"",""coordinates"":[]}"
00000000000000001c5e,1.0,591.0,128.0,243.0,41.0,2596.0,224.0,4726.0,"{""type"":""MultiPoint"",""coordinates"":[]}"
000000000000000019ff,2.58,719.0,303.0,294.0,41.0,2216.0,355.0,4119.0,"{""type"":""MultiPoint"",""coordinates"":[]}"
00000000000000001a2d,0.81,719.0,104.0,17.0,41.0,2547.0,34.0,4165.0,"{""type"":""MultiPoint"",""coordinates"":[]}"
00000000000000001993,2.86,392.0,204.0,479.0,41.0,2238.0,459.0,4011.0,"{""type"":""MultiPoint"",""coordinates"":[]}"
00000000000000001992,1.28,408.0,134.0,301.0,41.0,2543.0,331.0,4010.0,"{""type"":""MultiPoint"",""coordinates"":[]}"
000000000000000019a6,1.44,408.0,56.0,161.0,41.0,2486.0,160.0,4030.0,"{""type"":""MultiPoint"",""coordinates"":[]}"
00000000000000001921,1.41,440.0,249.0,283.0,41.0,2530.0,330.0,3897.0,"{""type"":""MultiPoint"",""coordinates"":[]}"
000000000000000019ab,1.29,560.0,435.0,73.0,41.0,2300.0,105.0,4035.0,"{""type"":""MultiPoint"",""coordinates"":[]}"
00000000000000001947,1.79,592.0,269.0,280.0,41.0,2323.0,443.0,3935.0,"{""type"":""MultiPoint"",""coordinates"":[]}"
00000000000000001955,1.31,592.0,118.0,163.0,41.0,2622.0,145.0,3949.0,"{""type"":""MultiPoint"",""coordinates"":[]}"
0000000000000000195f,2.18,592.0,104.0,208.0,41.0,2610.0,212.0,3959.0,"{""type"":""MultiPoint"",""coordinates"":[]}"
00000000000000001961,1.96,592.0,135.0,138.0,41.0,2674.0,133.0,3961.0,"{""type"":""MultiPoint"",""coordinates"":[]}"
00000000000000001967,0.93,592.0,122.0,184.0,41.0,2668.0,145.0,3967.0,"{""type"":""MultiPoint"",""coordinates"":[]}"
00000000000000001969,0.46,592.0,69.0,92.0,41.0,2780.0,86.0,3969.0,"{""type"":""MultiPoint"",""coordinates"":[]}"
0000000000000000196a,0.97,592.0,131.0,177.0,41.0,2839.0,169.0,3970.0,"{""type"":""MultiPoint"",""coordinates"":[]}"
0000000000000000196b,0.76,592.0,109.0,66.0,41.0,2677.0,48.0,3971.0,"{""type"":""MultiPoint"",""coordinates"":[]}"
00000000000000001971,0.97,592.0,104.0,159.0,41.0,2677.0,151.0,3977.0,"{""type"":""MultiPoint"",""coordinates"":[]}"
00000000000000001979,1.7,592.0,73.0,175.0,41.0,2626.0,198.0,3985.0,"{""type"":""MultiPoint"",""coordinates"":[]}"
00000000000000001981,1.29,592.0,78.0,145.0,41.0,2701.0,125.0,3993.0,"{""type"":""MultiPoint"",""coordinates"":[]}"
000000000000000019c7,0.67,592.0,188.0,24.0,41.0,2362.0,63.0,4063.0,"{""type"":""MultiPoint"",""coordinates"":[]}"
00000000000000001c60,1.05,592.0,79.0,109.0,41.0,2648.0,112.0,4728.0,"{""type"":""MultiPoint"",""coordinates"":[]}"
00000000000000001a0a,1.06,720.0,65.0,123.0,41.0,2412.0,140.0,4130.0,"{""type"":""MultiPoint"",""coordinates"":[]}"
000000000000000019af,1.25,561.0,300.0,162.0,41.0,2327.0,162.0,4039.0,"{""type"":""MultiPoint"",""coordinates"":[]}"
00000000000000001974,1.58,593.0,-17.0,148.0,41.0,2760.0,155.0,3980.0,"{""type"":""MultiPoint"",""coordinates"":[]}"
00000000000000001978,1.18,593.0,78.0,73.0,41.0,2771.0,64.0,3984.0,"{""type"":""MultiPoint"",""coordinates"":[]}"
000000000000000019cb,2.09,593.0,252.0,125.0,41.0,2403.0,120.0,4067.0,"{""type"":""MultiPoint"",""coordinates"":[]}"
000000000000000019d2,2.47,593.0,516.0,199.0,41.0,2154.0,296.0,4074.0,"{""type"":""MultiPoint"",""coordinates"":[]}"
000000000000000019e4,2.24,593.0,304.0,214.0,41.0,2322.0,245.0,4092.0,"{""type"":""MultiPoint"",""coordinates"":[]}"
00000000000000001c5a,1.84,593.0,55.0,323.0,41.0,2614.0,371.0,4722.0,"{""type"":""MultiPoint"",""coordinates"":[]}"
00000000000000001c61,1.67,593.0,-31.0,319.0,41.0,2738.0,295.0,4729.0,"{""type"":""MultiPoint"",""coordinates"":[]}"
00000000000000001c6e,0.2,593.0,50.0,24.0,41.0,2628.0,19.0,4742.0,"{""type"":""MultiPoint"",""coordinates"":[]}"
00000000000000001c74,0.03,593.0,-46.0,18.0,41.0,2783.0,5.0,4748.0,"{""type"":""MultiPoint"",""coordinates"":[]}"
000000000000000019a0,2.64,393.0,222.0,462.0,41.0,2243.0,432.0,4024.0,"{""type"":""MultiPoint"",""coordinates"":[]}"
000000000000000019e5,2.27,425.0,-12.0,386.0,41.0,2575.0,414.0,4093.0,"{""type"":""MultiPoint"",""coordinates"":[]}"
00000000000000001922,1.51,441.0,234.0,290.0,41.0,2546.0,333.0,3898.0,"{""type"":""MultiPoint"",""coordinates"":[]}"
00000000000000001950,1.97,594.0,47.0,121.0,41.0,2686.0,122.0,3944.0,"{""type"":""MultiPoint"",""coordinates"":[]}"
00000000000000001963,2.61,594.0,59.0,417.0,41.0,2690.0,362.0,3963.0,"{""type"":""MultiPoint"",""coordinates"":[]}"
00000000000000001973,1.16,594.0,23.0,181.0,41.0,2618.0,144.0,3979.0,"{""type"":""MultiPoint"",""coordinates"":[]}"
0000000000000000197a,1.65,594.0,25.0,300.0,41.0,2613.0,247.0,3986.0,"{""type"":""MultiPoint"",""coordinates"":[]}"
00000000000000001982,1.88,594.0,20.0,325.0,41.0,2625.0,268.0,3994.0,"{""type"":""MultiPoint"",""coordinates"":[]}"
000000000000000019b8,1.93,594.0,316.0,154.0,41.0,2339.0,201.0,4048.0,"{""type"":""MultiPoint"",""coordinates"":[]}"
000000000000000019c4,2.0,594.0,272.0,226.0,41.0,2367.0,233.0,4060.0,"{""type"":""MultiPoint"",""coordinates"":[]}"
00000000000000001c5b,1.08,594.0,34.0,32.0,41.0,2569.0,32.0,4723.0,"{""type"":""MultiPoint"",""coordinates"":[]}"
00000000000000001c5c,1.13,594.0,1.0,106.0,41.0,2606.0,122.0,4724.0,"{""type"":""MultiPoint"",""coordinates"":[]}"
00000000000000001c63,1.64,594.0,3.0,143.0,41.0,2849.0,144.0,4731.0,"{""type"":""MultiPoint"",""coordinates"":[]}"
00000000000000001a29,0.32,690.0,-1.0,26.0,41.0,2422.0,15.0,4161.0,"{""type"":""MultiPoint"",""coordinates"":[]}"
00000000000000001a00,1.43,722.0,126.0,34.0,41.0,2481.0,86.0,4120.0,"{""type"":""MultiPoint"",""coordinates"":[]}"
00000000000000001a08,1.0,722.0,84.0,158.0,41.0,2359.0,190.0,4128.0,"{""type"":""MultiPoint"",""coordinates"":[]}"
00000000000000001a2c,0.27,722.0,37.0,9.0,41.0,2545.0,26.0,4164.0,"{""type"":""MultiPoint"",""coordinates"":[]}"
000000000000000019aa,0.36,563.0,-51.0,-29.0,41.0,2580.0,-45.0,4034.0,"{""type"":""MultiPoint"",""coordinates"":[]}"
0000000000000000194f,2.58,595.0,9.0,221.0,41.0,2606.0,294.0,3943.0,"{""type"":""MultiPoint"",""coordinates"":[]}"
00000000000000001958,2.98,595.0,76.0,290.0,41.0,2571.0,367.0,3952.0,"{""type"":""MultiPoint"",""coordinates"":[]}"
00000000000000001959,2.89,595.0,74.0,216.0,41.0,2520.0,267.0,3953.0,"{""type"":""MultiPoint"",""coordinates"":[]}"
0000000000000000196c,0.04,595.0,84.0,118.0,41.0,2608.0,120.0,3972.0,"{""type"":""MultiPoint"",""coordinates"":[]}"
00000000000000001c69,2.22,595.0,74.0,247.0,41.0,2545.0,294.0,4737.0,"{""type"":""MultiPoint"",""coordinates"":[]}"
00000000000000001c6c,0.17,595.0,4.0,33.0,41.0,2713.0,53.0,4740.0,"{""type"":""MultiPoint"",""coordinates"":[]}"
00000000000000001a28,1.38,691.0,17.0,117.0,41.0,2505.0,110.0,4160.0,"{""type"":""MultiPoint"",""coordinates"":[]}"
000000000000000018fe,2.6,442.0,359.0,358.0,41.0,2368.0,415.0,3862.0,"{""type"":""MultiPoint"",""coordinates"":[]}"
00000000000000001911,0.62,474.0,28.0,83.0,41.0,2487.0,91.0,3881.0,"{""type"":""MultiPoint"",""coordinates"":[]}"
00000000000000001928,1.3,474.0,86.0,129.0,41.0,2531.0,126.0,3904.0,"{""type"":""MultiPoint"",""coordinates"":[]}"
00000000000000001903,2.63,506.0,8.0,293.0,41.0,2451.0,290.0,3867.0,"{""type"":""MultiPoint"",""coordinates"":[]}"
0000000000000000195a,2.9,596.0,477.0,426.0,41.0,2348.0,440.0,3954.0,"{""type"":""MultiPoint"",""coordinates"":[]}"
00000000000000001975,1.3,596.0,70.0,197.0,41.0,2744.0,196.0,3981.0,"{""type"":""MultiPoint"",""coordinates"":[]}"
000000000000000019b5,1.27,596.0,305.0,28.0,41.0,2418.0,103.0,4045.0,"{""type"":""MultiPoint"",""coordinates"":[]}"
000000000000000019c3,0.7,596.0,204.0,20.0,41.0,2556.0,59.0,4059.0,"{""type"":""MultiPoint"",""coordinates"":[]}"
00000000000000001c6a,1.86,596.0,34.0,295.0,41.0,2602.0,333.0,4738.0,"{""type"":""MultiPoint"",""coordinates"":[]}"
00000000000000001a1b,1.05,692.0,14.0,71.0,41.0,2529.0,64.0,4147.0,"{""type"":""MultiPoint"",""coordinates"":[]}"
00000000000000001a22,1.17,692.0,58.0,57.0,41.0,2411.0,82.0,4154.0,"{""type"":""MultiPoint"",""coordinates"":[]}"
00000000000000001a33,1.96,724.0,224.0,303.0,41.0,2264.0,335.0,4171.0,"{""type"":""MultiPoint"",""coordinates"":[]}"
0000000000000000192d,1.21,533.0,63.0,88.0,41.0,2564.0,49.0,3909.0,"{""type"":""MultiPoint"",""coordinates"":[]}"
00000000000000001972,0.54,597.0,59.0,148.0,41.0,2561.0,113.0,3978.0,"{""type"":""MultiPoint"",""coordinates"":[]}"
000000000000000019ba,1.13,597.0,230.0,45.0,41.0,2373.0,102.0,4050.0,"{""type"":""MultiPoint"",""coordinates"":[]}"
00000000000000001c6f,0.58,597.0,-14.0,46.0,41.0,2620.0,46.0,4743.0,"{""type"":""MultiPoint"",""coordinates"":[]}"
00000000000000001c71,0.11,597.0,-17.0,7.0,41.0,2619.0,10.0,4745.0,"{""type"":""MultiPoint"",""coordinates"":[]}"
00000000000000001c72,0.56,597.0,-21.0,22.0,41.0,2659.0,19.0,4746.0,"{""type"":""MultiPoint"",""coordinates"":[]}"
00000000000000001c73,0.02,597.0,-2.0,10.0,41.0,2775.0,7.0,4747.0,"{""type"":""MultiPoint"",""coordinates"":[]}"
000000000000000019f7,1.41,725.0,220.0,147.0,41.0,2408.0,240.0,4111.0,"{""type"":""MultiPoint"",""coordinates"":[]}"
00000000000000001991,2.2,395.0,50.0,131.0,41.0,2493.0,126.0,4009.0,"{""type"":""MultiPoint"",""coordinates"":[]}"
000000000000000019e8,2.07,427.0,477.0,420.0,41.0,2184.0,474.0,4096.0,"{""type"":""MultiPoint"",""coordinates"":[]}"
00000000000000001957,2.88,598.0,75.0,128.0,41.0,2622.0,135.0,3951.0,"{""type"":""MultiPoint"",""coordinates"":[]}"
00000000000000001966,0.62,598.0,92.0,136.0,41.0,2671.0,136.0,3966.0,"{""type"":""MultiPoint"",""coordinates"":[]}"
00000000000000001977,1.43,598.0,76.0,123.0,41.0,2618.0,156.0,3983.0,"{""type"":""MultiPoint"",""coordinates"":[]}"
000000000000000019c2,1.55,598.0,294.0,134.0,41.0,2374.0,157.0,4058.0,"{""type"":""MultiPoint"",""coordinates"":[]}"
00000000000000001c5f,1.74,598.0,-10.0,34.0,41.0,2619.0,31.0,4727.0,"{""type"":""MultiPoint"",""coordinates"":[]}"
00000000000000001c70,0.75,598.0,-32.0,15.0,41.0,2749.0,18.0,4744.0,"{""type"":""MultiPoint"",""coordinates"":[]}"
00000000000000001c75,1.82,598.0,-26.0,133.0,41.0,2609.0,142.0,4749.0,"{""type"":""MultiPoint"",""coordinates"":[]}"
000000000000000019f6,1.5,726.0,170.0,101.0,41.0,2514.0,134.0,4110.0,"{""type"":""MultiPoint"",""coordinates"":[]}"
000000000000000019f8,2.17,726.0,342.0,125.0,41.0,2335.0,225.0,4112.0,"{""type"":""MultiPoint"",""coordinates"":[]}"
000000000000000019f9,2.59,726.0,563.0,261.0,41.0,1988.0,433.0,4113.0,"{""type"":""MultiPoint"",""coordinates"":[]}"
00000000000000001913,0.63,535.0,33.0,132.0,41.0,2622.0,110.0,3883.0,"{""type"":""MultiPoint"",""coordinates"":[]}"
0000000000000000192c,1.0,535.0,79.0,211.0,41.0,2696.0,181.0,3908.0,"{""type"":""MultiPoint"",""coordinates"":[]}"
000000000000000019d6,2.53,567.0,71.0,59.0,41.0,2456.0,88.0,4078.0,"{""type"":""MultiPoint"",""coordinates"":[]}"
00000000000000001976,1.43,599.0,77.0,144.0,41.0,2558.0,171.0,3982.0,"{""type"":""MultiPoint"",""coordinates"":[]}"
000000000000000019c1,1.56,599.0,278.0,31.0,41.0,2378.0,105.0,4057.0,"{""type"":""MultiPoint"",""coordinates"":[]}"
00000000000000001c64,2.49,599.0,32.0,283.0,41.0,2509.0,381.0,4732.0,"{""type"":""MultiPoint"",""coordinates"":[]}"
00000000000000001c65,0.72,599.0,26.0,164.0,41.0,2448.0,252.0,4733.0,"{""type"":""MultiPoint"",""coordinates"":[]}"
00000000000000001c66,1.69,599.0,138.0,236.0,41.0,2574.0,297.0,4734.0,"{""type"":""MultiPoint"",""coordinates"":[]}"
00000000000000001a24,1.48,695.0,114.0,76.0,41.0,2480.0,74.0,4156.0,"{""type"":""MultiPoint"",""coordinates"":[]}"
000000000000000019f2,1.12,727.0,123.0,24.0,41.0,2442.0,94.0,4106.0,"{""type"":""MultiPoint"",""coordinates"":[]}"
000000000000000019fa,2.56,727.0,517.0,314.0,41.0,2017.0,465.0,4114.0,"{""type"":""MultiPoint"",""coordinates"":[]}"
000000000000000019a5,2.39,380.0,299.0,524.0,41.0,2149.0,512.0,4029.0,"{""type"":""MultiPoint"",""coordinates"":[]}"
000000000000000019a7,2.41,380.0,98.0,478.0,41.0,2246.0,461.0,4031.0,"{""type"":""MultiPoint"",""coordinates"":[]}"
0000000000000000199b,2.34,412.0,80.0,526.0,41.0,2473.0,476.0,4019.0,"{""type"":""MultiPoint"",""coordinates"":[]}"
00000000000000001925,1.03,536.0,61.0,53.0,41.0,2498.0,30.0,3901.0,"{""type"":""MultiPoint"",""coordinates"":[]}"
00000000000000001c68,0.44,600.0,-19.0,17.0,41.0,2523.0,12.0,4736.0,"{""type"":""MultiPoint"",""coordinates"":[]}"
00000000000000001a32,1.27,696.0,100.0,139.0,41.0,2449.0,134.0,4170.0,"{""type"":""MultiPoint"",""coordinates"":[]}"
000000000000000019e9,2.17,728.0,94.0,197.0,41.0,2363.0,205.0,4097.0,"{""type"":""MultiPoint"",""coordinates"":[]}"
000000000000000019ea,1.61,728.0,165.0,103.0,41.0,2417.0,155.0,4098.0,"{""type"":""MultiPoint"",""coordinates"":[]}"
000000000000000019fb,2.45,728.0,457.0,227.0,41.0,2185.0,333.0,4115.0,"{""type"":""MultiPoint"",""coordinates"":[]}"
000000000000000019d1,2.08,569.0,475.0,188.0,41.0,2285.0,230.0,4073.0,"{""type"":""MultiPoint"",""coordinates"":[]}"
0000000000000000196f,0.91,601.0,94.0,98.0,41.0,2559.0,109.0,3975.0,"{""type"":""MultiPoint"",""coordinates"":[]}"
00000000000000001c67,0.85,601.0,4.0,3.0,41.0,2649.0,9.0,4735.0,"{""type"":""MultiPoint"",""coordinates"":[]}"
000000000000000019ee,2.1,729.0,110.0,110.0,41.0,2425.0,119.0,4102.0,"{""type"":""MultiPoint"",""coordinates"":[]}"
00000000000000001926,1.91,477.0,156.0,291.0,41.0,2560.0,300.0,3902.0,"{""type"":""MultiPoint"",""coordinates"":[]}"
0000000000000000194d,2.53,570.0,63.0,233.0,41.0,2499.0,322.0,3941.0,"{""type"":""MultiPoint"",""coordinates"":[]}"
00000000000000001c59,1.98,602.0,34.0,223.0,41.0,2740.0,235.0,4721.0,"{""type"":""MultiPoint"",""coordinates"":[]}"
00000000000000001a27,2.84,698.0,371.0,199.0,41.0,2185.0,290.0,4159.0,"{""type"":""MultiPoint"",""coordinates"":[]}"
0000000000000000194e,2.69,571.0,89.0,332.0,41.0,2497.0,368.0,3942.0,"{""type"":""MultiPoint"",""coordinates"":[]}"
000000000000000019b3,1.66,571.0,449.0,152.0,41.0,2304.0,192.0,4043.0,"{""type"":""MultiPoint"",""coordinates"":[]}"
00000000000000001968,0.24,603.0,84.0,76.0,41.0,2701.0,84.0,3968.0,"{""type"":""MultiPoint"",""coordinates"":[]}"
00000000000000001a01,2.85,699.0,603.0,234.0,41.0,1982.0,405.0,4121.0,"{""type"":""MultiPoint"",""coordinates"":[]}"
00000000000000001a0b,2.04,699.0,187.0,294.0,41.0,2270.0,353.0,4131.0,"{""type"":""MultiPoint"",""coordinates"":[]}"
000000000000000019b2,2.18,572.0,362.0,211.0,41.0,2290.0,225.0,4042.0,"{""type"":""MultiPoint"",""coordinates"":[]}"
000000000000000019f4,2.8,700.0,585.0,298.0,41.0,2008.0,426.0,4108.0,"{""type"":""MultiPoint"",""coordinates"":[]}"
00000000000000001a0e,1.84,700.0,187.0,162.0,41.0,2403.0,191.0,4134.0,"{""type"":""MultiPoint"",""coordinates"":[]}"
0000000000000000194a,2.71,573.0,-13.0,311.0,41.0,2526.0,338.0,3938.0,"{""type"":""MultiPoint"",""coordinates"":[]}"
00000000000000001a1c,2.51,701.0,342.0,270.0,41.0,2187.0,376.0,4148.0,"{""type"":""MultiPoint"",""coordinates"":[]}"
0000000000000000198e,1.28,495.0,97.0,90.0,41.0,2497.0,100.0,4006.0,"{""type"":""MultiPoint"",""coordinates"":[]}"
00000000000000001915,0.7,542.0,68.0,45.0,41.0,2505.0,30.0,3885.0,"{""type"":""MultiPoint"",""coordinates"":[]}"
000000000000000019f5,2.39,702.0,353.0,109.0,41.0,2227.0,251.0,4109.0,"{""type"":""MultiPoint"",""coordinates"":[]}"
00000000000000001a17,1.88,702.0,105.0,175.0,41.0,2420.0,180.0,4143.0,"{""type"":""MultiPoint"",""coordinates"":[]}"
00000000000000001a1d,1.12,702.0,56.0,50.0,41.0,2449.0,99.0,4149.0,"{""type"":""MultiPoint"",""coordinates"":[]}"
00000000000000001916,0.48,543.0,70.0,34.0,41.0,2689.0,28.0,3886.0,"{""type"":""MultiPoint"",""coordinates"":[]}"
0000000000000000191b,0.03,543.0,75.0,61.0,41.0,2611.0,50.0,3891.0,"{""type"":""MultiPoint"",""coordinates"":[]}"
00000000000000001953,2.62,543.0,124.0,276.0,41.0,2488.0,367.0,3947.0,"{""type"":""MultiPoint"",""coordinates"":[]}"
00000000000000001964,2.32,607.0,91.0,138.0,41.0,2571.0,194.0,3964.0,"{""type"":""MultiPoint"",""coordinates"":[]}"
0000000000000000197f,0.97,607.0,74.0,127.0,41.0,2565.0,166.0,3991.0,"{""type"":""MultiPoint"",""coordinates"":[]}"
00000000000000001c58,1.14,607.0,-7.0,87.0,41.0,2763.0,58.0,4720.0,"{""type"":""MultiPoint"",""coordinates"":[]}"
00000000000000001a15,2.81,703.0,578.0,242.0,41.0,2009.0,388.0,4141.0,"{""type"":""MultiPoint"",""coordinates"":[]}"
000000000000000007e7,2.97,304.0,430.0,297.0,43.0,1962.0,503.0,7528.0,"{""type"":""MultiPoint"",""coordinates"":[]}"
000000000000000007b8,0.7,320.0,137.0,21.0,43.0,2612.0,42.0,7481.0,"{""type"":""MultiPoint"",""coordinates"":[]}"
00000000000000000819,1.89,320.0,476.0,199.0,43.0,2378.0,291.0,7578.0,"{""type"":""MultiPoint"",""coordinates"":[]}"
000000000000000007f7,1.38,336.0,69.0,80.0,43.0,2359.0,162.0,7544.0,"{""type"":""MultiPoint"",""coordinates"":[]}"
00000000000000000836,1.87,336.0,77.0,200.0,43.0,2421.0,200.0,7607.0,"{""type"":""MultiPoint"",""coordinates"":[]}"
00000000000000000861,1.84,336.0,-26.0,185.0,43.0,2594.0,216.0,7650.0,"{""type"":""MultiPoint"",""coordinates"":[]}"
00000000000000000876,2.06,336.0,-67.0,155.0,43.0,2507.0,176.0,7671.0,"{""type"":""MultiPoint"",""coordinates"":[]}"
00000000000000000890,2.71,336.0,273.0,330.0,43.0,2278.0,420.0,7697.0,"{""type"":""MultiPoint"",""coordinates"":[]}"
00000000000000000893,2.85,336.0,332.0,262.0,43.0,2359.0,367.0,7700.0,"{""type"":""MultiPoint"",""coordinates"":[]}"
000000000000000008d9,2.78,352.0,460.0,452.0,43.0,2109.0,530.0,7770.0,"{""type"":""MultiPoint"",""coordinates"":[]}"
000000000000000008da,1.6,352.0,20.0,319.0,43.0,2357.0,347.0,7771.0,"{""type"":""MultiPoint"",""coordinates"":[]}"
000000000000000008e3,0.68,352.0,82.0,49.0,43.0,2944.0,37.0,7780.0,"{""type"":""MultiPoint"",""coordinates"":[]}"
000000000000000008e4,0.84,352.0,70.0,18.0,43.0,2990.0,15.0,7781.0,"{""type"":""MultiPoint"",""coordinates"":[]}"
000000000000000007e9,1.64,305.0,104.0,140.0,43.0,2469.0,226.0,7530.0,"{""type"":""MultiPoint"",""coordinates"":[]}"
000000000000000007a5,0.57,321.0,84.0,27.0,43.0,2423.0,48.0,7462.0,"{""type"":""MultiPoint"",""coordinates"":[]}"
000000000000000007b6,0.97,321.0,87.0,29.0,43.0,2409.0,55.0,7479.0,"{""type"":""MultiPoint"",""coordinates"":[]}"
000000000000000007fc,1.07,321.0,107.0,117.0,43.0,2469.0,203.0,7549.0,"{""type"":""MultiPoint"",""coordinates"":[]}"
00000000000000000825,0.91,321.0,-10.0,87.0,43.0,2803.0,103.0,7590.0,"{""type"":""MultiPoint"",""coordinates"":[]}"
00000000000000000826,1.66,321.0,7.0,257.0,43.0,2487.0,270.0,7591.0,"{""type"":""MultiPoint"",""coordinates"":[]}"
0000000000000000082e,0.77,321.0,-13.0,73.0,43.0,2379.0,44.0,7599.0,"{""type"":""MultiPoint"",""coordinates"":[]}"
000000000000000008d3,1.42,321.0,580.0,250.0,43.0,2146.0,430.0,7764.0,"{""type"":""MultiPoint"",""coordinates"":[]}"
0000000000000000088f,0.35,337.0,-12.0,100.0,43.0,2662.0,57.0,7696.0,"{""type"":""MultiPoint"",""coordinates"":[]}"
000000000000000008b4,1.97,337.0,48.0,140.0,43.0,2556.0,213.0,7733.0,"{""type"":""MultiPoint"",""coordinates"":[]}"
000000000000000008b5,0.96,337.0,183.0,-18.0,43.0,2932.0,-6.0,7734.0,"{""type"":""MultiPoint"",""coordinates"":[]}"
0000000000000000087d,1.15,353.0,-62.0,132.0,43.0,2659.0,158.0,7678.0,"{""type"":""MultiPoint"",""coordinates"":[]}"
000000000000000008d8,0.5,353.0,-36.0,172.0,43.0,2533.0,192.0,7769.0,"{""type"":""MultiPoint"",""coordinates"":[]}"
000000000000000008e2,0.86,353.0,34.0,44.0,43.0,2851.0,45.0,7779.0,"{""type"":""MultiPoint"",""coordinates"":[]}"
00000000000000000859,2.16,369.0,-121.0,59.0,43.0,2596.0,118.0,7642.0,"{""type"":""MultiPoint"",""coordinates"":[]}"
0000000000000000085a,1.91,369.0,-101.0,38.0,43.0,2587.0,99.0,7643.0,"{""type"":""MultiPoint"",""coordinates"":[]}"
0000000000000000085f,0.93,369.0,25.0,-113.0,43.0,2840.0,-169.0,7648.0,"{""type"":""MultiPoint"",""coordinates"":[]}"
00000000000000000864,1.0,369.0,22.0,-114.0,43.0,2844.0,-171.0,7653.0,"{""type"":""MultiPoint"",""coordinates"":[]}"
000000000000000007a4,2.27,322.0,184.0,111.0,43.0,2284.0,141.0,7461.0,"{""type"":""MultiPoint"",""coordinates"":[]}"
000000000000000007e0,2.96,322.0,355.0,128.0,43.0,2378.0,276.0,7521.0,"{""type"":""MultiPoint"",""coordinates"":[]}"
0000000000000000082f,0.9,322.0,-5.0,66.0,43.0,2365.0,38.0,7600.0,"{""type"":""MultiPoint"",""coordinates"":[]}"
0000000000000000083b,0.79,322.0,150.0,157.0,43.0,2476.0,180.0,7612.0,"{""type"":""MultiPoint"",""coordinates"":[]}"
0000000000000000083e,2.84,322.0,330.0,189.0,43.0,2480.0,280.0,7615.0,"{""type"":""MultiPoint"",""coordinates"":[]}"
00000000000000000895,1.06,322.0,-61.0,131.0,43.0,2413.0,118.0,7702.0,"{""type"":""MultiPoint"",""coordinates"":[]}"
000000000000000008d2,0.86,322.0,171.0,-2.0,43.0,2753.0,20.0,7763.0,"{""type"":""MultiPoint"",""coordinates"":[]}"
000000000000000008d4,2.89,322.0,578.0,271.0,43.0,2111.0,469.0,7765.0,"{""type"":""MultiPoint"",""coordinates"":[]}"
000000000000000008d5,2.92,322.0,463.0,375.0,43.0,2054.0,527.0,7766.0,"{""type"":""MultiPoint"",""coordinates"":[]}"
000000000000000007ff,0.98,338.0,57.0,-6.0,43.0,2447.0,-6.0,7552.0,"{""type"":""MultiPoint"",""coordinates"":[]}"
00000000000000000808,0.78,354.0,98.0,152.0,43.0,2503.0,126.0,7561.0,"{""type"":""MultiPoint"",""coordinates"":[]}"
00000000000000000867,2.61,370.0,34.0,191.0,43.0,2350.0,286.0,7656.0,"{""type"":""MultiPoint"",""coordinates"":[]}"
00000000000000000869,1.98,370.0,-37.0,171.0,43.0,2433.0,272.0,7658.0,"{""type"":""MultiPoint"",""coordinates"":[]}"
0000000000000000086b,2.66,370.0,109.0,147.0,43.0,2450.0,284.0,7660.0,"{""type"":""MultiPoint"",""coordinates"":[]}"
000000000000000007eb,0.74,307.0,26.0,98.0,43.0,2455.0,141.0,7532.0,"{""type"":""MultiPoint"",""coordinates"":[]}"
000000000000000007a3,1.79,323.0,46.0,77.0,43.0,2334.0,104.0,7460.0,"{""type"":""MultiPoint"",""coordinates"":[]}"
000000000000000007e2,2.57,323.0,183.0,116.0,43.0,2454.0,234.0,7523.0,"{""type"":""MultiPoint"",""coordinates"":[]}"
00000000000000000815,2.39,323.0,187.0,240.0,43.0,2202.0,272.0,7574.0,"{""type"":""MultiPoint"",""coordinates"":[]}"
00000000000000000835,0.94,339.0,127.0,69.0,43.0,2905.0,81.0,7606.0,"{""type"":""MultiPoint"",""coordinates"":[]}"
000000000000000008a7,0.13,339.0,-41.0,119.0,43.0,2509.0,74.0,7720.0,"{""type"":""MultiPoint"",""coordinates"":[]}"
000000000000000008ba,1.41,339.0,33.0,56.0,43.0,2822.0,56.0,7739.0,"{""type"":""MultiPoint"",""coordinates"":[]}"
000000000000000008c3,2.74,339.0,355.0,199.0,43.0,2413.0,321.0,7748.0,"{""type"":""MultiPoint"",""coordinates"":[]}"
000000000000000008c4,0.88,339.0,-65.0,136.0,43.0,2581.0,129.0,7749.0,"{""type"":""MultiPoint"",""coordinates"":[]}"
00000000000000000807,2.24,355.0,105.0,195.0,43.0,2466.0,199.0,7560.0,"{""type"":""MultiPoint"",""coordinates"":[]}"
00000000000000000848,1.51,371.0,-98.0,70.0,43.0,2598.0,141.0,7625.0,"{""type"":""MultiPoint"",""coordinates"":[]}"
00000000000000000856,2.0,371.0,32.0,149.0,43.0,2515.0,223.0,7639.0,"{""type"":""MultiPoint"",""coordinates"":[]}"
00000000000000000857,2.37,371.0,12.0,167.0,43.0,2515.0,254.0,7640.0,"{""type"":""MultiPoint"",""coordinates"":[]}"
00000000000000000860,2.39,371.0,-40.0,67.0,43.0,2715.0,137.0,7649.0,"{""type"":""MultiPoint"",""coordinates"":[]}"
00000000000000000865,2.27,371.0,88.0,131.0,43.0,2356.0,286.0,7654.0,"{""type"":""MultiPoint"",""coordinates"":[]}"
0000000000000000086d,2.27,371.0,170.0,162.0,43.0,2299.0,322.0,7662.0,"{""type"":""MultiPoint"",""coordinates"":[]}"
0000000000000000084c,2.49,387.0,66.0,67.0,43.0,2635.0,140.0,7629.0,"{""type"":""MultiPoint"",""coordinates"":[]}"
000000000000000007b4,0.76,324.0,102.0,5.0,43.0,2492.0,31.0,7477.0,"{""type"":""MultiPoint"",""coordinates"":[]}"
000000000000000007c5,0.88,324.0,74.0,75.0,43.0,2485.0,96.0,7494.0,"{""type"":""MultiPoint"",""coordinates"":[]}"
000000000000000007c7,1.32,324.0,92.0,58.0,43.0,2391.0,89.0,7496.0,"{""type"":""MultiPoint"",""coordinates"":[]}"
00000000000000000894,1.8,324.0,186.0,161.0,43.0,2701.0,233.0,7701.0,"{""type"":""MultiPoint"",""coordinates"":[]}"
000000000000000007f5,0.22,340.0,49.0,40.0,43.0,2454.0,52.0,7542.0,"{""type"":""MultiPoint"",""coordinates"":[]}"
0000000000000000085d,2.3,340.0,-98.0,139.0,43.0,2658.0,176.0,7646.0,"{""type"":""MultiPoint"",""coordinates"":[]}"
0000000000000000088c,0.87,340.0,-9.0,137.0,43.0,2512.0,103.0,7693.0,"{""type"":""MultiPoint"",""coordinates"":[]}"
0000000000000000088e,1.7,340.0,15.0,315.0,43.0,2389.0,304.0,7695.0,"{""type"":""MultiPoint"",""coordinates"":[]}"
0000000000000000089f,1.84,340.0,17.0,303.0,43.0,2389.0,307.0,7712.0,"{""type"":""MultiPoint"",""coordinates"":[]}"
000000000000000008bb,0.97,340.0,45.0,23.0,43.0,2812.0,7.0,7740.0,"{""type"":""MultiPoint"",""coordinates"":[]}"
000000000000000008bc,1.13,340.0,77.0,30.0,43.0,2858.0,9.0,7741.0,"{""type"":""MultiPoint"",""coordinates"":[]}"
000000000000000008c1,2.36,340.0,229.0,138.0,43.0,2577.0,203.0,7746.0,"{""type"":""MultiPoint"",""coordinates"":[]}"
000000000000000008c2,2.66,340.0,330.0,196.0,43.0,2405.0,311.0,7747.0,"{""type"":""MultiPoint"",""coordinates"":[]}"
000000000000000008c5,1.24,340.0,-25.0,129.0,43.0,2641.0,127.0,7750.0,"{""type"":""MultiPoint"",""coordinates"":[]}"
000000000000000007c8,1.92,325.0,204.0,108.0,43.0,2349.0,175.0,7497.0,"{""type"":""MultiPoint"",""coordinates"":[]}"
000000000000000007c9,1.15,325.0,52.0,50.0,43.0,2370.0,76.0,7498.0,"{""type"":""MultiPoint"",""coordinates"":[]}"
0000000000000000082c,2.67,325.0,362.0,338.0,43.0,2034.0,475.0,7597.0,"{""type"":""MultiPoint"",""coordinates"":[]}"
0000000000000000083c,0.54,325.0,-28.0,184.0,43.0,2403.0,170.0,7613.0,"{""type"":""MultiPoint"",""coordinates"":[]}"
00000000000000000840,2.91,325.0,509.0,324.0,43.0,2046.0,478.0,7617.0,"{""type"":""MultiPoint"",""coordinates"":[]}"
000000000000000008d6,2.01,325.0,78.0,371.0,43.0,2372.0,412.0,7767.0,"{""type"":""MultiPoint"",""coordinates"":[]}"
0000000000000000088b,1.67,341.0,156.0,317.0,43.0,2370.0,349.0,7692.0,"{""type"":""MultiPoint"",""coordinates"":[]}"
000000000000000008bd,1.1,341.0,52.0,24.0,43.0,2838.0,8.0,7742.0,"{""type"":""MultiPoint"",""coordinates"":[]}"
000000000000000008be,1.08,341.0,61.0,40.0,43.0,2857.0,45.0,7743.0,"{""type"":""MultiPoint"",""coordinates"":[]}"
000000000000000008bf,1.93,341.0,-52.0,94.0,43.0,2753.0,83.0,7744.0,"{""type"":""MultiPoint"",""coordinates"":[]}"
000000000000000008c0,2.32,341.0,51.0,55.0,43.0,2869.0,56.0,7745.0,"{""type"":""MultiPoint"",""coordinates"":[]}"
00000000000000000844,1.64,373.0,-108.0,63.0,43.0,2588.0,82.0,7621.0,"{""type"":""MultiPoint"",""coordinates"":[]}"
0000000000000000086f,1.77,373.0,-7.0,61.0,43.0,2636.0,115.0,7664.0,"{""type"":""MultiPoint"",""coordinates"":[]}"
00000000000000000871,2.25,373.0,20.0,37.0,43.0,2826.0,88.0,7666.0,"{""type"":""MultiPoint"",""coordinates"":[]}"
000000000000000007bd,0.62,310.0,64.0,58.0,43.0,2353.0,76.0,7486.0,"{""type"":""MultiPoint"",""coordinates"":[]}"
000000000000000007d2,2.32,310.0,450.0,243.0,43.0,1953.0,372.0,7507.0,"{""type"":""MultiPoint"",""coordinates"":[]}"
000000000000000007d3,1.66,310.0,236.0,71.0,43.0,2278.0,106.0,7508.0,"{""type"":""MultiPoint"",""coordinates"":[]}"
000000000000000007ed,2.99,310.0,417.0,332.0,43.0,2030.0,507.0,7534.0,"{""type"":""MultiPoint"",""coordinates"":[]}"
000000000000000007de,0.32,326.0,-32.0,147.0,43.0,2499.0,188.0,7519.0,"{""type"":""MultiPoint"",""coordinates"":[]}"
00000000000000000811,2.47,326.0,84.0,431.0,43.0,2206.0,447.0,7570.0,"{""type"":""MultiPoint"",""coordinates"":[]}"
00000000000000000814,2.66,326.0,447.0,454.0,43.0,1933.0,577.0,7573.0,"{""type"":""MultiPoint"",""coordinates"":[]}"
00000000000000000817,2.56,326.0,508.0,420.0,43.0,1876.0,596.0,7576.0,"{""type"":""MultiPoint"",""coordinates"":[]}"
000000000000000008d7,1.82,326.0,69.0,355.0,43.0,2367.0,410.0,7768.0,"{""type"":""MultiPoint"",""coordinates"":[]}"
00000000000000000831,1.87,342.0,177.0,272.0,43.0,2443.0,286.0,7602.0,"{""type"":""MultiPoint"",""coordinates"":[]}"
00000000000000000832,1.32,342.0,243.0,78.0,43.0,2716.0,164.0,7603.0,"{""type"":""MultiPoint"",""coordinates"":[]}"
00000000000000000833,1.37,342.0,108.0,213.0,43.0,2570.0,205.0,7604.0,"{""type"":""MultiPoint"",""coordinates"":[]}"
00000000000000000877,1.39,342.0,-44.0,88.0,43.0,2677.0,96.0,7672.0,"{""type"":""MultiPoint"",""coordinates"":[]}"
000000000000000008e6,0.68,342.0,45.0,18.0,43.0,2743.0,18.0,7783.0,"{""type"":""MultiPoint"",""coordinates"":[]}"
000000000000000007d1,0.32,311.0,214.0,81.0,43.0,2225.0,158.0,7506.0,"{""type"":""MultiPoint"",""coordinates"":[]}"
000000000000000007d4,1.34,311.0,110.0,23.0,43.0,2459.0,101.0,7509.0,"{""type"":""MultiPoint"",""coordinates"":[]}"
000000000000000007f6,1.36,311.0,27.0,172.0,43.0,2315.0,139.0,7543.0,"{""type"":""MultiPoint"",""coordinates"":[]}"
000000000000000007b0,0.94,327.0,107.0,156.0,43.0,2272.0,221.0,7473.0,"{""type"":""MultiPoint"",""coordinates"":[]}"
000000000000000007b2,1.09,327.0,82.0,135.0,43.0,2351.0,181.0,7475.0,"{""type"":""MultiPoint"",""coordinates"":[]}"
000000000000000007dc,2.93,327.0,264.0,234.0,43.0,2178.0,441.0,7517.0,"{""type"":""MultiPoint"",""coordinates"":[]}"
00000000000000000828,1.5,327.0,109.0,176.0,43.0,2497.0,197.0,7593.0,"{""type"":""MultiPoint"",""coordinates"":[]}"
0000000000000000083a,2.8,327.0,740.0,395.0,43.0,1898.0,503.0,7611.0,"{""type"":""MultiPoint"",""coordinates"":[]}"
00000000000000000888,0.39,327.0,58.0,60.0,43.0,3033.0,39.0,7689.0,"{""type"":""MultiPoint"",""coordinates"":[]}"
00000000000000000897,1.39,327.0,-38.0,261.0,43.0,2479.0,265.0,7704.0,"{""type"":""MultiPoint"",""coordinates"":[]}"
000000000000000008cd,2.7,327.0,453.0,386.0,43.0,2070.0,536.0,7758.0,"{""type"":""MultiPoint"",""coordinates"":[]}"
00000000000000000834,0.81,343.0,102.0,81.0,43.0,3003.0,120.0,7605.0,"{""type"":""MultiPoint"",""coordinates"":[]}"
00000000000000000846,1.8,375.0,-84.0,61.0,43.0,2711.0,117.0,7623.0,"{""type"":""MultiPoint"",""coordinates"":[]}"
000000000000000007ae,1.99,312.0,215.0,142.0,43.0,2309.0,177.0,7471.0,"{""type"":""MultiPoint"",""coordinates"":[]}"
000000000000000007bf,1.5,312.0,-42.0,67.0,43.0,2327.0,43.0,7488.0,"{""type"":""MultiPoint"",""coordinates"":[]}"
000000000000000007ce,2.94,312.0,522.0,122.0,43.0,2154.0,239.0,7503.0,"{""type"":""MultiPoint"",""coordinates"":[]}"
000000000000000007d0,1.82,312.0,357.0,107.0,43.0,2175.0,169.0,7505.0,"{""type"":""MultiPoint"",""coordinates"":[]}"
000000000000000007f4,1.5,312.0,-9.0,129.0,43.0,2339.0,151.0,7541.0,"{""type"":""MultiPoint"",""coordinates"":[]}"
00000000000000000810,0.81,328.0,282.0,51.0,43.0,2762.0,101.0,7569.0,"{""type"":""MultiPoint"",""coordinates"":[]}"
0000000000000000082b,2.55,328.0,459.0,369.0,43.0,2044.0,517.0,7596.0,"{""type"":""MultiPoint"",""coordinates"":[]}"
0000000000000000082d,0.6,328.0,-3.0,88.0,43.0,2531.0,77.0,7598.0,"{""type"":""MultiPoint"",""coordinates"":[]}"
00000000000000000887,2.02,328.0,274.0,285.0,43.0,2517.0,324.0,7688.0,"{""type"":""MultiPoint"",""coordinates"":[]}"
00000000000000000889,1.39,328.0,-2.0,247.0,43.0,2557.0,262.0,7690.0,"{""type"":""MultiPoint"",""coordinates"":[]}"
0000000000000000088a,1.25,328.0,102.0,185.0,43.0,2703.0,214.0,7691.0,"{""type"":""MultiPoint"",""coordinates"":[]}"
000000000000000008a1,0.92,328.0,-17.0,126.0,43.0,2657.0,86.0,7714.0,"{""type"":""MultiPoint"",""coordinates"":[]}"
000000000000000008cb,0.56,328.0,109.0,-23.0,43.0,2766.0,-34.0,7756.0,"{""type"":""MultiPoint"",""coordinates"":[]}"
000000000000000008cc,2.82,328.0,528.0,369.0,43.0,2009.0,556.0,7757.0,"{""type"":""MultiPoint"",""coordinates"":[]}"
00000000000000000878,0.92,344.0,-9.0,-4.0,43.0,2655.0,12.0,7673.0,"{""type"":""MultiPoint"",""coordinates"":[]}"
000000000000000008a9,2.71,344.0,306.0,375.0,43.0,2064.0,508.0,7722.0,"{""type"":""MultiPoint"",""coordinates"":[]}"
000000000000000008aa,2.78,344.0,290.0,426.0,43.0,2045.0,524.0,7723.0,"{""type"":""MultiPoint"",""coordinates"":[]}"
000000000000000008ab,2.86,344.0,409.0,452.0,43.0,1968.0,561.0,7724.0,"{""type"":""MultiPoint"",""coordinates"":[]}"
000000000000000008df,1.43,344.0,12.0,249.0,43.0,2384.0,268.0,7776.0,"{""type"":""MultiPoint"",""coordinates"":[]}"
000000000000000007bb,1.36,313.0,77.0,91.0,43.0,2318.0,107.0,7484.0,"{""type"":""MultiPoint"",""coordinates"":[]}"
000000000000000007cc,1.39,313.0,213.0,43.0,43.0,2509.0,90.0,7501.0,"{""type"":""MultiPoint"",""coordinates"":[]}"
000000000000000007ef,1.13,313.0,41.0,154.0,43.0,2404.0,284.0,7536.0,"{""type"":""MultiPoint"",""coordinates"":[]}"
000000000000000007f8,2.06,313.0,193.0,87.0,43.0,2403.0,168.0,7545.0,"{""type"":""MultiPoint"",""coordinates"":[]}"
000000000000000007cd,2.91,329.0,301.0,261.0,43.0,2125.0,373.0,7502.0,"{""type"":""MultiPoint"",""coordinates"":[]}"
000000000000000007cf,1.31,329.0,32.0,94.0,43.0,2365.0,141.0,7504.0,"{""type"":""MultiPoint"",""coordinates"":[]}"
00000000000000000812,1.82,329.0,-42.0,217.0,43.0,2473.0,170.0,7571.0,"{""type"":""MultiPoint"",""coordinates"":[]}"
0000000000000000082a,2.6,329.0,420.0,342.0,43.0,2104.0,500.0,7595.0,"{""type"":""MultiPoint"",""coordinates"":[]}"
00000000000000000841,0.9,329.0,111.0,65.0,43.0,2669.0,61.0,7618.0,"{""type"":""MultiPoint"",""coordinates"":[]}"
00000000000000000882,2.32,329.0,202.0,387.0,43.0,2175.0,447.0,7683.0,"{""type"":""MultiPoint"",""coordinates"":[]}"
000000000000000008a2,1.17,329.0,-29.0,166.0,43.0,2536.0,123.0,7715.0,"{""type"":""MultiPoint"",""coordinates"":[]}"
000000000000000008a3,0.28,329.0,-46.0,182.0,43.0,2477.0,138.0,7716.0,"{""type"":""MultiPoint"",""coordinates"":[]}"
000000000000000008a6,2.55,329.0,185.0,242.0,43.0,2480.0,311.0,7719.0,"{""type"":""MultiPoint"",""coordinates"":[]}"
0000000000000000087f,1.81,345.0,-103.0,99.0,43.0,2594.0,116.0,7680.0,"{""type"":""MultiPoint"",""coordinates"":[]}"
000000000000000008af,2.68,345.0,477.0,366.0,43.0,2170.0,469.0,7728.0,"{""type"":""MultiPoint"",""coordinates"":[]}"
000000000000000008de,2.74,345.0,415.0,394.0,43.0,2189.0,478.0,7775.0,"{""type"":""MultiPoint"",""coordinates"":[]}"
00000000000000000847,1.4,361.0,-20.0,24.0,43.0,2597.0,56.0,7624.0,"{""type"":""MultiPoint"",""coordinates"":[]}"
0000000000000000084d,1.49,377.0,-79.0,85.0,43.0,2691.0,147.0,7630.0,"{""type"":""MultiPoint"",""coordinates"":[]}"
00000000000000000872,2.65,377.0,112.0,135.0,43.0,2744.0,166.0,7667.0,"{""type"":""MultiPoint"",""coordinates"":[]}"
000000000000000007ab,2.35,314.0,211.0,127.0,43.0,2316.0,189.0,7468.0,"{""type"":""MultiPoint"",""coordinates"":[]}"
000000000000000007f2,2.37,314.0,244.0,196.0,43.0,2249.0,311.0,7539.0,"{""type"":""MultiPoint"",""coordinates"":[]}"
0000000000000000081c,2.68,314.0,444.0,494.0,43.0,1861.0,607.0,7581.0,"{""type"":""MultiPoint"",""coordinates"":[]}"
00000000000000000822,0.69,314.0,40.0,295.0,43.0,2287.0,303.0,7587.0,"{""type"":""MultiPoint"",""coordinates"":[]}"
000000000000000007a2,1.51,330.0,80.0,130.0,43.0,2384.0,181.0,7459.0,"{""type"":""MultiPoint"",""coordinates"":[]}"
000000000000000007da,2.91,330.0,395.0,300.0,43.0,2045.0,511.0,7515.0,"{""type"":""MultiPoint"",""coordinates"":[]}"
00000000000000000829,0.81,330.0,-29.0,73.0,43.0,2490.0,59.0,7594.0,"{""type"":""MultiPoint"",""coordinates"":[]}"
00000000000000000839,2.63,330.0,421.0,339.0,43.0,2135.0,425.0,7610.0,"{""type"":""MultiPoint"",""coordinates"":[]}"
00000000000000000883,2.78,330.0,199.0,419.0,43.0,2191.0,453.0,7684.0,"{""type"":""MultiPoint"",""coordinates"":[]}"
00000000000000000885,1.38,330.0,-14.0,290.0,43.0,2422.0,264.0,7686.0,"{""type"":""MultiPoint"",""coordinates"":[]}"
00000000000000000898,0.76,330.0,-84.0,180.0,43.0,2504.0,151.0,7705.0,"{""type"":""MultiPoint"",""coordinates"":[]}"
000000000000000008a4,0.13,330.0,-59.0,129.0,43.0,2504.0,103.0,7717.0,"{""type"":""MultiPoint"",""coordinates"":[]}"
000000000000000008ca,0.73,330.0,186.0,-26.0,43.0,2886.0,-11.0,7755.0,"{""type"":""MultiPoint"",""coordinates"":[]}"
000000000000000007fe,2.07,346.0,110.0,191.0,43.0,2518.0,223.0,7551.0,"{""type"":""MultiPoint"",""coordinates"":[]}"
00000000000000000800,0.34,346.0,131.0,96.0,43.0,2653.0,117.0,7553.0,"{""type"":""MultiPoint"",""coordinates"":[]}"
00000000000000000806,2.53,346.0,154.0,139.0,43.0,2583.0,194.0,7559.0,"{""type"":""MultiPoint"",""coordinates"":[]}"
000000000000000008ac,2.79,346.0,560.0,447.0,43.0,1894.0,573.0,7725.0,"{""type"":""MultiPoint"",""coordinates"":[]}"
000000000000000008ad,2.86,346.0,529.0,449.0,43.0,1927.0,553.0,7726.0,"{""type"":""MultiPoint"",""coordinates"":[]}"
000000000000000008dd,1.47,346.0,80.0,227.0,43.0,2418.0,270.0,7774.0,"{""type"":""MultiPoint"",""coordinates"":[]}"
00000000000000000852,1.61,378.0,-109.0,139.0,43.0,2565.0,168.0,7635.0,"{""type"":""MultiPoint"",""coordinates"":[]}"
000000000000000007aa,0.6,315.0,42.0,13.0,43.0,2334.0,28.0,7467.0,"{""type"":""MultiPoint"",""coordinates"":[]}"
000000000000000007b9,2.82,315.0,514.0,144.0,43.0,1994.0,269.0,7482.0,"{""type"":""MultiPoint"",""coordinates"":[]}"
000000000000000007c1,1.29,315.0,279.0,122.0,43.0,2237.0,164.0,7490.0,"{""type"":""MultiPoint"",""coordinates"":[]}"
000000000000000007ca,2.13,315.0,192.0,82.0,43.0,2318.0,156.0,7499.0,"{""type"":""MultiPoint"",""coordinates"":[]}"
000000000000000007f0,1.22,315.0,280.0,110.0,43.0,2339.0,229.0,7537.0,"{""type"":""MultiPoint"",""coordinates"":[]}"
000000000000000007f1,2.35,315.0,241.0,165.0,43.0,2428.0,297.0,7538.0,"{""type"":""MultiPoint"",""coordinates"":[]}"
0000000000000000081a,2.67,315.0,443.0,472.0,43.0,1844.0,617.0,7579.0,"{""type"":""MultiPoint"",""coordinates"":[]}"
00000000000000000820,0.82,315.0,26.0,188.0,43.0,2469.0,183.0,7585.0,"{""type"":""MultiPoint"",""coordinates"":[]}"
000000000000000007a1,1.69,331.0,88.0,63.0,43.0,2408.0,103.0,7458.0,"{""type"":""MultiPoint"",""coordinates"":[]}"
000000000000000007b1,1.91,331.0,137.0,124.0,43.0,2370.0,173.0,7474.0,"{""type"":""MultiPoint"",""coordinates"":[]}"
000000000000000007fd,0.36,331.0,35.0,82.0,43.0,2362.0,108.0,7550.0,"{""type"":""MultiPoint"",""coordinates"":[]}"
0000000000000000080e,2.01,331.0,259.0,318.0,43.0,2252.0,427.0,7567.0,"{""type"":""MultiPoint"",""coordinates"":[]}"
00000000000000000850,1.35,331.0,-86.0,125.0,43.0,2611.0,126.0,7633.0,"{""type"":""MultiPoint"",""coordinates"":[]}"
00000000000000000802,0.37,347.0,154.0,119.0,43.0,2667.0,129.0,7555.0,"{""type"":""MultiPoint"",""coordinates"":[]}"
00000000000000000803,0.79,347.0,167.0,39.0,43.0,2837.0,55.0,7556.0,"{""type"":""MultiPoint"",""coordinates"":[]}"
00000000000000000804,1.8,347.0,219.0,130.0,43.0,2592.0,203.0,7557.0,"{""type"":""MultiPoint"",""coordinates"":[]}"
00000000000000000805,1.64,347.0,158.0,100.0,43.0,2671.0,155.0,7558.0,"{""type"":""MultiPoint"",""coordinates"":[]}"
0000000000000000089b,2.85,347.0,533.0,366.0,43.0,2011.0,510.0,7708.0,"{""type"":""MultiPoint"",""coordinates"":[]}"
000000000000000008ae,2.73,347.0,538.0,315.0,43.0,2107.0,449.0,7727.0,"{""type"":""MultiPoint"",""coordinates"":[]}"
000000000000000008e0,0.93,347.0,-13.0,176.0,43.0,2483.0,192.0,7777.0,"{""type"":""MultiPoint"",""coordinates"":[]}"
00000000000000000879,1.06,363.0,-23.0,-19.0,43.0,2877.0,28.0,7674.0,"{""type"":""MultiPoint"",""coordinates"":[]}"
0000000000000000086e,1.45,379.0,-7.0,30.0,43.0,2619.0,57.0,7663.0,"{""type"":""MultiPoint"",""coordinates"":[]}"
00000000000000000873,1.78,379.0,13.0,88.0,43.0,2937.0,84.0,7668.0,"{""type"":""MultiPoint"",""coordinates"":[]}"
00000000000000000874,2.8,379.0,51.0,194.0,43.0,2369.0,297.0,7669.0,"{""type"":""MultiPoint"",""coordinates"":[]}"
00000000000000000245,1.59,887.0,51.0,20.0,43.0,2442.0,-45.0,6086.0,"{""type"":""MultiPoint"",""coordinates"":[]}"
000000000000000007a8,2.93,316.0,670.0,353.0,43.0,1752.0,577.0,7465.0,"{""type"":""MultiPoint"",""coordinates"":[]}"
000000000000000007a9,2.98,316.0,702.0,370.0,43.0,1697.0,609.0,7466.0,"{""type"":""MultiPoint"",""coordinates"":[]}"
000000000000000007b7,1.13,316.0,80.0,75.0,43.0,2260.0,109.0,7480.0,"{""type"":""MultiPoint"",""coordinates"":[]}"
000000000000000007c6,0.62,316.0,32.0,14.0,43.0,2339.0,21.0,7495.0,"{""type"":""MultiPoint"",""coordinates"":[]}"
0000000000000000081d,1.79,316.0,180.0,268.0,43.0,2231.0,392.0,7582.0,"{""type"":""MultiPoint"",""coordinates"":[]}"
00000000000000000821,1.45,316.0,-52.0,150.0,43.0,2424.0,167.0,7586.0,"{""type"":""MultiPoint"",""coordinates"":[]}"
00000000000000000823,2.12,316.0,136.0,201.0,43.0,2410.0,286.0,7588.0,"{""type"":""MultiPoint"",""coordinates"":[]}"
000000000000000007af,1.17,332.0,96.0,62.0,43.0,2380.0,90.0,7472.0,"{""type"":""MultiPoint"",""coordinates"":[]}"
000000000000000007d8,1.77,332.0,90.0,49.0,43.0,2791.0,80.0,7513.0,"{""type"":""MultiPoint"",""coordinates"":[]}"
000000000000000007f9,0.31,332.0,51.0,32.0,43.0,2528.0,63.0,7546.0,"{""type"":""MultiPoint"",""coordinates"":[]}"
000000000000000007fb,0.67,332.0,65.0,72.0,43.0,2395.0,115.0,7548.0,"{""type"":""MultiPoint"",""coordinates"":[]}"
0000000000000000080d,1.04,332.0,-4.0,138.0,43.0,2585.0,165.0,7566.0,"{""type"":""MultiPoint"",""coordinates"":[]}"
00000000000000000842,1.84,332.0,47.0,294.0,43.0,2304.0,281.0,7619.0,"{""type"":""MultiPoint"",""coordinates"":[]}"
00000000000000000843,1.72,332.0,-6.0,332.0,43.0,2384.0,317.0,7620.0,"{""type"":""MultiPoint"",""coordinates"":[]}"
00000000000000000880,1.7,332.0,176.0,273.0,43.0,2505.0,320.0,7681.0,"{""type"":""MultiPoint"",""coordinates"":[]}"
000000000000000008c9,2.81,332.0,466.0,350.0,43.0,2174.0,492.0,7754.0,"{""type"":""MultiPoint"",""coordinates"":[]}"
0000000000000000080b,1.97,348.0,-14.0,201.0,43.0,2471.0,166.0,7564.0,"{""type"":""MultiPoint"",""coordinates"":[]}"
0000000000000000087a,0.54,348.0,7.0,99.0,43.0,2581.0,108.0,7675.0,"{""type"":""MultiPoint"",""coordinates"":[]}"
0000000000000000087e,1.41,348.0,-17.0,59.0,43.0,2514.0,64.0,7679.0,"{""type"":""MultiPoint"",""coordinates"":[]}"
0000000000000000089d,2.74,348.0,480.0,370.0,43.0,2047.0,492.0,7710.0,"{""type"":""MultiPoint"",""coordinates"":[]}"
0000000000000000089e,1.29,348.0,34.0,146.0,43.0,2776.0,136.0,7711.0,"{""type"":""MultiPoint"",""coordinates"":[]}"
000000000000000008db,1.1,348.0,61.0,209.0,43.0,2402.0,222.0,7772.0,"{""type"":""MultiPoint"",""coordinates"":[]}"
000000000000000008e1,0.93,348.0,-33.0,213.0,43.0,2547.0,241.0,7778.0,"{""type"":""MultiPoint"",""coordinates"":[]}"
000000000000000007a7,2.86,317.0,231.0,307.0,43.0,2069.0,451.0,7464.0,"{""type"":""MultiPoint"",""coordinates"":[]}"
000000000000000007bc,0.4,317.0,54.0,53.0,43.0,2394.0,79.0,7485.0,"{""type"":""MultiPoint"",""coordinates"":[]}"
000000000000000007be,0.39,317.0,58.0,29.0,43.0,2266.0,77.0,7487.0,"{""type"":""MultiPoint"",""coordinates"":[]}"
000000000000000007c0,1.57,317.0,216.0,158.0,43.0,2264.0,233.0,7489.0,"{""type"":""MultiPoint"",""coordinates"":[]}"
000000000000000007c2,0.87,317.0,59.0,7.0,43.0,2290.0,41.0,7491.0,"{""type"":""MultiPoint"",""coordinates"":[]}"
000000000000000007e6,1.04,317.0,45.0,189.0,43.0,2484.0,224.0,7527.0,"{""type"":""MultiPoint"",""coordinates"":[]}"
000000000000000007fa,2.99,317.0,426.0,304.0,43.0,1962.0,498.0,7547.0,"{""type"":""MultiPoint"",""coordinates"":[]}"
000000000000000007d6,2.07,333.0,83.0,186.0,43.0,2475.0,265.0,7511.0,"{""type"":""MultiPoint"",""coordinates"":[]}"
000000000000000007dd,0.45,333.0,49.0,62.0,43.0,2374.0,102.0,7518.0,"{""type"":""MultiPoint"",""coordinates"":[]}"
00000000000000000838,1.98,333.0,253.0,338.0,43.0,2305.0,395.0,7609.0,"{""type"":""MultiPoint"",""coordinates"":[]}"
000000000000000008b3,1.64,333.0,-26.0,269.0,43.0,2467.0,290.0,7732.0,"{""type"":""MultiPoint"",""coordinates"":[]}"
000000000000000008c7,2.46,333.0,342.0,384.0,43.0,2107.0,551.0,7752.0,"{""type"":""MultiPoint"",""coordinates"":[]}"
000000000000000008c8,2.71,333.0,400.0,432.0,43.0,2015.0,591.0,7753.0,"{""type"":""MultiPoint"",""coordinates"":[]}"
0000000000000000087b,1.17,349.0,-20.0,102.0,43.0,2629.0,109.0,7676.0,"{""type"":""MultiPoint"",""coordinates"":[]}"
000000000000000008dc,2.37,349.0,105.0,339.0,43.0,2334.0,363.0,7773.0,"{""type"":""MultiPoint"",""coordinates"":[]}"
00000000000000000854,2.54,381.0,36.0,188.0,43.0,2452.0,272.0,7637.0,"{""type"":""MultiPoint"",""coordinates"":[]}"
00000000000000000855,1.82,381.0,4.0,167.0,43.0,2574.0,190.0,7638.0,"{""type"":""MultiPoint"",""coordinates"":[]}"
0000000000000000086a,2.37,381.0,-15.0,138.0,43.0,2460.0,207.0,7659.0,"{""type"":""MultiPoint"",""coordinates"":[]}"
00000000000000000875,2.7,381.0,63.0,170.0,43.0,2446.0,265.0,7670.0,"{""type"":""MultiPoint"",""coordinates"":[]}"
000000000000000007e5,0.57,302.0,-23.0,-53.0,43.0,2445.0,-8.0,7526.0,"{""type"":""MultiPoint"",""coordinates"":[]}"
000000000000000007e8,2.68,318.0,181.0,270.0,43.0,2273.0,362.0,7529.0,"{""type"":""MultiPoint"",""coordinates"":[]}"
000000000000000007ea,2.6,318.0,63.0,171.0,43.0,2417.0,213.0,7531.0,"{""type"":""MultiPoint"",""coordinates"":[]}"
000000000000000007ec,2.97,318.0,362.0,284.0,43.0,2089.0,448.0,7533.0,"{""type"":""MultiPoint"",""coordinates"":[]}"
000000000000000007ee,2.89,318.0,353.0,256.0,43.0,2086.0,451.0,7535.0,"{""type"":""MultiPoint"",""coordinates"":[]}"
00000000000000000824,1.62,318.0,77.0,124.0,43.0,2578.0,182.0,7589.0,"{""type"":""MultiPoint"",""coordinates"":[]}"
000000000000000007db,2.87,334.0,518.0,321.0,43.0,1950.0,535.0,7516.0,"{""type"":""MultiPoint"",""coordinates"":[]}"
00000000000000000837,2.72,334.0,225.0,382.0,43.0,2167.0,474.0,7608.0,"{""type"":""MultiPoint"",""coordinates"":[]}"
0000000000000000084e,1.39,334.0,22.0,180.0,43.0,2523.0,170.0,7631.0,"{""type"":""MultiPoint"",""coordinates"":[]}"
00000000000000000892,1.45,334.0,155.0,134.0,43.0,2761.0,165.0,7699.0,"{""type"":""MultiPoint"",""coordinates"":[]}"
000000000000000008b7,0.48,334.0,119.0,-9.0,43.0,2913.0,1.0,7736.0,"{""type"":""MultiPoint"",""coordinates"":[]}"
000000000000000008b8,1.74,334.0,-51.0,119.0,43.0,2795.0,140.0,7737.0,"{""type"":""MultiPoint"",""coordinates"":[]}"
000000000000000008e5,0.87,334.0,-78.0,61.0,43.0,2901.0,59.0,7782.0,"{""type"":""MultiPoint"",""coordinates"":[]}"
00000000000000000809,2.18,350.0,9.0,186.0,43.0,2386.0,198.0,7562.0,"{""type"":""MultiPoint"",""coordinates"":[]}"
0000000000000000080a,0.43,350.0,129.0,18.0,43.0,2762.0,22.0,7563.0,"{""type"":""MultiPoint"",""coordinates"":[]}"
0000000000000000087c,1.22,350.0,-64.0,153.0,43.0,2613.0,155.0,7677.0,"{""type"":""MultiPoint"",""coordinates"":[]}"
00000000000000000899,1.23,350.0,-20.0,190.0,43.0,2643.0,168.0,7706.0,"{""type"":""MultiPoint"",""coordinates"":[]}"
0000000000000000089c,1.41,350.0,76.0,92.0,43.0,2748.0,108.0,7709.0,"{""type"":""MultiPoint"",""coordinates"":[]}"
00000000000000000853,0.04,366.0,74.0,7.0,43.0,2846.0,-1.0,7636.0,"{""type"":""MultiPoint"",""coordinates"":[]}"
00000000000000000863,2.47,382.0,92.0,61.0,43.0,2649.0,112.0,7652.0,"{""type"":""MultiPoint"",""coordinates"":[]}"
00000000000000000868,2.73,382.0,73.0,187.0,43.0,2511.0,244.0,7657.0,"{""type"":""MultiPoint"",""coordinates"":[]}"
000000000000000007e1,1.87,303.0,95.0,243.0,43.0,2358.0,307.0,7522.0,"{""type"":""MultiPoint"",""coordinates"":[]}"
000000000000000007a6,0.89,319.0,116.0,61.0,43.0,2394.0,121.0,7463.0,"{""type"":""MultiPoint"",""coordinates"":[]}"
000000000000000007b5,1.91,319.0,93.0,89.0,43.0,2335.0,120.0,7478.0,"{""type"":""MultiPoint"",""coordinates"":[]}"
000000000000000007ba,0.58,319.0,96.0,50.0,43.0,2353.0,68.0,7483.0,"{""type"":""MultiPoint"",""coordinates"":[]}"
00000000000000000816,2.23,319.0,448.0,393.0,43.0,2097.0,452.0,7575.0,"{""type"":""MultiPoint"",""coordinates"":[]}"
00000000000000000818,2.62,319.0,492.0,492.0,43.0,1876.0,600.0,7577.0,"{""type"":""MultiPoint"",""coordinates"":[]}"
0000000000000000083f,1.4,319.0,-28.0,20.0,43.0,2746.0,31.0,7616.0,"{""type"":""MultiPoint"",""coordinates"":[]}"
000000000000000007d5,2.83,335.0,324.0,260.0,43.0,2180.0,428.0,7510.0,"{""type"":""MultiPoint"",""coordinates"":[]}"
000000000000000007d7,1.16,335.0,27.0,157.0,43.0,2477.0,209.0,7512.0,"{""type"":""MultiPoint"",""coordinates"":[]}"
000000000000000008b2,1.99,335.0,32.0,220.0,43.0,2455.0,279.0,7731.0,"{""type"":""MultiPoint"",""coordinates"":[]}"
000000000000000008b6,2.83,335.0,290.0,367.0,43.0,2144.0,507.0,7735.0,"{""type"":""MultiPoint"",""coordinates"":[]}"
000000000000000008b9,1.78,335.0,496.0,171.0,43.0,2356.0,295.0,7738.0,"{""type"":""MultiPoint"",""coordinates"":[]}"
000000000000000008c6,2.78,335.0,286.0,281.0,43.0,2308.0,430.0,7751.0,"{""type"":""MultiPoint"",""coordinates"":[]}"
0000000000000000085b,2.64,383.0,-71.0,202.0,43.0,2562.0,209.0,7644.0,"{""type"":""MultiPoint"",""coordinates"":[]}"
00000000000000000866,2.85,383.0,-55.0,209.0,43.0,2328.0,297.0,7655.0,"{""type"":""MultiPoint"",""coordinates"":[]}"
00000000000000000785,1.05,256.0,75.0,182.0,45.0,2458.0,211.0,7430.0,"{""type"":""MultiPoint"",""coordinates"":[]}"
00000000000000000787,1.61,256.0,53.0,235.0,45.0,2350.0,258.0,7432.0,"{""type"":""MultiPoint"",""coordinates"":[]}"
00000000000000000770,2.04,288.0,237.0,196.0,45.0,2273.0,314.0,7409.0,"{""type"":""MultiPoint"",""coordinates"":[]}"
00000000000000000772,2.76,288.0,521.0,412.0,45.0,1806.0,610.0,7411.0,"{""type"":""MultiPoint"",""coordinates"":[]}"
00000000000000000775,0.89,288.0,272.0,367.0,45.0,2082.0,469.0,7414.0,"{""type"":""MultiPoint"",""coordinates"":[]}"
00000000000000001e60,1.03,288.0,68.0,-57.0,45.0,2541.0,68.0,5240.0,"{""type"":""MultiPoint"",""coordinates"":[]}"
000000000000000009db,0.71,320.0,39.0,163.0,45.0,2437.0,123.0,8028.0,"{""type"":""MultiPoint"",""coordinates"":[]}"
000000000000000009dc,2.7,320.0,442.0,418.0,45.0,2019.0,456.0,8029.0,"{""type"":""MultiPoint"",""coordinates"":[]}"
000000000000000009e1,2.91,320.0,637.0,465.0,45.0,1877.0,503.0,8034.0,"{""type"":""MultiPoint"",""coordinates"":[]}"
00000000000000001e3e,1.94,336.0,302.0,101.0,45.0,2667.0,165.0,5206.0,"{""type"":""MultiPoint"",""coordinates"":[]}"
00000000000000001e40,2.42,336.0,447.0,198.0,45.0,2431.0,323.0,5208.0,"{""type"":""MultiPoint"",""coordinates"":[]}"
00000000000000001e41,1.89,336.0,158.0,144.0,45.0,2678.0,127.0,5209.0,"{""type"":""MultiPoint"",""coordinates"":[]}"
000000000000000002c1,0.87,672.0,70.0,39.0,45.0,2643.0,54.0,6210.0,"{""type"":""MultiPoint"",""coordinates"":[]}"
00000000000000000295,1.04,577.0,152.0,127.0,45.0,2502.0,134.0,6166.0,"{""type"":""MultiPoint"",""coordinates"":[]}"
000000000000000002be,0.86,609.0,122.0,45.0,45.0,2566.0,47.0,6207.0,"{""type"":""MultiPoint"",""coordinates"":[]}"
000000000000000002c3,0.25,641.0,-78.0,33.0,45.0,2574.0,-26.0,6212.0,"{""type"":""MultiPoint"",""coordinates"":[]}"
000000000000000002c5,0.48,641.0,59.0,23.0,45.0,2642.0,9.0,6214.0,"{""type"":""MultiPoint"",""coordinates"":[]}"
000000000000000002c2,0.94,673.0,74.0,11.0,45.0,2602.0,27.0,6211.0,"{""type"":""MultiPoint"",""coordinates"":[]}"
000000000000000009d6,1.25,273.0,1.0,237.0,45.0,2338.0,258.0,8023.0,"{""type"":""MultiPoint"",""coordinates"":[]}"
000000000000000009d7,2.27,273.0,223.0,354.0,45.0,2070.0,514.0,8024.0,"{""type"":""MultiPoint"",""coordinates"":[]}"
00000000000000000771,0.29,289.0,123.0,80.0,45.0,2613.0,116.0,7410.0,"{""type"":""MultiPoint"",""coordinates"":[]}"
000000000000000009dd,2.25,321.0,493.0,425.0,45.0,1996.0,473.0,8030.0,"{""type"":""MultiPoint"",""coordinates"":[]}"
000000000000000009e2,2.37,321.0,585.0,408.0,45.0,1956.0,502.0,8035.0,"{""type"":""MultiPoint"",""coordinates"":[]}"
00000000000000001e2c,2.25,337.0,185.0,199.0,45.0,2447.0,318.0,5188.0,"{""type"":""MultiPoint"",""coordinates"":[]}"
00000000000000001e2d,2.36,337.0,430.0,183.0,45.0,2392.0,316.0,5189.0,"{""type"":""MultiPoint"",""coordinates"":[]}"
00000000000000001e4a,1.39,337.0,54.0,40.0,45.0,2445.0,72.0,5218.0,"{""type"":""MultiPoint"",""coordinates"":[]}"
00000000000000001e1e,0.83,353.0,45.0,121.0,45.0,2384.0,143.0,5174.0,"{""type"":""MultiPoint"",""coordinates"":[]}"
00000000000000000292,1.21,578.0,118.0,92.0,45.0,2578.0,81.0,6163.0,"{""type"":""MultiPoint"",""coordinates"":[]}"
00000000000000000293,0.71,578.0,145.0,129.0,45.0,2457.0,112.0,6164.0,"{""type"":""MultiPoint"",""coordinates"":[]}"
00000000000000000294,0.74,578.0,63.0,130.0,45.0,2456.0,105.0,6165.0,"{""type"":""MultiPoint"",""coordinates"":[]}"
00000000000000000296,1.04,578.0,74.0,130.0,45.0,2475.0,117.0,6167.0,"{""type"":""MultiPoint"",""coordinates"":[]}"
000000000000000002bd,0.99,610.0,67.0,99.0,45.0,2619.0,104.0,6206.0,"{""type"":""MultiPoint"",""coordinates"":[]}"
000000000000000002bf,1.64,610.0,11.0,129.0,45.0,2707.0,102.0,6208.0,"{""type"":""MultiPoint"",""coordinates"":[]}"
000000000000000002cb,0.55,642.0,9.0,49.0,45.0,2552.0,14.0,6220.0,"{""type"":""MultiPoint"",""coordinates"":[]}"
00000000000000000297,1.04,579.0,73.0,92.0,45.0,2506.0,87.0,6168.0,"{""type"":""MultiPoint"",""coordinates"":[]}"
00000000000000000298,1.16,579.0,82.0,145.0,45.0,2465.0,127.0,6169.0,"{""type"":""MultiPoint"",""coordinates"":[]}"
000000000000000002a1,0.82,579.0,172.0,72.0,45.0,2585.0,55.0,6178.0,"{""type"":""MultiPoint"",""coordinates"":[]}"
000000000000000002a2,1.35,579.0,94.0,139.0,45.0,2558.0,112.0,6179.0,"{""type"":""MultiPoint"",""coordinates"":[]}"
000000000000000002c9,0.83,611.0,73.0,112.0,45.0,2543.0,124.0,6218.0,"{""type"":""MultiPoint"",""coordinates"":[]}"
0000000000000000076b,2.79,290.0,452.0,386.0,45.0,1924.0,539.0,7404.0,"{""type"":""MultiPoint"",""coordinates"":[]}"
000000000000000009d9,0.75,322.0,55.0,51.0,45.0,2780.0,105.0,8026.0,"{""type"":""MultiPoint"",""coordinates"":[]}"
000000000000000009e3,1.65,322.0,273.0,330.0,45.0,2257.0,334.0,8036.0,"{""type"":""MultiPoint"",""coordinates"":[]}"
000000000000000002a0,0.98,580.0,202.0,88.0,45.0,2535.0,71.0,6177.0,"{""type"":""MultiPoint"",""coordinates"":[]}"
000000000000000002a3,0.83,580.0,28.0,121.0,45.0,2549.0,88.0,6180.0,"{""type"":""MultiPoint"",""coordinates"":[]}"
000000000000000002a4,0.56,580.0,66.0,71.0,45.0,2564.0,28.0,6181.0,"{""type"":""MultiPoint"",""coordinates"":[]}"
000000000000000002b7,1.68,644.0,81.0,219.0,45.0,2534.0,217.0,6200.0,"{""type"":""MultiPoint"",""coordinates"":[]}"
000000000000000002c4,0.58,644.0,-21.0,42.0,45.0,2581.0,2.0,6213.0,"{""type"":""MultiPoint"",""coordinates"":[]}"
0000000000000000029f,0.65,581.0,79.0,81.0,45.0,2621.0,46.0,6176.0,"{""type"":""MultiPoint"",""coordinates"":[]}"
000000000000000002b6,1.97,645.0,50.0,198.0,45.0,2584.0,195.0,6199.0,"{""type"":""MultiPoint"",""coordinates"":[]}"
000000000000000002ca,0.14,645.0,0.0,14.0,45.0,2400.0,-36.0,6219.0,"{""type"":""MultiPoint"",""coordinates"":[]}"
0000000000000000076d,0.82,307.0,-41.0,135.0,45.0,2546.0,205.0,7406.0,"{""type"":""MultiPoint"",""coordinates"":[]}"
000000000000000009df,0.97,323.0,38.0,232.0,45.0,2447.0,221.0,8032.0,"{""type"":""MultiPoint"",""coordinates"":[]}"
000000000000000009e0,0.75,323.0,-20.0,150.0,45.0,2502.0,80.0,8033.0,"{""type"":""MultiPoint"",""coordinates"":[]}"
000000000000000009e4,0.83,323.0,-13.0,134.0,45.0,2517.0,99.0,8037.0,"{""type"":""MultiPoint"",""coordinates"":[]}"
000000000000000009e5,0.51,323.0,-15.0,95.0,45.0,2545.0,59.0,8038.0,"{""type"":""MultiPoint"",""coordinates"":[]}"
00000000000000001e25,1.17,339.0,154.0,57.0,45.0,2567.0,92.0,5181.0,"{""type"":""MultiPoint"",""coordinates"":[]}"
00000000000000001e23,1.11,355.0,106.0,131.0,45.0,2544.0,155.0,5179.0,"{""type"":""MultiPoint"",""coordinates"":[]}"
000000000000000002b8,1.12,646.0,-13.0,124.0,45.0,2643.0,104.0,6201.0,"{""type"":""MultiPoint"",""coordinates"":[]}"
00000000000000001e22,0.92,356.0,229.0,37.0,45.0,2524.0,98.0,5178.0,"{""type"":""MultiPoint"",""coordinates"":[]}"
000000000000000002ba,1.16,616.0,4.0,74.0,45.0,2470.0,52.0,6203.0,"{""type"":""MultiPoint"",""coordinates"":[]}"
000000000000000002b9,0.81,648.0,86.0,109.0,45.0,2626.0,92.0,6202.0,"{""type"":""MultiPoint"",""coordinates"":[]}"
000000000000000002bb,0.98,617.0,3.0,106.0,45.0,2510.0,71.0,6204.0,"{""type"":""MultiPoint"",""coordinates"":[]}"
000000000000000002bc,1.21,617.0,11.0,184.0,45.0,2507.0,163.0,6205.0,"{""type"":""MultiPoint"",""coordinates"":[]}"
000000000000000009d8,2.08,325.0,554.0,464.0,45.0,1929.0,493.0,8025.0,"{""type"":""MultiPoint"",""coordinates"":[]}"
00000000000000001e3b,1.08,325.0,32.0,3.0,45.0,2429.0,91.0,5203.0,"{""type"":""MultiPoint"",""coordinates"":[]}"
00000000000000001e3c,1.39,325.0,139.0,45.0,45.0,2461.0,126.0,5204.0,"{""type"":""MultiPoint"",""coordinates"":[]}"
00000000000000001e1d,1.19,326.0,77.0,80.0,45.0,2547.0,136.0,5173.0,"{""type"":""MultiPoint"",""coordinates"":[]}"
00000000000000001e36,1.22,326.0,99.0,27.0,45.0,2452.0,112.0,5198.0,"{""type"":""MultiPoint"",""coordinates"":[]}"
00000000000000001e37,1.81,326.0,25.0,223.0,45.0,2498.0,250.0,5199.0,"{""type"":""MultiPoint"",""coordinates"":[]}"
00000000000000001e3a,0.75,326.0,75.0,-3.0,45.0,2417.0,73.0,5202.0,"{""type"":""MultiPoint"",""coordinates"":[]}"
00000000000000001e3d,0.78,326.0,63.0,9.0,45.0,2406.0,61.0,5205.0,"{""type"":""MultiPoint"",""coordinates"":[]}"
00000000000000001e20,1.31,358.0,93.0,102.0,45.0,2409.0,114.0,5176.0,"{""type"":""MultiPoint"",""coordinates"":[]}"
00000000000000001e21,0.39,358.0,175.0,20.0,45.0,2533.0,46.0,5177.0,"{""type"":""MultiPoint"",""coordinates"":[]}"
00000000000000001e1a,1.28,374.0,294.0,73.0,45.0,2530.0,94.0,5170.0,"{""type"":""MultiPoint"",""coordinates"":[]}"
00000000000000001e38,0.81,327.0,41.0,5.0,45.0,2405.0,101.0,5200.0,"{""type"":""MultiPoint"",""coordinates"":[]}"
00000000000000001e18,1.17,375.0,252.0,76.0,45.0,2633.0,83.0,5168.0,"{""type"":""MultiPoint"",""coordinates"":[]}"
000000000000000002b0,0.02,654.0,29.0,12.0,45.0,2629.0,-3.0,6193.0,"{""type"":""MultiPoint"",""coordinates"":[]}"
00000000000000000a01,1.8,236.0,324.0,266.0,45.0,2107.0,417.0,8066.0,"{""type"":""MultiPoint"",""coordinates"":[]}"
00000000000000001e55,1.67,264.0,26.0,105.0,45.0,2274.0,135.0,5229.0,"{""type"":""MultiPoint"",""coordinates"":[]}"
00000000000000001e5c,1.89,280.0,131.0,194.0,45.0,2307.0,251.0,5236.0,"{""type"":""MultiPoint"",""coordinates"":[]}"
00000000000000000776,1.74,296.0,368.0,360.0,45.0,1974.0,536.0,7415.0,"{""type"":""MultiPoint"",""coordinates"":[]}"
00000000000000001e1c,1.42,328.0,42.0,134.0,45.0,2559.0,171.0,5172.0,"{""type"":""MultiPoint"",""coordinates"":[]}"
00000000000000001e35,1.08,328.0,174.0,-8.0,45.0,2437.0,110.0,5197.0,"{""type"":""MultiPoint"",""coordinates"":[]}"
00000000000000001e48,0.39,328.0,133.0,58.0,45.0,2634.0,82.0,5216.0,"{""type"":""MultiPoint"",""coordinates"":[]}"
00000000000000001e4c,2.58,344.0,323.0,285.0,45.0,2233.0,456.0,5220.0,"{""type"":""MultiPoint"",""coordinates"":[]}"
000000000000000002af,0.6,657.0,9.0,22.0,45.0,2617.0,-11.0,6192.0,"{""type"":""MultiPoint"",""coordinates"":[]}"
00000000000000001e54,0.83,265.0,71.0,30.0,45.0,2346.0,95.0,5228.0,"{""type"":""MultiPoint"",""coordinates"":[]}"
00000000000000001e32,1.47,329.0,159.0,128.0,45.0,2451.0,211.0,5194.0,"{""type"":""MultiPoint"",""coordinates"":[]}"
00000000000000001e1b,2.47,361.0,85.0,234.0,45.0,2393.0,303.0,5171.0,"{""type"":""MultiPoint"",""coordinates"":[]}"
00000000000000001e68,1.25,361.0,173.0,87.0,45.0,2483.0,161.0,5248.0,"{""type"":""MultiPoint"",""coordinates"":[]}"
000000000000000002c6,1.67,659.0,49.0,108.0,45.0,2590.0,134.0,6215.0,"{""type"":""MultiPoint"",""coordinates"":[]}"
000000000000000009f3,1.17,237.0,101.0,6.0,45.0,2597.0,99.0,8052.0,"{""type"":""MultiPoint"",""coordinates"":[]}"
000000000000000009fe,1.74,237.0,107.0,6.0,45.0,2443.0,221.0,8063.0,"{""type"":""MultiPoint"",""coordinates"":[]}"
00000000000000000a00,0.97,237.0,67.0,102.0,45.0,2467.0,168.0,8065.0,"{""type"":""MultiPoint"",""coordinates"":[]}"
00000000000000000a02,0.66,237.0,86.0,81.0,45.0,2356.0,106.0,8067.0,"{""type"":""MultiPoint"",""coordinates"":[]}"
00000000000000000a03,0.62,237.0,77.0,80.0,45.0,2343.0,90.0,8068.0,"{""type"":""MultiPoint"",""coordinates"":[]}"
00000000000000000a04,0.68,237.0,62.0,41.0,45.0,2379.0,75.0,8069.0,"{""type"":""MultiPoint"",""coordinates"":[]}"
00000000000000000a05,1.42,237.0,83.0,200.0,45.0,2367.0,243.0,8070.0,"{""type"":""MultiPoint"",""coordinates"":[]}"
00000000000000000a06,1.5,237.0,57.0,214.0,45.0,2347.0,290.0,8071.0,"{""type"":""MultiPoint"",""coordinates"":[]}"
00000000000000001e67,1.33,282.0,117.0,17.0,45.0,2283.0,125.0,5247.0,"{""type"":""MultiPoint"",""coordinates"":[]}"
0000000000000000076e,0.27,314.0,35.0,28.0,45.0,2469.0,65.0,7407.0,"{""type"":""MultiPoint"",""coordinates"":[]}"
00000000000000001e49,0.75,314.0,43.0,12.0,45.0,2317.0,37.0,5217.0,"{""type"":""MultiPoint"",""coordinates"":[]}"
00000000000000001e34,1.33,330.0,63.0,123.0,45.0,2386.0,156.0,5196.0,"{""type"":""MultiPoint"",""coordinates"":[]}"
00000000000000001e42,2.47,330.0,298.0,214.0,45.0,2236.0,392.0,5210.0,"{""type"":""MultiPoint"",""coordinates"":[]}"
00000000000000001e43,1.92,330.0,256.0,123.0,45.0,2506.0,213.0,5211.0,"{""type"":""MultiPoint"",""coordinates"":[]}"
00000000000000001e47,0.53,330.0,162.0,55.0,45.0,2611.0,61.0,5215.0,"{""type"":""MultiPoint"",""coordinates"":[]}"
00000000000000001e53,0.47,330.0,19.0,56.0,45.0,2404.0,109.0,5227.0,"{""type"":""MultiPoint"",""coordinates"":[]}"
000000000000000002ae,0.72,660.0,12.0,33.0,45.0,2679.0,31.0,6191.0,"{""type"":""MultiPoint"",""coordinates"":[]}"
000000000000000002c7,0.57,660.0,31.0,78.0,45.0,2638.0,88.0,6216.0,"{""type"":""MultiPoint"",""coordinates"":[]}"
000000000000000002b3,0.51,629.0,-14.0,64.0,45.0,2514.0,-4.0,6196.0,"{""type"":""MultiPoint"",""coordinates"":[]}"
000000000000000002c8,0.78,661.0,30.0,30.0,45.0,2604.0,20.0,6217.0,"{""type"":""MultiPoint"",""coordinates"":[]}"
0000000000000000076f,1.02,315.0,-21.0,153.0,45.0,2455.0,177.0,7408.0,"{""type"":""MultiPoint"",""coordinates"":[]}"
000000000000000009f0,1.36,315.0,218.0,44.0,45.0,2559.0,117.0,8049.0,"{""type"":""MultiPoint"",""coordinates"":[]}"
000000000000000002b4,0.27,630.0,68.0,112.0,45.0,2567.0,79.0,6197.0,"{""type"":""MultiPoint"",""coordinates"":[]}"
000000000000000002b2,0.28,631.0,33.0,137.0,45.0,2539.0,114.0,6195.0,"{""type"":""MultiPoint"",""coordinates"":[]}"
000000000000000009f4,0.74,238.0,138.0,261.0,45.0,2313.0,348.0,8053.0,"{""type"":""MultiPoint"",""coordinates"":[]}"
000000000000000009f5,0.99,238.0,-21.0,84.0,45.0,2444.0,146.0,8054.0,"{""type"":""MultiPoint"",""coordinates"":[]}"
000000000000000009f6,0.42,238.0,39.0,40.0,45.0,2406.0,87.0,8055.0,"{""type"":""MultiPoint"",""coordinates"":[]}"
000000000000000009fc,2.87,238.0,671.0,348.0,45.0,1776.0,557.0,8061.0,"{""type"":""MultiPoint"",""coordinates"":[]}"
000000000000000009fd,2.45,238.0,676.0,377.0,45.0,1780.0,614.0,8062.0,"{""type"":""MultiPoint"",""coordinates"":[]}"
000000000000000009ff,1.61,238.0,332.0,273.0,45.0,2162.0,422.0,8064.0,"{""type"":""MultiPoint"",""coordinates"":[]}"
00000000000000000a08,2.48,238.0,480.0,288.0,45.0,1950.0,546.0,8073.0,"{""type"":""MultiPoint"",""coordinates"":[]}"
0000000000000000078b,1.18,254.0,-46.0,215.0,45.0,2436.0,228.0,7436.0,"{""type"":""MultiPoint"",""coordinates"":[]}"
0000000000000000078c,2.25,254.0,72.0,246.0,45.0,2352.0,334.0,7437.0,"{""type"":""MultiPoint"",""coordinates"":[]}"
00000000000000001e65,1.89,284.0,120.0,135.0,45.0,2509.0,237.0,5245.0,"{""type"":""MultiPoint"",""coordinates"":[]}"
00000000000000001e66,0.86,284.0,198.0,62.0,45.0,2480.0,165.0,5246.0,"{""type"":""MultiPoint"",""coordinates"":[]}"
000000000000000009ea,1.98,316.0,65.0,217.0,45.0,2438.0,176.0,8043.0,"{""type"":""MultiPoint"",""coordinates"":[]}"
000000000000000009ed,1.77,316.0,82.0,190.0,45.0,2488.0,187.0,8046.0,"{""type"":""MultiPoint"",""coordinates"":[]}"
000000000000000009ef,1.86,316.0,271.0,74.0,45.0,2506.0,158.0,8048.0,"{""type"":""MultiPoint"",""coordinates"":[]}"
00000000000000001e27,1.08,332.0,110.0,94.0,45.0,2470.0,140.0,5183.0,"{""type"":""MultiPoint"",""coordinates"":[]}"
00000000000000001e31,1.92,332.0,18.0,195.0,45.0,2352.0,276.0,5193.0,"{""type"":""MultiPoint"",""coordinates"":[]}"
00000000000000001e3f,1.86,332.0,305.0,205.0,45.0,2396.0,347.0,5207.0,"{""type"":""MultiPoint"",""coordinates"":[]}"
00000000000000001e6f,2.25,348.0,364.0,320.0,45.0,2093.0,491.0,5255.0,"{""type"":""MultiPoint"",""coordinates"":[]}"
000000000000000002b5,0.86,632.0,49.0,119.0,45.0,2608.0,28.0,6198.0,"{""type"":""MultiPoint"",""coordinates"":[]}"
000000000000000002b1,2.22,633.0,60.0,225.0,45.0,2560.0,226.0,6194.0,"{""type"":""MultiPoint"",""coordinates"":[]}"
00000000000000001e5d,1.31,285.0,102.0,57.0,45.0,2363.0,190.0,5237.0,"{""type"":""MultiPoint"",""coordinates"":[]}"
00000000000000001e64,1.58,285.0,129.0,-19.0,45.0,2498.0,95.0,5244.0,"{""type"":""MultiPoint"",""coordinates"":[]}"
000000000000000009e8,0.79,317.0,-5.0,170.0,45.0,2422.0,130.0,8041.0,"{""type"":""MultiPoint"",""coordinates"":[]}"
000000000000000009eb,2.62,317.0,495.0,308.0,45.0,2033.0,340.0,8044.0,"{""type"":""MultiPoint"",""coordinates"":[]}"
000000000000000009ec,2.92,317.0,486.0,279.0,45.0,2081.0,316.0,8045.0,"{""type"":""MultiPoint"",""coordinates"":[]}"
000000000000000009ee,2.83,317.0,592.0,262.0,45.0,2044.0,364.0,8047.0,"{""type"":""MultiPoint"",""coordinates"":[]}"
00000000000000001e29,2.06,333.0,254.0,219.0,45.0,2237.0,402.0,5185.0,"{""type"":""MultiPoint"",""coordinates"":[]}"
00000000000000001e2f,1.67,333.0,78.0,134.0,45.0,2632.0,227.0,5191.0,"{""type"":""MultiPoint"",""coordinates"":[]}"
00000000000000001e46,1.94,333.0,27.0,56.0,45.0,2438.0,97.0,5214.0,"{""type"":""MultiPoint"",""coordinates"":[]}"
00000000000000001e4f,0.94,333.0,39.0,34.0,45.0,2560.0,124.0,5223.0,"{""type"":""MultiPoint"",""coordinates"":[]}"
00000000000000001e50,1.08,333.0,170.0,38.0,45.0,2574.0,111.0,5224.0,"{""type"":""MultiPoint"",""coordinates"":[]}"
00000000000000001e51,1.22,333.0,91.0,31.0,45.0,2389.0,83.0,5225.0,"{""type"":""MultiPoint"",""coordinates"":[]}"
00000000000000001e4d,2.72,349.0,175.0,346.0,45.0,2132.0,458.0,5221.0,"{""type"":""MultiPoint"",""coordinates"":[]}"
000000000000000009f7,1.08,239.0,-2.0,57.0,45.0,2406.0,110.0,8056.0,"{""type"":""MultiPoint"",""coordinates"":[]}"
000000000000000009f8,2.86,239.0,768.0,327.0,45.0,1719.0,572.0,8057.0,"{""type"":""MultiPoint"",""coordinates"":[]}"
000000000000000009f9,2.96,239.0,735.0,288.0,45.0,1746.0,497.0,8058.0,"{""type"":""MultiPoint"",""coordinates"":[]}"
000000000000000009fa,2.06,239.0,464.0,264.0,45.0,2015.0,406.0,8059.0,"{""type"":""MultiPoint"",""coordinates"":[]}"
000000000000000009fb,1.66,239.0,406.0,319.0,45.0,2072.0,441.0,8060.0,"{""type"":""MultiPoint"",""coordinates"":[]}"
00000000000000000786,2.17,255.0,318.0,239.0,45.0,2197.0,356.0,7431.0,"{""type"":""MultiPoint"",""coordinates"":[]}"
00000000000000000788,0.86,255.0,27.0,220.0,45.0,2372.0,247.0,7433.0,"{""type"":""MultiPoint"",""coordinates"":[]}"
00000000000000000789,1.45,255.0,160.0,270.0,45.0,2257.0,352.0,7434.0,"{""type"":""MultiPoint"",""coordinates"":[]}"
0000000000000000078a,2.11,255.0,86.0,272.0,45.0,2314.0,312.0,7435.0,"{""type"":""MultiPoint"",""coordinates"":[]}"
0000000000000000078d,1.91,255.0,92.0,268.0,45.0,2356.0,341.0,7438.0,"{""type"":""MultiPoint"",""coordinates"":[]}"
0000000000000000078e,1.57,255.0,328.0,273.0,45.0,2133.0,404.0,7439.0,"{""type"":""MultiPoint"",""coordinates"":[]}"
00000000000000001e5a,1.53,270.0,111.0,74.0,45.0,2372.0,141.0,5234.0,"{""type"":""MultiPoint"",""coordinates"":[]}"
00000000000000001e5e,1.33,286.0,74.0,-6.0,45.0,2398.0,85.0,5238.0,"{""type"":""MultiPoint"",""coordinates"":[]}"
00000000000000001e5f,1.03,286.0,79.0,-20.0,45.0,2389.0,69.0,5239.0,"{""type"":""MultiPoint"",""coordinates"":[]}"
00000000000000001e62,0.94,286.0,75.0,-30.0,45.0,2481.0,79.0,5242.0,"{""type"":""MultiPoint"",""coordinates"":[]}"
000000000000000009e6,2.27,318.0,425.0,395.0,45.0,2061.0,495.0,8039.0,"{""type"":""MultiPoint"",""coordinates"":[]}"
000000000000000009e9,2.69,318.0,350.0,463.0,45.0,2096.0,489.0,8042.0,"{""type"":""MultiPoint"",""coordinates"":[]}"
00000000000000001e26,1.42,334.0,95.0,169.0,45.0,2334.0,199.0,5182.0,"{""type"":""MultiPoint"",""coordinates"":[]}"
00000000000000001e2a,2.42,334.0,315.0,226.0,45.0,2233.0,384.0,5186.0,"{""type"":""MultiPoint"",""coordinates"":[]}"
00000000000000001e2e,1.81,334.0,152.0,110.0,45.0,2735.0,181.0,5190.0,"{""type"":""MultiPoint"",""coordinates"":[]}"
00000000000000001e30,1.31,334.0,28.0,53.0,45.0,2747.0,115.0,5192.0,"{""type"":""MultiPoint"",""coordinates"":[]}"
00000000000000001e4e,0.94,334.0,133.0,81.0,45.0,2477.0,103.0,5222.0,"{""type"":""MultiPoint"",""coordinates"":[]}"
00000000000000001e45,0.61,350.0,-61.0,0.0,45.0,2620.0,80.0,5213.0,"{""type"":""MultiPoint"",""coordinates"":[]}"
00000000000000001e70,2.11,350.0,372.0,296.0,45.0,2171.0,471.0,5256.0,"{""type"":""MultiPoint"",""coordinates"":[]}"
00000000000000001e58,1.72,271.0,151.0,63.0,45.0,2389.0,124.0,5232.0,"{""type"":""MultiPoint"",""coordinates"":[]}"
00000000000000001e59,1.89,271.0,167.0,76.0,45.0,2427.0,156.0,5233.0,"{""type"":""MultiPoint"",""coordinates"":[]}"
00000000000000000773,1.1,287.0,455.0,404.0,45.0,1900.0,567.0,7412.0,"{""type"":""MultiPoint"",""coordinates"":[]}"
00000000000000000774,2.08,287.0,474.0,352.0,45.0,1961.0,520.0,7413.0,"{""type"":""MultiPoint"",""coordinates"":[]}"
00000000000000001e61,1.47,287.0,61.0,32.0,45.0,2491.0,162.0,5241.0,"{""type"":""MultiPoint"",""coordinates"":[]}"
000000000000000009da,1.13,319.0,30.0,151.0,45.0,2470.0,105.0,8027.0,"{""type"":""MultiPoint"",""coordinates"":[]}"
00000000000000001e2b,2.28,335.0,285.0,150.0,45.0,2626.0,237.0,5187.0,"{""type"":""MultiPoint"",""coordinates"":[]}"
00000000000000001e33,2.0,335.0,218.0,118.0,45.0,2590.0,170.0,5195.0,"{""type"":""MultiPoint"",""coordinates"":[]}"
000000000000000002c0,0.97,671.0,92.0,58.0,45.0,2602.0,85.0,6209.0,"{""type"":""MultiPoint"",""coordinates"":[]}"
00000000000000000d9f,2.24,30.0,-88.0,431.0,47.0,2537.0,439.0,917.0,"{""type"":""MultiPoint"",""coordinates"":[]}"
00000000000000000da3,2.74,30.0,781.0,297.0,47.0,2108.0,424.0,921.0,"{""type"":""MultiPoint"",""coordinates"":[]}"
00000000000000000da4,2.33,30.0,245.0,175.0,47.0,2633.0,264.0,922.0,"{""type"":""MultiPoint"",""coordinates"":[]}"
00000000000000000da5,1.82,30.0,440.0,205.0,47.0,2483.0,278.0,923.0,"{""type"":""MultiPoint"",""coordinates"":[]}"
00000000000000000da6,1.89,30.0,480.0,206.0,47.0,2447.0,320.0,924.0,"{""type"":""MultiPoint"",""coordinates"":[]}"
00000000000000000da8,1.98,30.0,215.0,308.0,47.0,2354.0,343.0,926.0,"{""type"":""MultiPoint"",""coordinates"":[]}"
00000000000000000da9,2.58,30.0,213.0,272.0,47.0,2457.0,325.0,927.0,"{""type"":""MultiPoint"",""coordinates"":[]}"
00000000000000000daa,2.42,30.0,249.0,365.0,47.0,2261.0,456.0,928.0,"{""type"":""MultiPoint"",""coordinates"":[]}"
00000000000000000dad,2.36,30.0,124.0,205.0,47.0,2481.0,279.0,931.0,"{""type"":""MultiPoint"",""coordinates"":[]}"
00000000000000000db0,2.12,30.0,-29.0,128.0,47.0,2609.0,188.0,934.0,"{""type"":""MultiPoint"",""coordinates"":[]}"
00000000000000000db1,1.96,30.0,57.0,162.0,47.0,2518.0,251.0,935.0,"{""type"":""MultiPoint"",""coordinates"":[]}"
00000000000000000d9e,2.55,31.0,200.0,427.0,47.0,2218.0,501.0,916.0,"{""type"":""MultiPoint"",""coordinates"":[]}"
00000000000000000da1,2.01,31.0,117.0,220.0,47.0,2539.0,315.0,919.0,"{""type"":""MultiPoint"",""coordinates"":[]}"
00000000000000000daf,0.57,31.0,184.0,102.0,47.0,2569.0,96.0,933.0,"{""type"":""MultiPoint"",""coordinates"":[]}"
00000000000000000db2,0.96,31.0,13.0,78.0,47.0,2522.0,92.0,936.0,"{""type"":""MultiPoint"",""coordinates"":[]}"
00000000000000000db3,2.69,31.0,165.0,269.0,47.0,2354.0,363.0,937.0,"{""type"":""MultiPoint"",""coordinates"":[]}"
00000000000000000da0,2.17,32.0,246.0,378.0,47.0,2254.0,519.0,918.0,"{""type"":""MultiPoint"",""coordinates"":[]}"
00000000000000000da2,2.61,32.0,191.0,226.0,47.0,2399.0,384.0,920.0,"{""type"":""MultiPoint"",""coordinates"":[]}"
00000000000000000dae,2.27,32.0,239.0,206.0,47.0,2521.0,315.0,932.0,"{""type"":""MultiPoint"",""coordinates"":[]}"
00000000000000000320,1.78,208.0,478.0,221.0,47.0,2487.0,257.0,6305.0,"{""type"":""MultiPoint"",""coordinates"":[]}"
00000000000000000304,2.05,216.0,355.0,409.0,47.0,2293.0,383.0,6277.0,"{""type"":""MultiPoint"",""coordinates"":[]}"
00000000000000000316,1.4,216.0,222.0,276.0,47.0,2408.0,268.0,6295.0,"{""type"":""MultiPoint"",""coordinates"":[]}"
00000000000000000318,2.0,216.0,446.0,502.0,47.0,2251.0,476.0,6297.0,"{""type"":""MultiPoint"",""coordinates"":[]}"
00000000000000000308,0.68,224.0,0.0,51.0,47.0,2411.0,21.0,6281.0,"{""type"":""MultiPoint"",""coordinates"":[]}"
00000000000000000301,1.35,240.0,32.0,141.0,47.0,2449.0,112.0,6274.0,"{""type"":""MultiPoint"",""coordinates"":[]}"
00000000000000000311,1.75,240.0,185.0,443.0,47.0,2194.0,475.0,6290.0,"{""type"":""MultiPoint"",""coordinates"":[]}"
00000000000000000312,0.89,240.0,-35.0,92.0,47.0,2384.0,69.0,6291.0,"{""type"":""MultiPoint"",""coordinates"":[]}"
00000000000000000313,1.38,240.0,-8.0,298.0,47.0,2435.0,290.0,6292.0,"{""type"":""MultiPoint"",""coordinates"":[]}"
00000000000000000565,0.57,400.0,43.0,126.0,47.0,2644.0,98.0,6886.0,"{""type"":""MultiPoint"",""coordinates"":[]}"
0000000000000000055e,2.12,416.0,124.0,219.0,47.0,2538.0,204.0,6879.0,"{""type"":""MultiPoint"",""coordinates"":[]}"
00000000000000001eef,2.95,401.0,368.0,467.0,47.0,1967.0,557.0,5383.0,"{""type"":""MultiPoint"",""coordinates"":[]}"
00000000000000001eea,2.96,465.0,551.0,431.0,47.0,1989.0,578.0,5378.0,"{""type"":""MultiPoint"",""coordinates"":[]}"
00000000000000000306,1.93,209.0,651.0,260.0,47.0,2245.0,273.0,6279.0,"{""type"":""MultiPoint"",""coordinates"":[]}"
0000000000000000030f,1.84,217.0,93.0,282.0,47.0,2456.0,302.0,6288.0,"{""type"":""MultiPoint"",""coordinates"":[]}"
00000000000000000310,1.97,217.0,457.0,278.0,47.0,2418.0,315.0,6289.0,"{""type"":""MultiPoint"",""coordinates"":[]}"
00000000000000000309,1.43,225.0,10.0,118.0,47.0,2464.0,97.0,6282.0,"{""type"":""MultiPoint"",""coordinates"":[]}"
0000000000000000030a,2.07,225.0,488.0,542.0,47.0,2213.0,537.0,6283.0,"{""type"":""MultiPoint"",""coordinates"":[]}"
00000000000000000303,1.24,233.0,24.0,313.0,47.0,2502.0,280.0,6276.0,"{""type"":""MultiPoint"",""coordinates"":[]}"
00000000000000000302,0.35,241.0,31.0,54.0,47.0,2543.0,26.0,6275.0,"{""type"":""MultiPoint"",""coordinates"":[]}"
0000000000000000055f,1.13,419.0,47.0,151.0,47.0,2653.0,90.0,6880.0,"{""type"":""MultiPoint"",""coordinates"":[]}"
00000000000000001ef2,1.99,435.0,156.0,183.0,47.0,2666.0,189.0,5386.0,"{""type"":""MultiPoint"",""coordinates"":[]}"
00000000000000001ee5,1.55,519.0,99.0,46.0,47.0,2556.0,83.0,5373.0,"{""type"":""MultiPoint"",""coordinates"":[]}"
00000000000000000560,0.54,437.0,122.0,243.0,47.0,2488.0,189.0,6881.0,"{""type"":""MultiPoint"",""coordinates"":[]}"
00000000000000001ee7,2.49,501.0,-90.0,173.0,47.0,2702.0,140.0,5375.0,"{""type"":""MultiPoint"",""coordinates"":[]}"
0000000000000000031a,1.01,235.0,100.0,306.0,47.0,2369.0,291.0,6299.0,"{""type"":""MultiPoint"",""coordinates"":[]}"
0000000000000000031d,2.01,235.0,278.0,273.0,47.0,2465.0,312.0,6302.0,"{""type"":""MultiPoint"",""coordinates"":[]}"
00000000000000000561,2.82,422.0,242.0,328.0,47.0,2232.0,327.0,6882.0,"{""type"":""MultiPoint"",""coordinates"":[]}"
00000000000000001ee9,2.98,470.0,388.0,288.0,47.0,2357.0,392.0,5377.0,"{""type"":""MultiPoint"",""coordinates"":[]}"
000000000000000002fe,2.43,212.0,446.0,515.0,47.0,2240.0,524.0,6271.0,"{""type"":""MultiPoint"",""coordinates"":[]}"
00000000000000000305,2.26,212.0,445.0,480.0,47.0,2161.0,491.0,6278.0,"{""type"":""MultiPoint"",""coordinates"":[]}"
00000000000000000319,2.39,220.0,253.0,457.0,47.0,2236.0,446.0,6298.0,"{""type"":""MultiPoint"",""coordinates"":[]}"
00000000000000000300,1.62,236.0,63.0,265.0,47.0,2474.0,259.0,6273.0,"{""type"":""MultiPoint"",""coordinates"":[]}"
0000000000000000030d,1.79,236.0,250.0,175.0,47.0,2533.0,171.0,6286.0,"{""type"":""MultiPoint"",""coordinates"":[]}"
0000000000000000031b,2.18,236.0,267.0,457.0,47.0,2226.0,477.0,6300.0,"{""type"":""MultiPoint"",""coordinates"":[]}"
00000000000000000314,0.88,244.0,-58.0,96.0,47.0,2417.0,75.0,6293.0,"{""type"":""MultiPoint"",""coordinates"":[]}"
00000000000000001eec,2.68,408.0,180.0,420.0,47.0,2194.0,444.0,5380.0,"{""type"":""MultiPoint"",""coordinates"":[]}"
00000000000000001ef0,2.94,408.0,471.0,380.0,47.0,2138.0,445.0,5384.0,"{""type"":""MultiPoint"",""coordinates"":[]}"
0000000000000000055c,0.43,456.0,83.0,119.0,47.0,2694.0,104.0,6877.0,"{""type"":""MultiPoint"",""coordinates"":[]}"
00000000000000000564,0.55,409.0,52.0,113.0,47.0,2663.0,84.0,6885.0,"{""type"":""MultiPoint"",""coordinates"":[]}"
0000000000000000031f,0.69,205.0,487.0,156.0,47.0,2411.0,179.0,6304.0,"{""type"":""MultiPoint"",""coordinates"":[]}"
000000000000000002ff,2.35,213.0,550.0,424.0,47.0,2188.0,456.0,6272.0,"{""type"":""MultiPoint"",""coordinates"":[]}"
00000000000000000317,0.21,213.0,6.0,58.0,47.0,2489.0,45.0,6296.0,"{""type"":""MultiPoint"",""coordinates"":[]}"
00000000000000001ef1,1.86,410.0,276.0,131.0,47.0,2477.0,147.0,5385.0,"{""type"":""MultiPoint"",""coordinates"":[]}"
0000000000000000055d,1.82,442.0,183.0,167.0,47.0,2671.0,154.0,6878.0,"{""type"":""MultiPoint"",""coordinates"":[]}"
00000000000000001ee6,1.23,506.0,25.0,48.0,47.0,2559.0,78.0,5374.0,"{""type"":""MultiPoint"",""coordinates"":[]}"
00000000000000001eed,0.64,411.0,60.0,82.0,47.0,2261.0,60.0,5381.0,"{""type"":""MultiPoint"",""coordinates"":[]}"
0000000000000000030e,1.89,214.0,154.0,394.0,47.0,2338.0,387.0,6287.0,"{""type"":""MultiPoint"",""coordinates"":[]}"
00000000000000000307,0.94,222.0,25.0,259.0,47.0,2401.0,241.0,6280.0,"{""type"":""MultiPoint"",""coordinates"":[]}"
0000000000000000030b,2.41,222.0,607.0,575.0,47.0,2110.0,551.0,6284.0,"{""type"":""MultiPoint"",""coordinates"":[]}"
0000000000000000030c,0.88,238.0,47.0,17.0,47.0,2527.0,-13.0,6285.0,"{""type"":""MultiPoint"",""coordinates"":[]}"
00000000000000000566,0.92,380.0,77.0,55.0,47.0,2570.0,65.0,6887.0,"{""type"":""MultiPoint"",""coordinates"":[]}"
00000000000000001eee,1.86,412.0,97.0,238.0,47.0,2503.0,212.0,5382.0,"{""type"":""MultiPoint"",""coordinates"":[]}"
00000000000000001eeb,2.79,476.0,476.0,331.0,47.0,2204.0,469.0,5379.0,"{""type"":""MultiPoint"",""coordinates"":[]}"
0000000000000000055b,1.48,461.0,38.0,204.0,47.0,2698.0,160.0,6876.0,"{""type"":""MultiPoint"",""coordinates"":[]}"
00000000000000000321,0.96,207.0,303.0,171.0,47.0,2532.0,187.0,6306.0,"{""type"":""MultiPoint"",""coordinates"":[]}"
0000000000000000031c,1.33,231.0,121.0,194.0,47.0,2520.0,208.0,6301.0,"{""type"":""MultiPoint"",""coordinates"":[]}"
0000000000000000031e,1.35,231.0,154.0,289.0,47.0,2506.0,284.0,6303.0,"{""type"":""MultiPoint"",""coordinates"":[]}"
00000000000000001ee8,2.94,478.0,406.0,320.0,47.0,2267.0,455.0,5376.0,"{""type"":""MultiPoint"",""coordinates"":[]}"
00000000000000000562,0.6,399.0,-39.0,127.0,47.0,2667.0,81.0,6883.0,"{""type"":""MultiPoint"",""coordinates"":[]}"
0000000000000000055a,0.16,495.0,95.0,68.0,47.0,2588.0,8.0,6875.0,"{""type"":""MultiPoint"",""coordinates"":[]}"
00000000000000000e7f,1.88,152.0,110.0,137.0,49.0,2595.0,147.0,1141.0,"{""type"":""MultiPoint"",""coordinates"":[]}"
00000000000000000e80,1.09,152.0,187.0,134.0,49.0,2582.0,102.0,1142.0,"{""type"":""MultiPoint"",""coordinates"":[]}"
00000000000000000e81,1.44,152.0,16.0,75.0,49.0,2445.0,83.0,1143.0,"{""type"":""MultiPoint"",""coordinates"":[]}"
00000000000000000e82,2.58,152.0,320.0,453.0,49.0,2153.0,479.0,1144.0,"{""type"":""MultiPoint"",""coordinates"":[]}"
00000000000000000e83,1.65,152.0,184.0,367.0,49.0,2302.0,347.0,1145.0,"{""type"":""MultiPoint"",""coordinates"":[]}"
00000000000000000ea8,1.67,152.0,206.0,154.0,49.0,2843.0,168.0,1182.0,"{""type"":""MultiPoint"",""coordinates"":[]}"
00000000000000000ecf,2.86,152.0,1007.0,506.0,49.0,1780.0,564.0,1221.0,"{""type"":""MultiPoint"",""coordinates"":[]}"
00000000000000000e57,1.91,160.0,17.0,267.0,49.0,2275.0,170.0,1101.0,"{""type"":""MultiPoint"",""coordinates"":[]}"
00000000000000000ee6,1.41,168.0,28.0,87.0,49.0,2720.0,71.0,1244.0,"{""type"":""MultiPoint"",""coordinates"":[]}"
00000000000000000749,0.33,176.0,-13.0,-49.0,49.0,2595.0,16.0,7370.0,"{""type"":""MultiPoint"",""coordinates"":[]}"
00000000000000000e50,2.53,176.0,348.0,383.0,49.0,2559.0,357.0,1094.0,"{""type"":""MultiPoint"",""coordinates"":[]}"
00000000000000000e6c,2.83,176.0,100.0,266.0,49.0,2382.0,322.0,1122.0,"{""type"":""MultiPoint"",""coordinates"":[]}"
00000000000000000e6d,2.39,176.0,139.0,313.0,49.0,2407.0,320.0,1123.0,"{""type"":""MultiPoint"",""coordinates"":[]}"
00000000000000000e6f,2.78,176.0,195.0,249.0,49.0,2525.0,272.0,1125.0,"{""type"":""MultiPoint"",""coordinates"":[]}"
00000000000000000e70,1.13,176.0,99.0,198.0,49.0,2599.0,178.0,1126.0,"{""type"":""MultiPoint"",""coordinates"":[]}"
00000000000000000e88,2.88,176.0,177.0,477.0,49.0,2146.0,474.0,1150.0,"{""type"":""MultiPoint"",""coordinates"":[]}"
00000000000000000e93,2.95,176.0,164.0,467.0,49.0,2453.0,401.0,1161.0,"{""type"":""MultiPoint"",""coordinates"":[]}"
00000000000000000eca,2.67,176.0,287.0,282.0,49.0,2739.0,268.0,1216.0,"{""type"":""MultiPoint"",""coordinates"":[]}"
0000000000000000073c,1.13,184.0,267.0,77.0,49.0,2628.0,115.0,7357.0,"{""type"":""MultiPoint"",""coordinates"":[]}"
00000000000000000e90,2.94,184.0,380.0,177.0,49.0,2644.0,228.0,1158.0,"{""type"":""MultiPoint"",""coordinates"":[]}"
00000000000000000730,2.84,192.0,645.0,334.0,49.0,1863.0,529.0,7345.0,"{""type"":""MultiPoint"",""coordinates"":[]}"
00000000000000000e86,2.81,192.0,413.0,144.0,49.0,2705.0,195.0,1148.0,"{""type"":""MultiPoint"",""coordinates"":[]}"
00000000000000000122,1.93,200.0,61.0,368.0,49.0,2526.0,329.0,5795.0,"{""type"":""MultiPoint"",""coordinates"":[]}"
0000000000000000016c,2.62,200.0,292.0,314.0,49.0,2225.0,399.0,5869.0,"{""type"":""MultiPoint"",""coordinates"":[]}"
0000000000000000015e,2.56,208.0,407.0,250.0,49.0,2294.0,364.0,5855.0,"{""type"":""MultiPoint"",""coordinates"":[]}"
00000000000000000742,2.22,208.0,41.0,313.0,49.0,2443.0,274.0,7363.0,"{""type"":""MultiPoint"",""coordinates"":[]}"
00000000000000000150,1.09,216.0,-80.0,133.0,49.0,2410.0,129.0,5841.0,"{""type"":""MultiPoint"",""coordinates"":[]}"
0000000000000000015b,2.29,216.0,440.0,229.0,49.0,2472.0,193.0,5852.0,"{""type"":""MultiPoint"",""coordinates"":[]}"
00000000000000000172,1.03,216.0,191.0,121.0,49.0,2635.0,143.0,5875.0,"{""type"":""MultiPoint"",""coordinates"":[]}"
0000000000000000002a,1.22,248.0,-8.0,71.0,49.0,2560.0,90.0,5547.0,"{""type"":""MultiPoint"",""coordinates"":[]}"
00000000000000000040,1.16,272.0,-92.0,47.0,49.0,2530.0,136.0,5569.0,"{""type"":""MultiPoint"",""coordinates"":[]}"
00000000000000000056,1.85,272.0,-220.0,61.0,49.0,2594.0,169.0,5591.0,"{""type"":""MultiPoint"",""coordinates"":[]}"
000000000000000000a7,0.61,272.0,350.0,-118.0,49.0,2857.0,-211.0,5672.0,"{""type"":""MultiPoint"",""coordinates"":[]}"
000000000000000000a8,0.16,272.0,168.0,6.0,49.0,2980.0,-63.0,5673.0,"{""type"":""MultiPoint"",""coordinates"":[]}"
000000000000000000ef,2.57,272.0,360.0,304.0,49.0,2056.0,513.0,5744.0,"{""type"":""MultiPoint"",""coordinates"":[]}"
00000000000000000116,2.57,272.0,362.0,304.0,49.0,2055.0,513.0,5783.0,"{""type"":""MultiPoint"",""coordinates"":[]}"
00000000000000000142,0.97,272.0,-102.0,108.0,49.0,2575.0,145.0,5827.0,"{""type"":""MultiPoint"",""coordinates"":[]}"
00000000000000000603,0.68,272.0,250.0,118.0,49.0,2623.0,97.0,7044.0,"{""type"":""MultiPoint"",""coordinates"":[]}"
00000000000000001f5c,1.66,272.0,-14.0,145.0,49.0,2495.0,103.0,5492.0,"{""type"":""MultiPoint"",""coordinates"":[]}"
00000000000000001f79,1.53,272.0,-176.0,91.0,49.0,2554.0,155.0,5521.0,"{""type"":""MultiPoint"",""coordinates"":[]}"
0000000000000000005a,2.09,288.0,21.0,254.0,49.0,2607.0,270.0,5595.0,"{""type"":""MultiPoint"",""coordinates"":[]}"
000000000000000000d1,1.75,288.0,118.0,11.0,49.0,2751.0,58.0,5714.0,"{""type"":""MultiPoint"",""coordinates"":[]}"
000000000000000000e2,1.5,288.0,-322.0,182.0,49.0,2566.0,250.0,5731.0,"{""type"":""MultiPoint"",""coordinates"":[]}"
00000000000000000109,1.5,288.0,-320.0,181.0,49.0,2562.0,249.0,5770.0,"{""type"":""MultiPoint"",""coordinates"":[]}"
00000000000000000067,2.13,304.0,391.0,242.0,49.0,2330.0,298.0,5608.0,"{""type"":""MultiPoint"",""coordinates"":[]}"
00000000000000000068,2.42,304.0,197.0,272.0,49.0,2353.0,308.0,5609.0,"{""type"":""MultiPoint"",""coordinates"":[]}"
0000000000000000008e,2.58,304.0,406.0,328.0,49.0,2065.0,463.0,5647.0,"{""type"":""MultiPoint"",""coordinates"":[]}"
0000000000000000008f,2.81,304.0,415.0,369.0,49.0,2002.0,529.0,5648.0,"{""type"":""MultiPoint"",""coordinates"":[]}"
000000000000000000b7,2.17,304.0,380.0,170.0,49.0,2478.0,204.0,5688.0,"{""type"":""MultiPoint"",""coordinates"":[]}"
000000000000000000bf,1.26,304.0,22.0,31.0,49.0,2870.0,38.0,5696.0,"{""type"":""MultiPoint"",""coordinates"":[]}"
000000000000000005fb,2.72,368.0,366.0,339.0,49.0,2186.0,419.0,7036.0,"{""type"":""MultiPoint"",""coordinates"":[]}"
00000000000000000606,0.88,480.0,12.0,56.0,49.0,2614.0,8.0,7047.0,"{""type"":""MultiPoint"",""coordinates"":[]}"
00000000000000000046,0.87,257.0,12.0,38.0,49.0,2622.0,49.0,5575.0,"{""type"":""MultiPoint"",""coordinates"":[]}"
000000000000000000a3,2.86,257.0,858.0,398.0,49.0,1948.0,508.0,5668.0,"{""type"":""MultiPoint"",""coordinates"":[]}"
00000000000000000033,1.63,273.0,-126.0,138.0,49.0,2550.0,195.0,5556.0,"{""type"":""MultiPoint"",""coordinates"":[]}"
000000000000000000af,1.13,273.0,-18.0,97.0,49.0,2617.0,101.0,5680.0,"{""type"":""MultiPoint"",""coordinates"":[]}"
00000000000000001f59,1.52,273.0,182.0,144.0,49.0,2561.0,140.0,5489.0,"{""type"":""MultiPoint"",""coordinates"":[]}"
00000000000000000028,2.61,289.0,394.0,328.0,49.0,2125.0,488.0,5545.0,"{""type"":""MultiPoint"",""coordinates"":[]}"
0000000000000000002c,2.55,289.0,419.0,382.0,49.0,2069.0,508.0,5549.0,"{""type"":""MultiPoint"",""coordinates"":[]}"
0000000000000000005d,2.48,289.0,178.0,63.0,49.0,2709.0,95.0,5598.0,"{""type"":""MultiPoint"",""coordinates"":[]}"
00000000000000000083,2.2,289.0,255.0,251.0,49.0,2357.0,346.0,5636.0,"{""type"":""MultiPoint"",""coordinates"":[]}"
000000000000000000e9,1.77,289.0,-188.0,91.0,49.0,2673.0,165.0,5738.0,"{""type"":""MultiPoint"",""coordinates"":[]}"
00000000000000000110,1.77,289.0,-190.0,92.0,49.0,2669.0,167.0,5777.0,"{""type"":""MultiPoint"",""coordinates"":[]}"
0000000000000000072f,1.75,289.0,3.0,238.0,49.0,2374.0,236.0,7344.0,"{""type"":""MultiPoint"",""coordinates"":[]}"
00000000000000000065,2.08,305.0,270.0,210.0,49.0,2570.0,181.0,5606.0,"{""type"":""MultiPoint"",""coordinates"":[]}"
00000000000000000072,2.06,305.0,293.0,157.0,49.0,2481.0,177.0,5619.0,"{""type"":""MultiPoint"",""coordinates"":[]}"
00000000000000000091,2.84,305.0,390.0,385.0,49.0,2017.0,528.0,5650.0,"{""type"":""MultiPoint"",""coordinates"":[]}"
000000000000000000b5,1.92,305.0,448.0,163.0,49.0,2497.0,163.0,5686.0,"{""type"":""MultiPoint"",""coordinates"":[]}"
000000000000000000bd,1.95,305.0,276.0,211.0,49.0,2565.0,183.0,5694.0,"{""type"":""MultiPoint"",""coordinates"":[]}"
000000000000000000c0,1.77,305.0,185.0,43.0,49.0,2596.0,110.0,5697.0,"{""type"":""MultiPoint"",""coordinates"":[]}"
000000000000000000d7,0.98,305.0,221.0,76.0,49.0,2603.0,129.0,5720.0,"{""type"":""MultiPoint"",""coordinates"":[]}"
0000000000000000072c,1.59,321.0,-7.0,168.0,49.0,2310.0,158.0,7341.0,"{""type"":""MultiPoint"",""coordinates"":[]}"
000000000000000005fa,1.41,369.0,66.0,240.0,49.0,2535.0,204.0,7035.0,"{""type"":""MultiPoint"",""coordinates"":[]}"
000000000000000006e0,1.11,449.0,57.0,207.0,49.0,2319.0,220.0,7265.0,"{""type"":""MultiPoint"",""coordinates"":[]}"
00000000000000000609,1.5,465.0,100.0,85.0,49.0,2631.0,67.0,7050.0,"{""type"":""MultiPoint"",""coordinates"":[]}"
00000000000000000ed4,2.86,153.0,349.0,508.0,49.0,1991.0,587.0,1226.0,"{""type"":""MultiPoint"",""coordinates"":[]}"
00000000000000000ed6,2.17,153.0,439.0,346.0,49.0,2495.0,305.0,1228.0,"{""type"":""MultiPoint"",""coordinates"":[]}"
00000000000000000708,2.1,161.0,-156.0,267.0,49.0,2592.0,297.0,7305.0,"{""type"":""MultiPoint"",""coordinates"":[]}"
00000000000000000ea4,2.86,161.0,442.0,555.0,49.0,1987.0,573.0,1178.0,"{""type"":""MultiPoint"",""coordinates"":[]}"
000000000000000006fb,1.2,169.0,32.0,102.0,49.0,2683.0,103.0,7292.0,"{""type"":""MultiPoint"",""coordinates"":[]}"
000000000000000006fc,1.27,169.0,86.0,35.0,49.0,2682.0,79.0,7293.0,"{""type"":""MultiPoint"",""coordinates"":[]}"
000000000000000006fd,1.82,169.0,14.0,309.0,49.0,2611.0,295.0,7294.0,"{""type"":""MultiPoint"",""coordinates"":[]}"
00000000000000000e73,2.34,169.0,3.0,220.0,49.0,2373.0,181.0,1129.0,"{""type"":""MultiPoint"",""coordinates"":[]}"
00000000000000000e74,2.71,169.0,4.0,367.0,49.0,2273.0,312.0,1130.0,"{""type"":""MultiPoint"",""coordinates"":[]}"
00000000000000000ec0,2.94,169.0,541.0,450.0,49.0,2143.0,495.0,1206.0,"{""type"":""MultiPoint"",""coordinates"":[]}"
00000000000000000e51,2.74,177.0,338.0,443.0,49.0,2447.0,401.0,1095.0,"{""type"":""MultiPoint"",""coordinates"":[]}"
00000000000000000eb4,3.0,185.0,230.0,441.0,49.0,2222.0,468.0,1194.0,"{""type"":""MultiPoint"",""coordinates"":[]}"
0000000000000000012c,0.86,193.0,378.0,202.0,49.0,2894.0,196.0,5805.0,"{""type"":""MultiPoint"",""coordinates"":[]}"
0000000000000000012d,1.86,193.0,353.0,269.0,49.0,2519.0,284.0,5806.0,"{""type"":""MultiPoint"",""coordinates"":[]}"
0000000000000000012e,0.83,193.0,330.0,212.0,49.0,2553.0,257.0,5807.0,"{""type"":""MultiPoint"",""coordinates"":[]}"
00000000000000000721,1.34,193.0,84.0,125.0,49.0,2480.0,191.0,7330.0,"{""type"":""MultiPoint"",""coordinates"":[]}"
00000000000000000744,2.23,193.0,75.0,359.0,49.0,2319.0,302.0,7365.0,"{""type"":""MultiPoint"",""coordinates"":[]}"
00000000000000000745,2.39,193.0,122.0,339.0,49.0,2384.0,331.0,7366.0,"{""type"":""MultiPoint"",""coordinates"":[]}"
00000000000000000e4f,1.76,193.0,148.0,165.0,49.0,2704.0,173.0,1093.0,"{""type"":""MultiPoint"",""coordinates"":[]}"
00000000000000000e7b,0.84,193.0,136.0,109.0,49.0,2722.0,122.0,1137.0,"{""type"":""MultiPoint"",""coordinates"":[]}"
00000000000000000ea0,2.89,193.0,301.0,462.0,49.0,2130.0,496.0,1174.0,"{""type"":""MultiPoint"",""coordinates"":[]}"
00000000000000000124,2.24,201.0,-14.0,255.0,49.0,2417.0,243.0,5797.0,"{""type"":""MultiPoint"",""coordinates"":[]}"
00000000000000000131,1.18,201.0,12.0,216.0,49.0,2451.0,192.0,5810.0,"{""type"":""MultiPoint"",""coordinates"":[]}"
0000000000000000071e,2.61,201.0,76.0,447.0,49.0,2299.0,377.0,7327.0,"{""type"":""MultiPoint"",""coordinates"":[]}"
00000000000000000e64,1.9,201.0,36.0,37.0,49.0,2865.0,43.0,1114.0,"{""type"":""MultiPoint"",""coordinates"":[]}"
00000000000000000e96,2.97,201.0,250.0,264.0,49.0,2280.0,332.0,1164.0,"{""type"":""MultiPoint"",""coordinates"":[]}"
0000000000000000015f,2.68,209.0,464.0,177.0,49.0,2033.0,455.0,5856.0,"{""type"":""MultiPoint"",""coordinates"":[]}"
0000000000000000071d,0.42,209.0,280.0,31.0,49.0,2589.0,80.0,7326.0,"{""type"":""MultiPoint"",""coordinates"":[]}"
0000000000000000014a,2.07,217.0,7.0,138.0,49.0,2381.0,141.0,5835.0,"{""type"":""MultiPoint"",""coordinates"":[]}"
0000000000000000014f,0.57,217.0,16.0,117.0,49.0,2496.0,101.0,5840.0,"{""type"":""MultiPoint"",""coordinates"":[]}"
00000000000000000165,1.97,217.0,-101.0,-71.0,49.0,2339.0,227.0,5862.0,"{""type"":""MultiPoint"",""coordinates"":[]}"
00000000000000000174,1.1,217.0,-52.0,155.0,49.0,2471.0,158.0,5877.0,"{""type"":""MultiPoint"",""coordinates"":[]}"
00000000000000000ee9,2.72,225.0,18.0,58.0,49.0,2674.0,68.0,1247.0,"{""type"":""MultiPoint"",""coordinates"":[]}"
00000000000000000050,2.95,258.0,254.0,384.0,49.0,2318.0,423.0,5585.0,"{""type"":""MultiPoint"",""coordinates"":[]}"
000000000000000000a4,2.85,258.0,733.0,265.0,49.0,2070.0,422.0,5669.0,"{""type"":""MultiPoint"",""coordinates"":[]}"
00000000000000000036,1.66,274.0,-39.0,71.0,49.0,2562.0,96.0,5559.0,"{""type"":""MultiPoint"",""coordinates"":[]}"
000000000000000000ae,1.31,274.0,-15.0,144.0,49.0,2491.0,127.0,5679.0,"{""type"":""MultiPoint"",""coordinates"":[]}"
000000000000000000c1,2.36,274.0,5.0,71.0,49.0,2519.0,129.0,5698.0,"{""type"":""MultiPoint"",""coordinates"":[]}"
000000000000000000f4,1.79,274.0,-107.0,196.0,49.0,2558.0,273.0,5749.0,"{""type"":""MultiPoint"",""coordinates"":[]}"
000000000000000000f5,0.57,274.0,-72.0,89.0,49.0,2508.0,109.0,5750.0,"{""type"":""MultiPoint"",""coordinates"":[]}"
0000000000000000011b,1.79,274.0,-107.0,196.0,49.0,2558.0,273.0,5788.0,"{""type"":""MultiPoint"",""coordinates"":[]}"
0000000000000000011c,0.57,274.0,-71.0,89.0,49.0,2507.0,110.0,5789.0,"{""type"":""MultiPoint"",""coordinates"":[]}"
00000000000000000026,2.64,290.0,228.0,255.0,49.0,2217.0,404.0,5543.0,"{""type"":""MultiPoint"",""coordinates"":[]}"
0000000000000000005e,2.33,290.0,161.0,245.0,49.0,2504.0,264.0,5599.0,"{""type"":""MultiPoint"",""coordinates"":[]}"
000000000000000000c8,2.2,290.0,119.0,66.0,49.0,2547.0,128.0,5705.0,"{""type"":""MultiPoint"",""coordinates"":[]}"
000000000000000000d0,2.08,290.0,410.0,-8.0,49.0,2598.0,106.0,5713.0,"{""type"":""MultiPoint"",""coordinates"":[]}"
000000000000000000d3,0.71,290.0,323.0,11.0,49.0,2747.0,66.0,5716.0,"{""type"":""MultiPoint"",""coordinates"":[]}"
000000000000000000d5,1.17,290.0,117.0,41.0,49.0,2546.0,95.0,5718.0,"{""type"":""MultiPoint"",""coordinates"":[]}"
000000000000000000e1,1.55,290.0,-150.0,153.0,49.0,2534.0,216.0,5730.0,"{""type"":""MultiPoint"",""coordinates"":[]}"
00000000000000000108,1.55,290.0,-149.0,153.0,49.0,2534.0,216.0,5769.0,"{""type"":""MultiPoint"",""coordinates"":[]}"
00000000000000001f64,2.64,290.0,346.0,353.0,49.0,2200.0,459.0,5500.0,"{""type"":""MultiPoint"",""coordinates"":[]}"
0000000000000000006b,1.93,306.0,193.0,225.0,49.0,2480.0,233.0,5612.0,"{""type"":""MultiPoint"",""coordinates"":[]}"
0000000000000000006c,2.12,306.0,120.0,268.0,49.0,2461.0,259.0,5613.0,"{""type"":""MultiPoint"",""coordinates"":[]}"
0000000000000000006d,2.47,306.0,271.0,256.0,49.0,2389.0,277.0,5614.0,"{""type"":""MultiPoint"",""coordinates"":[]}"
0000000000000000006f,2.35,306.0,166.0,268.0,49.0,2413.0,250.0,5616.0,"{""type"":""MultiPoint"",""coordinates"":[]}"
00000000000000000073,2.4,306.0,238.0,220.0,49.0,2427.0,228.0,5620.0,"{""type"":""MultiPoint"",""coordinates"":[]}"
00000000000000000074,0.44,306.0,268.0,50.0,49.0,2671.0,39.0,5621.0,"{""type"":""MultiPoint"",""coordinates"":[]}"
00000000000000000079,1.8,306.0,-23.0,275.0,49.0,2545.0,229.0,5626.0,"{""type"":""MultiPoint"",""coordinates"":[]}"
0000000000000000007a,2.48,306.0,303.0,284.0,49.0,2448.0,280.0,5627.0,"{""type"":""MultiPoint"",""coordinates"":[]}"
000000000000000000b4,0.79,306.0,206.0,22.0,49.0,2684.0,35.0,5685.0,"{""type"":""MultiPoint"",""coordinates"":[]}"
000000000000000000da,1.64,306.0,211.0,27.0,49.0,2625.0,87.0,5723.0,"{""type"":""MultiPoint"",""coordinates"":[]}"
000000000000000005f9,1.52,370.0,93.0,159.0,49.0,2579.0,145.0,7034.0,"{""type"":""MultiPoint"",""coordinates"":[]}"
000000000000000006df,1.02,434.0,75.0,80.0,49.0,2396.0,125.0,7264.0,"{""type"":""MultiPoint"",""coordinates"":[]}"
00000000000000000037,2.92,259.0,445.0,482.0,49.0,2157.0,526.0,5560.0,"{""type"":""MultiPoint"",""coordinates"":[]}"
000000000000000000a5,2.65,259.0,368.0,277.0,49.0,2301.0,372.0,5670.0,"{""type"":""MultiPoint"",""coordinates"":[]}"
000000000000000000c4,2.63,275.0,284.0,325.0,49.0,2162.0,484.0,5701.0,"{""type"":""MultiPoint"",""coordinates"":[]}"
000000000000000000f0,2.54,275.0,217.0,229.0,49.0,2281.0,396.0,5745.0,"{""type"":""MultiPoint"",""coordinates"":[]}"
000000000000000000f6,1.12,275.0,-18.0,137.0,49.0,2577.0,162.0,5751.0,"{""type"":""MultiPoint"",""coordinates"":[]}"
00000000000000000117,2.54,275.0,213.0,228.0,49.0,2284.0,395.0,5784.0,"{""type"":""MultiPoint"",""coordinates"":[]}"
0000000000000000011d,1.13,275.0,-18.0,137.0,49.0,2576.0,162.0,5790.0,"{""type"":""MultiPoint"",""coordinates"":[]}"
00000000000000000147,0.72,275.0,-5.0,190.0,49.0,2585.0,202.0,5832.0,"{""type"":""MultiPoint"",""coordinates"":[]}"
00000000000000000601,2.46,275.0,502.0,325.0,49.0,2225.0,387.0,7042.0,"{""type"":""MultiPoint"",""coordinates"":[]}"
00000000000000000602,0.38,275.0,51.0,111.0,49.0,2790.0,55.0,7043.0,"{""type"":""MultiPoint"",""coordinates"":[]}"
00000000000000001f54,1.72,275.0,14.0,202.0,49.0,2486.0,158.0,5484.0,"{""type"":""MultiPoint"",""coordinates"":[]}"
00000000000000000084,2.06,291.0,286.0,254.0,49.0,2288.0,380.0,5637.0,"{""type"":""MultiPoint"",""coordinates"":[]}"
000000000000000000cf,1.73,291.0,170.0,36.0,49.0,2607.0,137.0,5712.0,"{""type"":""MultiPoint"",""coordinates"":[]}"
000000000000000000d4,1.13,291.0,97.0,-29.0,49.0,2771.0,26.0,5717.0,"{""type"":""MultiPoint"",""coordinates"":[]}"
000000000000000000d9,1.3,291.0,235.0,120.0,49.0,2523.0,181.0,5722.0,"{""type"":""MultiPoint"",""coordinates"":[]}"
000000000000000000fe,1.36,291.0,-243.0,72.0,49.0,2573.0,145.0,5759.0,"{""type"":""MultiPoint"",""coordinates"":[]}"
00000000000000001f62,2.47,291.0,169.0,277.0,49.0,2489.0,326.0,5498.0,"{""type"":""MultiPoint"",""coordinates"":[]}"
00000000000000001f89,2.73,291.0,345.0,436.0,49.0,2117.0,510.0,5537.0,"{""type"":""MultiPoint"",""coordinates"":[]}"
0000000000000000002f,2.74,307.0,234.0,406.0,49.0,2216.0,457.0,5552.0,"{""type"":""MultiPoint"",""coordinates"":[]}"
00000000000000000039,2.72,307.0,464.0,512.0,49.0,1983.0,575.0,5562.0,"{""type"":""MultiPoint"",""coordinates"":[]}"
0000000000000000006a,1.77,307.0,507.0,128.0,49.0,2442.0,157.0,5611.0,"{""type"":""MultiPoint"",""coordinates"":[]}"
0000000000000000006e,2.6,307.0,411.0,255.0,49.0,2189.0,377.0,5615.0,"{""type"":""MultiPoint"",""coordinates"":[]}"
00000000000000000076,2.42,307.0,250.0,257.0,49.0,2402.0,238.0,5623.0,"{""type"":""MultiPoint"",""coordinates"":[]}"
00000000000000000077,2.34,307.0,359.0,278.0,49.0,2238.0,367.0,5624.0,"{""type"":""MultiPoint"",""coordinates"":[]}"
00000000000000000078,2.26,307.0,307.0,310.0,49.0,2223.0,379.0,5625.0,"{""type"":""MultiPoint"",""coordinates"":[]}"
0000000000000000007b,2.36,307.0,57.0,252.0,49.0,2593.0,241.0,5628.0,"{""type"":""MultiPoint"",""coordinates"":[]}"
0000000000000000007c,2.28,307.0,126.0,361.0,49.0,2343.0,367.0,5629.0,"{""type"":""MultiPoint"",""coordinates"":[]}"
000000000000000005fd,1.5,419.0,-19.0,165.0,49.0,2631.0,98.0,7038.0,"{""type"":""MultiPoint"",""coordinates"":[]}"
00000000000000000ec5,2.72,154.0,484.0,384.0,49.0,2066.0,408.0,1211.0,"{""type"":""MultiPoint"",""coordinates"":[]}"
00000000000000000ecc,2.98,154.0,443.0,588.0,49.0,1941.0,599.0,1218.0,"{""type"":""MultiPoint"",""coordinates"":[]}"
00000000000000000ecd,2.95,154.0,580.0,526.0,49.0,1722.0,676.0,1219.0,"{""type"":""MultiPoint"",""coordinates"":[]}"
00000000000000000ed5,2.66,154.0,470.0,290.0,49.0,2249.0,398.0,1227.0,"{""type"":""MultiPoint"",""coordinates"":[]}"
00000000000000000ee1,2.64,154.0,366.0,477.0,49.0,2376.0,421.0,1239.0,"{""type"":""MultiPoint"",""coordinates"":[]}"
00000000000000000706,2.1,162.0,-54.0,205.0,49.0,2520.0,218.0,7303.0,"{""type"":""MultiPoint"",""coordinates"":[]}"
0000000000000000070a,0.57,162.0,-163.0,39.0,49.0,2761.0,96.0,7307.0,"{""type"":""MultiPoint"",""coordinates"":[]}"
0000000000000000070b,0.09,162.0,-35.0,29.0,49.0,2947.0,24.0,7308.0,"{""type"":""MultiPoint"",""coordinates"":[]}"
0000000000000000070c,1.67,162.0,-65.0,99.0,49.0,2724.0,97.0,7309.0,"{""type"":""MultiPoint"",""coordinates"":[]}"
00000000000000000e76,2.35,170.0,32.0,300.0,49.0,2232.0,272.0,1132.0,"{""type"":""MultiPoint"",""coordinates"":[]}"
00000000000000000ebf,2.64,170.0,223.0,427.0,49.0,2261.0,463.0,1205.0,"{""type"":""MultiPoint"",""coordinates"":[]}"
00000000000000000e8f,2.77,186.0,183.0,483.0,49.0,2165.0,395.0,1157.0,"{""type"":""MultiPoint"",""coordinates"":[]}"
00000000000000000e52,2.41,194.0,-31.0,183.0,49.0,2845.0,200.0,1096.0,"{""type"":""MultiPoint"",""coordinates"":[]}"
00000000000000000e7c,0.06,194.0,292.0,121.0,49.0,2483.0,58.0,1138.0,"{""type"":""MultiPoint"",""coordinates"":[]}"
00000000000000000e9c,2.47,194.0,432.0,418.0,49.0,2422.0,392.0,1170.0,"{""type"":""MultiPoint"",""coordinates"":[]}"
00000000000000000123,2.84,202.0,304.0,417.0,49.0,2079.0,541.0,5796.0,"{""type"":""MultiPoint"",""coordinates"":[]}"
00000000000000000130,0.88,202.0,-10.0,162.0,49.0,2383.0,149.0,5809.0,"{""type"":""MultiPoint"",""coordinates"":[]}"
00000000000000000135,2.73,202.0,226.0,348.0,49.0,2258.0,447.0,5814.0,"{""type"":""MultiPoint"",""coordinates"":[]}"
0000000000000000016b,2.65,202.0,302.0,310.0,49.0,2235.0,393.0,5868.0,"{""type"":""MultiPoint"",""coordinates"":[]}"
0000000000000000071f,2.04,202.0,152.0,179.0,49.0,2329.0,226.0,7328.0,"{""type"":""MultiPoint"",""coordinates"":[]}"
0000000000000000073d,0.88,202.0,55.0,140.0,49.0,2563.0,142.0,7358.0,"{""type"":""MultiPoint"",""coordinates"":[]}"
00000000000000000160,2.69,210.0,394.0,299.0,49.0,2055.0,520.0,5857.0,"{""type"":""MultiPoint"",""coordinates"":[]}"
00000000000000000170,1.91,210.0,101.0,224.0,49.0,2587.0,203.0,5873.0,"{""type"":""MultiPoint"",""coordinates"":[]}"
00000000000000000746,2.17,210.0,288.0,247.0,49.0,2328.0,306.0,7367.0,"{""type"":""MultiPoint"",""coordinates"":[]}"
00000000000000000166,2.62,218.0,-61.0,390.0,49.0,2339.0,307.0,5863.0,"{""type"":""MultiPoint"",""coordinates"":[]}"
00000000000000000175,2.06,218.0,201.0,203.0,49.0,2573.0,212.0,5878.0,"{""type"":""MultiPoint"",""coordinates"":[]}"
00000000000000000178,1.28,218.0,-28.0,127.0,49.0,2619.0,117.0,5881.0,"{""type"":""MultiPoint"",""coordinates"":[]}"
0000000000000000017a,0.77,218.0,-19.0,65.0,49.0,2643.0,68.0,5883.0,"{""type"":""MultiPoint"",""coordinates"":[]}"
00000000000000000158,1.12,226.0,168.0,157.0,49.0,2585.0,129.0,5849.0,"{""type"":""MultiPoint"",""coordinates"":[]}"
00000000000000000041,0.86,234.0,26.0,63.0,49.0,2363.0,84.0,5570.0,"{""type"":""MultiPoint"",""coordinates"":[]}"
0000000000000000009f,2.66,260.0,656.0,359.0,49.0,2045.0,490.0,5664.0,"{""type"":""MultiPoint"",""coordinates"":[]}"
000000000000000000cc,2.67,260.0,440.0,317.0,49.0,2028.0,542.0,5709.0,"{""type"":""MultiPoint"",""coordinates"":[]}"
000000000000000000cd,2.42,260.0,526.0,359.0,49.0,1988.0,567.0,5710.0,"{""type"":""MultiPoint"",""coordinates"":[]}"
00000000000000000055,0.56,276.0,-70.0,52.0,49.0,2452.0,84.0,5590.0,"{""type"":""MultiPoint"",""coordinates"":[]}"
00000000000000000094,2.17,276.0,329.0,322.0,49.0,2253.0,375.0,5653.0,"{""type"":""MultiPoint"",""coordinates"":[]}"
000000000000000000aa,2.07,276.0,-4.0,270.0,49.0,2596.0,217.0,5675.0,"{""type"":""MultiPoint"",""coordinates"":[]}"
000000000000000000ab,2.35,276.0,106.0,279.0,49.0,2561.0,249.0,5676.0,"{""type"":""MultiPoint"",""coordinates"":[]}"
000000000000000000ac,1.19,276.0,12.0,67.0,49.0,2641.0,49.0,5677.0,"{""type"":""MultiPoint"",""coordinates"":[]}"
000000000000000000f7,0.79,276.0,2.0,87.0,49.0,2497.0,97.0,5752.0,"{""type"":""MultiPoint"",""coordinates"":[]}"
0000000000000000011e,0.79,276.0,1.0,87.0,49.0,2497.0,97.0,5791.0,"{""type"":""MultiPoint"",""coordinates"":[]}"
0000000000000000013d,2.25,276.0,-44.0,176.0,49.0,2460.0,284.0,5822.0,"{""type"":""MultiPoint"",""coordinates"":[]}"
0000000000000000013e,1.48,276.0,237.0,122.0,49.0,2591.0,150.0,5823.0,"{""type"":""MultiPoint"",""coordinates"":[]}"
00000000000000001f56,1.39,276.0,46.0,84.0,49.0,2580.0,67.0,5486.0,"{""type"":""MultiPoint"",""coordinates"":[]}"
000000000000000000d6,2.61,292.0,634.0,287.0,49.0,2111.0,432.0,5719.0,"{""type"":""MultiPoint"",""coordinates"":[]}"
000000000000000000fa,1.58,292.0,-152.0,128.0,49.0,2489.0,167.0,5755.0,"{""type"":""MultiPoint"",""coordinates"":[]}"
000000000000000000ff,1.77,292.0,-268.0,177.0,49.0,2600.0,245.0,5760.0,"{""type"":""MultiPoint"",""coordinates"":[]}"
00000000000000000121,1.58,292.0,-152.0,128.0,49.0,2489.0,167.0,5794.0,"{""type"":""MultiPoint"",""coordinates"":[]}"
0000000000000000004c,0.76,308.0,17.0,66.0,49.0,2671.0,126.0,5581.0,"{""type"":""MultiPoint"",""coordinates"":[]}"
0000000000000000007d,2.24,308.0,21.0,371.0,49.0,2448.0,343.0,5630.0,"{""type"":""MultiPoint"",""coordinates"":[]}"
00000000000000001f61,1.7,308.0,25.0,184.0,49.0,2844.0,205.0,5497.0,"{""type"":""MultiPoint"",""coordinates"":[]}"
000000000000000006d1,1.51,372.0,72.0,236.0,49.0,2541.0,235.0,7250.0,"{""type"":""MultiPoint"",""coordinates"":[]}"
000000000000000006e1,2.25,452.0,49.0,320.0,49.0,2280.0,302.0,7266.0,"{""type"":""MultiPoint"",""coordinates"":[]}"
000000000000000006e2,2.45,452.0,252.0,430.0,49.0,2114.0,469.0,7267.0,"{""type"":""MultiPoint"",""coordinates"":[]}"
0000000000000000009b,2.54,261.0,538.0,428.0,49.0,2008.0,525.0,5660.0,"{""type"":""MultiPoint"",""coordinates"":[]}"
0000000000000000009c,2.8,261.0,491.0,414.0,49.0,2110.0,485.0,5661.0,"{""type"":""MultiPoint"",""coordinates"":[]}"
0000000000000000009d,2.32,261.0,671.0,411.0,49.0,1923.0,575.0,5662.0,"{""type"":""MultiPoint"",""coordinates"":[]}"
0000000000000000009e,2.74,261.0,546.0,409.0,49.0,2042.0,502.0,5663.0,"{""type"":""MultiPoint"",""coordinates"":[]}"
000000000000000000a0,2.66,261.0,638.0,418.0,49.0,1963.0,536.0,5665.0,"{""type"":""MultiPoint"",""coordinates"":[]}"
000000000000000000cb,2.41,261.0,265.0,224.0,49.0,2223.0,438.0,5708.0,"{""type"":""MultiPoint"",""coordinates"":[]}"
00000000000000000093,2.61,277.0,184.0,305.0,49.0,2323.0,354.0,5652.0,"{""type"":""MultiPoint"",""coordinates"":[]}"
000000000000000000ad,1.27,277.0,1.0,169.0,49.0,2463.0,111.0,5678.0,"{""type"":""MultiPoint"",""coordinates"":[]}"
000000000000000000eb,1.5,277.0,16.0,263.0,49.0,2423.0,306.0,5740.0,"{""type"":""MultiPoint"",""coordinates"":[]}"
000000000000000000f8,1.11,277.0,50.0,116.0,49.0,2498.0,196.0,5753.0,"{""type"":""MultiPoint"",""coordinates"":[]}"
00000000000000000112,1.5,277.0,19.0,265.0,49.0,2421.0,309.0,5779.0,"{""type"":""MultiPoint"",""coordinates"":[]}"
0000000000000000011f,1.11,277.0,51.0,116.0,49.0,2497.0,197.0,5792.0,"{""type"":""MultiPoint"",""coordinates"":[]}"
00000000000000000145,2.69,277.0,-149.0,135.0,49.0,2546.0,259.0,5830.0,"{""type"":""MultiPoint"",""coordinates"":[]}"
00000000000000000146,1.97,277.0,69.0,257.0,49.0,2462.0,252.0,5831.0,"{""type"":""MultiPoint"",""coordinates"":[]}"
000000000000000005ff,1.48,277.0,220.0,199.0,49.0,2499.0,231.0,7040.0,"{""type"":""MultiPoint"",""coordinates"":[]}"
00000000000000000600,0.55,277.0,285.0,186.0,49.0,2589.0,220.0,7041.0,"{""type"":""MultiPoint"",""coordinates"":[]}"
000000000000000000fd,1.25,293.0,-151.0,87.0,49.0,2500.0,173.0,5758.0,"{""type"":""MultiPoint"",""coordinates"":[]}"
00000000000000000100,1.65,293.0,-191.0,154.0,49.0,2547.0,236.0,5761.0,"{""type"":""MultiPoint"",""coordinates"":[]}"
00000000000000000743,1.43,293.0,94.0,224.0,49.0,2498.0,266.0,7364.0,"{""type"":""MultiPoint"",""coordinates"":[]}"
00000000000000001f74,2.7,293.0,216.0,301.0,49.0,2182.0,452.0,5516.0,"{""type"":""MultiPoint"",""coordinates"":[]}"
000000000000000000ba,2.36,309.0,276.0,157.0,49.0,2517.0,143.0,5691.0,"{""type"":""MultiPoint"",""coordinates"":[]}"
000000000000000006e7,1.9,325.0,-1.0,182.0,49.0,2504.0,163.0,7272.0,"{""type"":""MultiPoint"",""coordinates"":[]}"
000000000000000006ef,1.96,325.0,167.0,110.0,49.0,2548.0,146.0,7280.0,"{""type"":""MultiPoint"",""coordinates"":[]}"
00000000000000000728,1.56,357.0,30.0,228.0,49.0,2394.0,228.0,7337.0,"{""type"":""MultiPoint"",""coordinates"":[]}"
00000000000000000605,0.07,485.0,-27.0,48.0,49.0,2640.0,-22.0,7046.0,"{""type"":""MultiPoint"",""coordinates"":[]}"
00000000000000000ec6,2.91,155.0,740.0,465.0,49.0,1742.0,638.0,1212.0,"{""type"":""MultiPoint"",""coordinates"":[]}"
00000000000000000ec7,0.75,155.0,166.0,109.0,49.0,2767.0,126.0,1213.0,"{""type"":""MultiPoint"",""coordinates"":[]}"
0000000000000000070d,0.55,163.0,-51.0,237.0,49.0,2614.0,192.0,7310.0,"{""type"":""MultiPoint"",""coordinates"":[]}"
00000000000000000ede,2.62,163.0,735.0,314.0,49.0,2211.0,394.0,1236.0,"{""type"":""MultiPoint"",""coordinates"":[]}"
00000000000000000edf,2.63,171.0,256.0,264.0,49.0,2601.0,303.0,1237.0,"{""type"":""MultiPoint"",""coordinates"":[]}"
00000000000000000e92,2.85,179.0,184.0,290.0,49.0,2763.0,276.0,1160.0,"{""type"":""MultiPoint"",""coordinates"":[]}"
00000000000000000eb9,2.89,179.0,380.0,479.0,49.0,2005.0,513.0,1199.0,"{""type"":""MultiPoint"",""coordinates"":[]}"
00000000000000000e8e,2.95,187.0,220.0,581.0,49.0,2191.0,494.0,1156.0,"{""type"":""MultiPoint"",""coordinates"":[]}"
00000000000000000e66,1.46,195.0,115.0,177.0,49.0,2830.0,169.0,1116.0,"{""type"":""MultiPoint"",""coordinates"":[]}"
00000000000000000e9d,2.94,195.0,359.0,359.0,49.0,2413.0,366.0,1171.0,"{""type"":""MultiPoint"",""coordinates"":[]}"
00000000000000000e9e,2.83,195.0,429.0,398.0,49.0,2240.0,403.0,1172.0,"{""type"":""MultiPoint"",""coordinates"":[]}"
0000000000000000012f,2.4,203.0,86.0,230.0,49.0,2334.0,384.0,5808.0,"{""type"":""MultiPoint"",""coordinates"":[]}"
00000000000000000134,2.82,203.0,215.0,417.0,49.0,2132.0,500.0,5813.0,"{""type"":""MultiPoint"",""coordinates"":[]}"
0000000000000000016d,2.62,203.0,193.0,245.0,49.0,2297.0,335.0,5870.0,"{""type"":""MultiPoint"",""coordinates"":[]}"
00000000000000000167,2.09,219.0,-73.0,351.0,49.0,2426.0,291.0,5864.0,"{""type"":""MultiPoint"",""coordinates"":[]}"
00000000000000000168,2.62,219.0,402.0,393.0,49.0,2159.0,377.0,5865.0,"{""type"":""MultiPoint"",""coordinates"":[]}"
00000000000000000169,0.63,219.0,-29.0,191.0,49.0,2357.0,155.0,5866.0,"{""type"":""MultiPoint"",""coordinates"":[]}"
0000000000000000016a,1.12,219.0,-51.0,286.0,49.0,2483.0,231.0,5867.0,"{""type"":""MultiPoint"",""coordinates"":[]}"
00000000000000000176,1.88,219.0,18.0,159.0,49.0,2603.0,136.0,5879.0,"{""type"":""MultiPoint"",""coordinates"":[]}"
00000000000000000177,1.5,219.0,125.0,87.0,49.0,2661.0,107.0,5880.0,"{""type"":""MultiPoint"",""coordinates"":[]}"
00000000000000000eba,2.83,219.0,354.0,126.0,49.0,2893.0,105.0,1200.0,"{""type"":""MultiPoint"",""coordinates"":[]}"
00000000000000000ebb,2.57,219.0,449.0,128.0,49.0,2608.0,154.0,1201.0,"{""type"":""MultiPoint"",""coordinates"":[]}"
0000000000000000071a,2.11,227.0,271.0,496.0,49.0,2039.0,521.0,7323.0,"{""type"":""MultiPoint"",""coordinates"":[]}"
000000000000000000a1,2.33,262.0,686.0,426.0,49.0,1950.0,536.0,5666.0,"{""type"":""MultiPoint"",""coordinates"":[]}"
00000000000000000031,1.1,278.0,-4.0,90.0,49.0,2443.0,106.0,5554.0,"{""type"":""MultiPoint"",""coordinates"":[]}"
00000000000000000038,0.8,278.0,-88.0,116.0,49.0,2555.0,158.0,5561.0,"{""type"":""MultiPoint"",""coordinates"":[]}"
0000000000000000003b,0.96,278.0,-177.0,56.0,49.0,2680.0,111.0,5564.0,"{""type"":""MultiPoint"",""coordinates"":[]}"
0000000000000000003c,2.17,278.0,-43.0,89.0,49.0,2519.0,161.0,5565.0,"{""type"":""MultiPoint"",""coordinates"":[]}"
0000000000000000004a,1.57,278.0,-56.0,153.0,49.0,2497.0,256.0,5579.0,"{""type"":""MultiPoint"",""coordinates"":[]}"
00000000000000000053,1.76,278.0,-41.0,177.0,49.0,2549.0,170.0,5588.0,"{""type"":""MultiPoint"",""coordinates"":[]}"
0000000000000000005c,1.22,278.0,35.0,181.0,49.0,2434.0,173.0,5597.0,"{""type"":""MultiPoint"",""coordinates"":[]}"
000000000000000000ed,1.38,278.0,-23.0,125.0,49.0,2462.0,140.0,5742.0,"{""type"":""MultiPoint"",""coordinates"":[]}"
00000000000000000114,1.38,278.0,-22.0,126.0,49.0,2461.0,141.0,5781.0,"{""type"":""MultiPoint"",""coordinates"":[]}"
00000000000000001f78,1.81,278.0,-233.0,80.0,49.0,2670.0,178.0,5520.0,"{""type"":""MultiPoint"",""coordinates"":[]}"
00000000000000000027,2.61,294.0,54.0,218.0,49.0,2337.0,354.0,5544.0,"{""type"":""MultiPoint"",""coordinates"":[]}"
00000000000000000057,1.19,294.0,-1.0,141.0,49.0,2668.0,180.0,5592.0,"{""type"":""MultiPoint"",""coordinates"":[]}"
0000000000000000005f,2.91,294.0,130.0,286.0,49.0,2313.0,398.0,5600.0,"{""type"":""MultiPoint"",""coordinates"":[]}"
00000000000000000086,2.09,294.0,370.0,256.0,49.0,2215.0,399.0,5639.0,"{""type"":""MultiPoint"",""coordinates"":[]}"
00000000000000000089,2.06,294.0,360.0,232.0,49.0,2295.0,348.0,5642.0,"{""type"":""MultiPoint"",""coordinates"":[]}"
000000000000000000be,2.56,294.0,435.0,123.0,49.0,2436.0,233.0,5695.0,"{""type"":""MultiPoint"",""coordinates"":[]}"
00000000000000000729,2.61,294.0,30.0,371.0,49.0,2338.0,356.0,7338.0,"{""type"":""MultiPoint"",""coordinates"":[]}"
00000000000000000032,1.4,310.0,-27.0,269.0,49.0,2455.0,257.0,5555.0,"{""type"":""MultiPoint"",""coordinates"":[]}"
0000000000000000073b,0.92,310.0,237.0,107.0,49.0,2537.0,188.0,7356.0,"{""type"":""MultiPoint"",""coordinates"":[]}"
0000000000000000073e,2.29,310.0,128.0,148.0,49.0,2515.0,178.0,7359.0,"{""type"":""MultiPoint"",""coordinates"":[]}"
00000000000000000751,0.87,310.0,-210.0,176.0,49.0,2609.0,141.0,7378.0,"{""type"":""MultiPoint"",""coordinates"":[]}"
00000000000000001f84,0.85,310.0,-42.0,79.0,49.0,2570.0,102.0,5532.0,"{""type"":""MultiPoint"",""coordinates"":[]}"
000000000000000006e8,1.61,326.0,240.0,205.0,49.0,2370.0,272.0,7273.0,"{""type"":""MultiPoint"",""coordinates"":[]}"
00000000000000000608,0.17,470.0,34.0,52.0,49.0,2476.0,25.0,7049.0,"{""type"":""MultiPoint"",""coordinates"":[]}"
000000000000000000ca,2.59,263.0,356.0,273.0,49.0,2233.0,435.0,5707.0,"{""type"":""MultiPoint"",""coordinates"":[]}"
0000000000000000003d,0.97,279.0,-174.0,175.0,49.0,2553.0,220.0,5566.0,"{""type"":""MultiPoint"",""coordinates"":[]}"
0000000000000000003e,2.61,279.0,472.0,453.0,49.0,2024.0,566.0,5567.0,"{""type"":""MultiPoint"",""coordinates"":[]}"
00000000000000000092,1.85,279.0,89.0,254.0,49.0,2511.0,253.0,5651.0,"{""type"":""MultiPoint"",""coordinates"":[]}"
000000000000000000e3,1.38,279.0,-72.0,221.0,49.0,2520.0,214.0,5732.0,"{""type"":""MultiPoint"",""coordinates"":[]}"
0000000000000000010a,1.38,279.0,-73.0,221.0,49.0,2521.0,214.0,5771.0,"{""type"":""MultiPoint"",""coordinates"":[]}"
00000000000000001f60,2.68,279.0,244.0,266.0,49.0,2205.0,425.0,5496.0,"{""type"":""MultiPoint"",""coordinates"":[]}"
00000000000000000025,2.41,295.0,442.0,336.0,49.0,2053.0,501.0,5542.0,"{""type"":""MultiPoint"",""coordinates"":[]}"
00000000000000000739,0.84,311.0,79.0,98.0,49.0,2404.0,133.0,7354.0,"{""type"":""MultiPoint"",""coordinates"":[]}"
0000000000000000074d,0.71,311.0,-108.0,188.0,49.0,2480.0,110.0,7374.0,"{""type"":""MultiPoint"",""coordinates"":[]}"
0000000000000000074e,1.52,311.0,-157.0,242.0,49.0,2558.0,180.0,7375.0,"{""type"":""MultiPoint"",""coordinates"":[]}"
0000000000000000074f,0.92,311.0,-155.0,233.0,49.0,2537.0,174.0,7376.0,"{""type"":""MultiPoint"",""coordinates"":[]}"
00000000000000000750,0.99,311.0,-172.0,100.0,49.0,2607.0,84.0,7377.0,"{""type"":""MultiPoint"",""coordinates"":[]}"
00000000000000001f71,2.13,311.0,25.0,162.0,49.0,2691.0,189.0,5513.0,"{""type"":""MultiPoint"",""coordinates"":[]}"
000000000000000006e6,0.78,327.0,7.0,120.0,49.0,2563.0,128.0,7271.0,"{""type"":""MultiPoint"",""coordinates"":[]}"
00000000000000000ed2,2.68,148.0,810.0,457.0,49.0,1889.0,561.0,1224.0,"{""type"":""MultiPoint"",""coordinates"":[]}"
00000000000000000ed3,2.66,148.0,817.0,486.0,49.0,1753.0,605.0,1225.0,"{""type"":""MultiPoint"",""coordinates"":[]}"
0000000000000000070f,2.1,156.0,63.0,285.0,49.0,2262.0,287.0,7312.0,"{""type"":""MultiPoint"",""coordinates"":[]}"
00000000000000000718,2.27,156.0,-106.0,335.0,49.0,2503.0,320.0,7321.0,"{""type"":""MultiPoint"",""coordinates"":[]}"
00000000000000000e84,2.94,156.0,291.0,356.0,49.0,2213.0,429.0,1146.0,"{""type"":""MultiPoint"",""coordinates"":[]}"
00000000000000000eac,2.97,156.0,1151.0,586.0,49.0,1626.0,637.0,1186.0,"{""type"":""MultiPoint"",""coordinates"":[]}"
00000000000000000ead,2.86,156.0,626.0,457.0,49.0,1975.0,535.0,1187.0,"{""type"":""MultiPoint"",""coordinates"":[]}"
00000000000000000eae,2.83,156.0,657.0,466.0,49.0,2032.0,501.0,1188.0,"{""type"":""MultiPoint"",""coordinates"":[]}"
00000000000000000eaf,2.99,156.0,668.0,541.0,49.0,1786.0,644.0,1189.0,"{""type"":""MultiPoint"",""coordinates"":[]}"
00000000000000000ebe,2.56,156.0,474.0,292.0,49.0,2441.0,353.0,1204.0,"{""type"":""MultiPoint"",""coordinates"":[]}"
00000000000000000ed0,2.98,156.0,713.0,444.0,49.0,1936.0,499.0,1222.0,"{""type"":""MultiPoint"",""coordinates"":[]}"
00000000000000000ed1,2.98,156.0,903.0,539.0,49.0,1662.0,652.0,1223.0,"{""type"":""MultiPoint"",""coordinates"":[]}"
00000000000000000707,1.8,164.0,-20.0,13.0,49.0,2538.0,54.0,7304.0,"{""type"":""MultiPoint"",""coordinates"":[]}"
00000000000000000736,2.69,172.0,307.0,296.0,49.0,2245.0,434.0,7351.0,"{""type"":""MultiPoint"",""coordinates"":[]}"
00000000000000000e91,3.0,180.0,177.0,341.0,49.0,2801.0,327.0,1159.0,"{""type"":""MultiPoint"",""coordinates"":[]}"
00000000000000000ec8,2.94,180.0,175.0,296.0,49.0,2341.0,297.0,1214.0,"{""type"":""MultiPoint"",""coordinates"":[]}"
00000000000000000ec9,1.5,180.0,48.0,83.0,49.0,3053.0,61.0,1215.0,"{""type"":""MultiPoint"",""coordinates"":[]}"
00000000000000000734,2.54,188.0,235.0,410.0,49.0,2126.0,422.0,7349.0,"{""type"":""MultiPoint"",""coordinates"":[]}"
00000000000000000ea2,2.72,188.0,332.0,373.0,49.0,2421.0,375.0,1176.0,"{""type"":""MultiPoint"",""coordinates"":[]}"
00000000000000000132,2.57,204.0,207.0,421.0,49.0,2125.0,512.0,5811.0,"{""type"":""MultiPoint"",""coordinates"":[]}"
0000000000000000016e,2.66,204.0,202.0,289.0,49.0,2272.0,367.0,5871.0,"{""type"":""MultiPoint"",""coordinates"":[]}"
00000000000000000e5b,2.39,204.0,-6.0,23.0,49.0,2958.0,3.0,1105.0,"{""type"":""MultiPoint"",""coordinates"":[]}"
00000000000000000e5c,2.58,204.0,260.0,44.0,49.0,2793.0,101.0,1106.0,"{""type"":""MultiPoint"",""coordinates"":[]}"
00000000000000000161,2.69,212.0,273.0,210.0,49.0,2215.0,433.0,5858.0,"{""type"":""MultiPoint"",""coordinates"":[]}"
00000000000000000153,2.0,220.0,56.0,170.0,49.0,2505.0,178.0,5844.0,"{""type"":""MultiPoint"",""coordinates"":[]}"
00000000000000000154,1.91,220.0,49.0,153.0,49.0,2470.0,112.0,5845.0,"{""type"":""MultiPoint"",""coordinates"":[]}"
00000000000000000155,1.69,220.0,-58.0,184.0,49.0,2488.0,152.0,5846.0,"{""type"":""MultiPoint"",""coordinates"":[]}"
00000000000000000e95,2.96,220.0,244.0,214.0,49.0,2652.0,254.0,1163.0,"{""type"":""MultiPoint"",""coordinates"":[]}"
00000000000000000159,1.2,228.0,274.0,133.0,49.0,2628.0,118.0,5850.0,"{""type"":""MultiPoint"",""coordinates"":[]}"
000000000000000006d3,2.39,228.0,691.0,323.0,49.0,1854.0,466.0,7252.0,"{""type"":""MultiPoint"",""coordinates"":[]}"
00000000000000000042,2.34,236.0,-17.0,141.0,49.0,2409.0,213.0,5571.0,"{""type"":""MultiPoint"",""coordinates"":[]}"
000000000000000000c9,2.76,264.0,862.0,334.0,49.0,1880.0,538.0,5706.0,"{""type"":""MultiPoint"",""coordinates"":[]}"
00000000000000001f88,2.08,264.0,-177.0,136.0,49.0,2503.0,245.0,5536.0,"{""type"":""MultiPoint"",""coordinates"":[]}"
00000000000000000029,2.06,280.0,-94.0,138.0,49.0,2582.0,230.0,5546.0,"{""type"":""MultiPoint"",""coordinates"":[]}"
0000000000000000002d,2.8,280.0,139.0,151.0,49.0,2288.0,336.0,5550.0,"{""type"":""MultiPoint"",""coordinates"":[]}"
00000000000000000052,2.62,280.0,263.0,248.0,49.0,2195.0,402.0,5587.0,"{""type"":""MultiPoint"",""coordinates"":[]}"
00000000000000000063,2.58,280.0,382.0,292.0,49.0,2153.0,431.0,5604.0,"{""type"":""MultiPoint"",""coordinates"":[]}"
00000000000000000066,1.19,280.0,3.0,199.0,49.0,2495.0,125.0,5607.0,"{""type"":""MultiPoint"",""coordinates"":[]}"
00000000000000000095,1.74,280.0,75.0,104.0,49.0,2715.0,114.0,5654.0,"{""type"":""MultiPoint"",""coordinates"":[]}"
00000000000000001f76,2.24,280.0,-275.0,93.0,49.0,2810.0,135.0,5518.0,"{""type"":""MultiPoint"",""coordinates"":[]}"
00000000000000000088,2.72,296.0,234.0,274.0,49.0,2281.0,348.0,5641.0,"{""type"":""MultiPoint"",""coordinates"":[]}"
000000000000000000e6,2.6,296.0,171.0,337.0,49.0,2165.0,463.0,5735.0,"{""type"":""MultiPoint"",""coordinates"":[]}"
000000000000000000f9,0.73,296.0,73.0,-17.0,49.0,2479.0,4.0,5754.0,"{""type"":""MultiPoint"",""coordinates"":[]}"
000000000000000000fc,0.77,296.0,83.0,-34.0,49.0,2551.0,8.0,5757.0,"{""type"":""MultiPoint"",""coordinates"":[]}"
00000000000000000101,1.05,296.0,55.0,41.0,49.0,2649.0,98.0,5762.0,"{""type"":""MultiPoint"",""coordinates"":[]}"
0000000000000000010d,2.6,296.0,172.0,337.0,49.0,2162.0,465.0,5774.0,"{""type"":""MultiPoint"",""coordinates"":[]}"
00000000000000000120,0.73,296.0,72.0,-17.0,49.0,2480.0,3.0,5793.0,"{""type"":""MultiPoint"",""coordinates"":[]}"
00000000000000001f7b,2.48,296.0,213.0,271.0,49.0,2200.0,414.0,5523.0,"{""type"":""MultiPoint"",""coordinates"":[]}"
0000000000000000005b,0.95,312.0,56.0,54.0,49.0,2634.0,56.0,5596.0,"{""type"":""MultiPoint"",""coordinates"":[]}"
000000000000000006e9,2.68,328.0,466.0,379.0,49.0,2118.0,441.0,7274.0,"{""type"":""MultiPoint"",""coordinates"":[]}"
000000000000000006dc,1.53,408.0,106.0,179.0,49.0,2361.0,223.0,7261.0,"{""type"":""MultiPoint"",""coordinates"":[]}"
00000000000000000034,1.84,281.0,-109.0,225.0,49.0,2503.0,209.0,5557.0,"{""type"":""MultiPoint"",""coordinates"":[]}"
00000000000000000054,2.59,281.0,67.0,177.0,49.0,2392.0,286.0,5589.0,"{""type"":""MultiPoint"",""coordinates"":[]}"
00000000000000000062,2.07,281.0,214.0,358.0,49.0,2231.0,398.0,5603.0,"{""type"":""MultiPoint"",""coordinates"":[]}"
00000000000000001f80,2.43,281.0,141.0,340.0,49.0,2313.0,406.0,5528.0,"{""type"":""MultiPoint"",""coordinates"":[]}"
0000000000000000008a,2.78,297.0,500.0,261.0,49.0,2198.0,392.0,5643.0,"{""type"":""MultiPoint"",""coordinates"":[]}"
000000000000000000e8,1.89,297.0,-199.0,139.0,49.0,2539.0,181.0,5737.0,"{""type"":""MultiPoint"",""coordinates"":[]}"
0000000000000000010f,1.89,297.0,-201.0,139.0,49.0,2541.0,181.0,5776.0,"{""type"":""MultiPoint"",""coordinates"":[]}"
0000000000000000004d,2.87,313.0,713.0,564.0,49.0,1863.0,649.0,5582.0,"{""type"":""MultiPoint"",""coordinates"":[]}"
000000000000000000b8,1.26,313.0,-8.0,154.0,49.0,2641.0,123.0,5689.0,"{""type"":""MultiPoint"",""coordinates"":[]}"
0000000000000000073a,0.75,313.0,87.0,96.0,49.0,2438.0,141.0,7355.0,"{""type"":""MultiPoint"",""coordinates"":[]}"
00000000000000001f7a,1.66,313.0,86.0,201.0,49.0,2587.0,257.0,5522.0,"{""type"":""MultiPoint"",""coordinates"":[]}"
00000000000000001f81,2.22,313.0,40.0,204.0,49.0,2478.0,319.0,5529.0,"{""type"":""MultiPoint"",""coordinates"":[]}"
00000000000000001f82,1.81,313.0,-64.0,162.0,49.0,2642.0,166.0,5530.0,"{""type"":""MultiPoint"",""coordinates"":[]}"
000000000000000006d0,2.45,377.0,457.0,397.0,49.0,2154.0,445.0,7249.0,"{""type"":""MultiPoint"",""coordinates"":[]}"
000000000000000006d2,0.36,393.0,-29.0,67.0,49.0,2619.0,-1.0,7251.0,"{""type"":""MultiPoint"",""coordinates"":[]}"
00000000000000000719,2.23,157.0,-128.0,125.0,49.0,2512.0,183.0,7322.0,"{""type"":""MultiPoint"",""coordinates"":[]}"
00000000000000000e67,2.99,157.0,25.0,392.0,49.0,2352.0,398.0,1117.0,"{""type"":""MultiPoint"",""coordinates"":[]}"
00000000000000000e68,0.94,157.0,-6.0,181.0,49.0,2414.0,167.0,1118.0,"{""type"":""MultiPoint"",""coordinates"":[]}"
00000000000000000e69,1.58,157.0,-21.0,302.0,49.0,2477.0,248.0,1119.0,"{""type"":""MultiPoint"",""coordinates"":[]}"
00000000000000000e6a,2.62,157.0,147.0,454.0,49.0,2453.0,368.0,1120.0,"{""type"":""MultiPoint"",""coordinates"":[]}"
00000000000000000e6b,1.12,157.0,-32.0,191.0,49.0,2354.0,162.0,1121.0,"{""type"":""MultiPoint"",""coordinates"":[]}"
00000000000000000ea6,2.97,157.0,365.0,550.0,49.0,2074.0,536.0,1180.0,"{""type"":""MultiPoint"",""coordinates"":[]}"
00000000000000000ea7,2.61,157.0,25.0,428.0,49.0,2450.0,330.0,1181.0,"{""type"":""MultiPoint"",""coordinates"":[]}"
00000000000000000ee8,2.61,157.0,837.0,432.0,49.0,2383.0,403.0,1246.0,"{""type"":""MultiPoint"",""coordinates"":[]}"
00000000000000000e72,0.58,165.0,-8.0,107.0,49.0,2278.0,96.0,1128.0,"{""type"":""MultiPoint"",""coordinates"":[]}"
00000000000000000eb1,2.45,181.0,451.0,392.0,49.0,2146.0,494.0,1191.0,"{""type"":""MultiPoint"",""coordinates"":[]}"
00000000000000000737,2.97,189.0,770.0,412.0,49.0,1773.0,556.0,7352.0,"{""type"":""MultiPoint"",""coordinates"":[]}"
00000000000000000ea1,2.85,189.0,219.0,400.0,49.0,2178.0,457.0,1175.0,"{""type"":""MultiPoint"",""coordinates"":[]}"
00000000000000000ea3,2.28,189.0,83.0,99.0,49.0,2957.0,90.0,1177.0,"{""type"":""MultiPoint"",""coordinates"":[]}"
00000000000000000eb6,2.53,189.0,521.0,321.0,49.0,2393.0,373.0,1196.0,"{""type"":""MultiPoint"",""coordinates"":[]}"
00000000000000000127,2.76,197.0,481.0,417.0,49.0,2240.0,426.0,5800.0,"{""type"":""MultiPoint"",""coordinates"":[]}"
0000000000000000012a,1.79,197.0,249.0,198.0,49.0,2807.0,213.0,5803.0,"{""type"":""MultiPoint"",""coordinates"":[]}"
0000000000000000012b,1.75,197.0,340.0,267.0,49.0,2734.0,256.0,5804.0,"{""type"":""MultiPoint"",""coordinates"":[]}"
00000000000000000720,2.48,197.0,706.0,282.0,49.0,1931.0,467.0,7329.0,"{""type"":""MultiPoint"",""coordinates"":[]}"
00000000000000000e9b,2.62,197.0,351.0,541.0,49.0,2148.0,510.0,1169.0,"{""type"":""MultiPoint"",""coordinates"":[]}"
0000000000000000014d,2.35,213.0,150.0,113.0,49.0,2364.0,213.0,5838.0,"{""type"":""MultiPoint"",""coordinates"":[]}"
0000000000000000071c,0.94,221.0,72.0,60.0,49.0,2759.0,102.0,7325.0,"{""type"":""MultiPoint"",""coordinates"":[]}"
000000000000000006d4,2.82,229.0,682.0,314.0,49.0,1795.0,459.0,7253.0,"{""type"":""MultiPoint"",""coordinates"":[]}"
000000000000000006d6,1.38,229.0,147.0,99.0,49.0,2393.0,144.0,7255.0,"{""type"":""MultiPoint"",""coordinates"":[]}"
0000000000000000003a,1.82,266.0,-1.0,189.0,49.0,2535.0,183.0,5563.0,"{""type"":""MultiPoint"",""coordinates"":[]}"
000000000000000000c7,2.69,266.0,726.0,384.0,49.0,1916.0,570.0,5704.0,"{""type"":""MultiPoint"",""coordinates"":[]}"
0000000000000000013b,1.85,266.0,256.0,133.0,49.0,2469.0,226.0,5820.0,"{""type"":""MultiPoint"",""coordinates"":[]}"
00000000000000000049,2.41,282.0,152.0,257.0,49.0,2393.0,292.0,5578.0,"{""type"":""MultiPoint"",""coordinates"":[]}"
00000000000000000061,2.13,282.0,403.0,295.0,49.0,2260.0,400.0,5602.0,"{""type"":""MultiPoint"",""coordinates"":[]}"
00000000000000000096,2.51,282.0,367.0,320.0,49.0,2194.0,398.0,5655.0,"{""type"":""MultiPoint"",""coordinates"":[]}"
00000000000000001f7e,1.21,282.0,-64.0,214.0,49.0,2499.0,201.0,5526.0,"{""type"":""MultiPoint"",""coordinates"":[]}"
00000000000000001f7f,1.33,282.0,-45.0,112.0,49.0,2462.0,140.0,5527.0,"{""type"":""MultiPoint"",""coordinates"":[]}"
000000000000000000e7,2.35,298.0,-95.0,303.0,49.0,2433.0,290.0,5736.0,"{""type"":""MultiPoint"",""coordinates"":[]}"
000000000000000000fb,0.77,298.0,100.0,-38.0,49.0,2759.0,12.0,5756.0,"{""type"":""MultiPoint"",""coordinates"":[]}"
0000000000000000010e,2.35,298.0,-94.0,303.0,49.0,2433.0,291.0,5775.0,"{""type"":""MultiPoint"",""coordinates"":[]}"
000000000000000000de,1.14,314.0,5.0,89.0,49.0,2388.0,59.0,5727.0,"{""type"":""MultiPoint"",""coordinates"":[]}"
00000000000000000105,1.14,314.0,4.0,89.0,49.0,2389.0,59.0,5766.0,"{""type"":""MultiPoint"",""coordinates"":[]}"
000000000000000006e3,0.39,314.0,53.0,70.0,49.0,2599.0,54.0,7268.0,"{""type"":""MultiPoint"",""coordinates"":[]}"
0000000000000000072b,1.74,330.0,337.0,180.0,49.0,2361.0,266.0,7340.0,"{""type"":""MultiPoint"",""coordinates"":[]}"
00000000000000000726,1.5,362.0,230.0,142.0,49.0,2444.0,190.0,7335.0,"{""type"":""MultiPoint"",""coordinates"":[]}"
00000000000000000727,1.32,362.0,235.0,215.0,49.0,2370.0,232.0,7336.0,"{""type"":""MultiPoint"",""coordinates"":[]}"
000000000000000000c6,2.57,267.0,832.0,327.0,49.0,1913.0,545.0,5703.0,"{""type"":""MultiPoint"",""coordinates"":[]}"
00000000000000000035,1.71,283.0,-149.0,246.0,49.0,2531.0,312.0,5558.0,"{""type"":""MultiPoint"",""coordinates"":[]}"
0000000000000000003f,2.9,283.0,529.0,480.0,49.0,1998.0,576.0,5568.0,"{""type"":""MultiPoint"",""coordinates"":[]}"
00000000000000000048,1.93,283.0,-86.0,191.0,49.0,2507.0,237.0,5577.0,"{""type"":""MultiPoint"",""coordinates"":[]}"
000000000000000000df,1.5,283.0,-210.0,132.0,49.0,2464.0,225.0,5728.0,"{""type"":""MultiPoint"",""coordinates"":[]}"
00000000000000000106,1.5,283.0,-210.0,131.0,49.0,2464.0,225.0,5767.0,"{""type"":""MultiPoint"",""coordinates"":[]}"
0000000000000000013f,1.54,283.0,151.0,155.0,49.0,2539.0,225.0,5824.0,"{""type"":""MultiPoint"",""coordinates"":[]}"
00000000000000000725,1.86,283.0,72.0,170.0,49.0,2608.0,205.0,7334.0,"{""type"":""MultiPoint"",""coordinates"":[]}"
00000000000000001f75,1.9,283.0,-104.0,55.0,49.0,2602.0,201.0,5517.0,"{""type"":""MultiPoint"",""coordinates"":[]}"
00000000000000001f7d,1.49,283.0,-141.0,242.0,49.0,2535.0,313.0,5525.0,"{""type"":""MultiPoint"",""coordinates"":[]}"
0000000000000000008b,2.51,299.0,309.0,252.0,49.0,2237.0,361.0,5644.0,"{""type"":""MultiPoint"",""coordinates"":[]}"
000000000000000000bb,1.39,299.0,135.0,-11.0,49.0,2825.0,-20.0,5692.0,"{""type"":""MultiPoint"",""coordinates"":[]}"
00000000000000000704,1.77,158.0,9.0,109.0,49.0,2454.0,127.0,7301.0,"{""type"":""MultiPoint"",""coordinates"":[]}"
00000000000000000714,1.79,158.0,-19.0,61.0,49.0,2518.0,72.0,7317.0,"{""type"":""MultiPoint"",""coordinates"":[]}"
00000000000000000e59,1.24,158.0,-55.0,317.0,49.0,2444.0,196.0,1103.0,"{""type"":""MultiPoint"",""coordinates"":[]}"
00000000000000000ebd,2.87,158.0,485.0,472.0,49.0,1904.0,567.0,1203.0,"{""type"":""MultiPoint"",""coordinates"":[]}"
00000000000000000ee7,2.64,158.0,701.0,402.0,49.0,2442.0,386.0,1245.0,"{""type"":""MultiPoint"",""coordinates"":[]}"
00000000000000000703,2.51,166.0,-108.0,322.0,49.0,2655.0,300.0,7300.0,"{""type"":""MultiPoint"",""coordinates"":[]}"
00000000000000000710,1.02,166.0,22.0,-13.0,49.0,2875.0,16.0,7313.0,"{""type"":""MultiPoint"",""coordinates"":[]}"
00000000000000000711,1.64,166.0,5.0,-43.0,49.0,2830.0,4.0,7314.0,"{""type"":""MultiPoint"",""coordinates"":[]}"
00000000000000000e71,2.64,166.0,47.0,383.0,49.0,2303.0,393.0,1127.0,"{""type"":""MultiPoint"",""coordinates"":[]}"
00000000000000000e77,2.02,166.0,1.0,167.0,49.0,2300.0,135.0,1133.0,"{""type"":""MultiPoint"",""coordinates"":[]}"
00000000000000000e78,2.58,166.0,47.0,252.0,49.0,2316.0,189.0,1134.0,"{""type"":""MultiPoint"",""coordinates"":[]}"
00000000000000000e79,2.67,166.0,55.0,215.0,49.0,2308.0,165.0,1135.0,"{""type"":""MultiPoint"",""coordinates"":[]}"
00000000000000000e89,2.89,174.0,336.0,455.0,49.0,2174.0,464.0,1151.0,"{""type"":""MultiPoint"",""coordinates"":[]}"
00000000000000000e94,2.47,174.0,304.0,296.0,49.0,2568.0,297.0,1162.0,"{""type"":""MultiPoint"",""coordinates"":[]}"
00000000000000000eb0,2.56,174.0,263.0,337.0,49.0,2593.0,311.0,1190.0,"{""type"":""MultiPoint"",""coordinates"":[]}"
00000000000000000eb7,2.83,174.0,130.0,422.0,49.0,2167.0,444.0,1197.0,"{""type"":""MultiPoint"",""coordinates"":[]}"
00000000000000000ed7,2.87,174.0,703.0,342.0,49.0,2508.0,381.0,1229.0,"{""type"":""MultiPoint"",""coordinates"":[]}"
00000000000000000741,0.84,182.0,387.0,247.0,49.0,2267.0,313.0,7362.0,"{""type"":""MultiPoint"",""coordinates"":[]}"
00000000000000000eb3,2.08,182.0,417.0,154.0,49.0,2620.0,143.0,1193.0,"{""type"":""MultiPoint"",""coordinates"":[]}"
00000000000000000eb5,2.43,182.0,428.0,471.0,49.0,2317.0,407.0,1195.0,"{""type"":""MultiPoint"",""coordinates"":[]}"
00000000000000000723,1.68,190.0,221.0,138.0,49.0,2545.0,222.0,7332.0,"{""type"":""MultiPoint"",""coordinates"":[]}"
00000000000000000e8a,2.8,190.0,235.0,360.0,49.0,2645.0,324.0,1152.0,"{""type"":""MultiPoint"",""coordinates"":[]}"
00000000000000000ecb,2.94,190.0,244.0,473.0,49.0,2253.0,494.0,1217.0,"{""type"":""MultiPoint"",""coordinates"":[]}"
00000000000000000ed8,2.64,190.0,428.0,199.0,49.0,2636.0,199.0,1230.0,"{""type"":""MultiPoint"",""coordinates"":[]}"
00000000000000000125,2.73,198.0,129.0,200.0,49.0,2630.0,260.0,5798.0,"{""type"":""MultiPoint"",""coordinates"":[]}"
00000000000000000126,2.64,198.0,541.0,348.0,49.0,2400.0,373.0,5799.0,"{""type"":""MultiPoint"",""coordinates"":[]}"
00000000000000000128,2.72,198.0,463.0,286.0,49.0,2468.0,350.0,5801.0,"{""type"":""MultiPoint"",""coordinates"":[]}"
00000000000000000136,2.65,198.0,209.0,236.0,49.0,2477.0,313.0,5815.0,"{""type"":""MultiPoint"",""coordinates"":[]}"
00000000000000000137,2.71,198.0,363.0,338.0,49.0,2405.0,379.0,5816.0,"{""type"":""MultiPoint"",""coordinates"":[]}"
00000000000000000e97,1.88,198.0,327.0,370.0,49.0,2570.0,372.0,1165.0,"{""type"":""MultiPoint"",""coordinates"":[]}"
00000000000000000e98,2.59,198.0,76.0,176.0,49.0,2557.0,213.0,1166.0,"{""type"":""MultiPoint"",""coordinates"":[]}"
00000000000000000e9a,2.8,198.0,506.0,319.0,49.0,2283.0,333.0,1168.0,"{""type"":""MultiPoint"",""coordinates"":[]}"
0000000000000000016f,2.59,206.0,410.0,102.0,49.0,2468.0,226.0,5872.0,"{""type"":""MultiPoint"",""coordinates"":[]}"
00000000000000000162,2.62,214.0,64.0,67.0,49.0,2148.0,489.0,5859.0,"{""type"":""MultiPoint"",""coordinates"":[]}"
00000000000000000163,2.62,214.0,76.0,96.0,49.0,2149.0,455.0,5860.0,"{""type"":""MultiPoint"",""coordinates"":[]}"
00000000000000000164,2.56,214.0,240.0,165.0,49.0,2195.0,475.0,5861.0,"{""type"":""MultiPoint"",""coordinates"":[]}"
00000000000000000171,0.84,214.0,122.0,47.0,49.0,2617.0,85.0,5874.0,"{""type"":""MultiPoint"",""coordinates"":[]}"
00000000000000000ec4,2.83,214.0,60.0,39.0,49.0,2893.0,55.0,1210.0,"{""type"":""MultiPoint"",""coordinates"":[]}"
00000000000000000156,1.09,222.0,145.0,83.0,49.0,2605.0,75.0,5847.0,"{""type"":""MultiPoint"",""coordinates"":[]}"
000000000000000006d5,1.57,230.0,243.0,97.0,49.0,2376.0,175.0,7254.0,"{""type"":""MultiPoint"",""coordinates"":[]}"
00000000000000000022,1.37,268.0,-129.0,90.0,49.0,2579.0,174.0,5539.0,"{""type"":""MultiPoint"",""coordinates"":[]}"
00000000000000000099,2.53,268.0,530.0,413.0,49.0,1958.0,532.0,5658.0,"{""type"":""MultiPoint"",""coordinates"":[]}"
0000000000000000009a,2.58,268.0,551.0,392.0,49.0,1952.0,523.0,5659.0,"{""type"":""MultiPoint"",""coordinates"":[]}"
000000000000000000c3,1.85,268.0,153.0,230.0,49.0,2416.0,296.0,5700.0,"{""type"":""MultiPoint"",""coordinates"":[]}"
00000000000000000149,1.04,268.0,74.0,112.0,49.0,2607.0,146.0,5834.0,"{""type"":""MultiPoint"",""coordinates"":[]}"
00000000000000000060,2.93,284.0,529.0,328.0,49.0,2144.0,423.0,5601.0,"{""type"":""MultiPoint"",""coordinates"":[]}"
00000000000000000064,2.65,284.0,154.0,256.0,49.0,2305.0,369.0,5605.0,"{""type"":""MultiPoint"",""coordinates"":[]}"
00000000000000000098,2.49,284.0,682.0,289.0,49.0,2104.0,416.0,5657.0,"{""type"":""MultiPoint"",""coordinates"":[]}"
00000000000000000140,2.02,284.0,15.0,176.0,49.0,2595.0,217.0,5825.0,"{""type"":""MultiPoint"",""coordinates"":[]}"
00000000000000000141,1.31,284.0,33.0,133.0,49.0,2664.0,161.0,5826.0,"{""type"":""MultiPoint"",""coordinates"":[]}"
00000000000000001f7c,1.72,284.0,-100.0,209.0,49.0,2534.0,292.0,5524.0,"{""type"":""MultiPoint"",""coordinates"":[]}"
0000000000000000008c,2.74,300.0,282.0,256.0,49.0,2222.0,381.0,5645.0,"{""type"":""MultiPoint"",""coordinates"":[]}"
0000000000000000072a,0.93,300.0,37.0,89.0,49.0,2274.0,105.0,7339.0,"{""type"":""MultiPoint"",""coordinates"":[]}"
00000000000000001f72,2.12,300.0,-87.0,274.0,49.0,2549.0,231.0,5514.0,"{""type"":""MultiPoint"",""coordinates"":[]}"
00000000000000001f87,0.83,300.0,-65.0,161.0,49.0,2637.0,157.0,5535.0,"{""type"":""MultiPoint"",""coordinates"":[]}"
0000000000000000004f,2.26,316.0,476.0,390.0,49.0,2010.0,526.0,5584.0,"{""type"":""MultiPoint"",""coordinates"":[]}"
000000000000000006e4,2.58,316.0,362.0,394.0,49.0,2012.0,501.0,7269.0,"{""type"":""MultiPoint"",""coordinates"":[]}"
000000000000000000c2,1.39,269.0,120.0,272.0,49.0,2471.0,325.0,5699.0,"{""type"":""MultiPoint"",""coordinates"":[]}"
00000000000000001f63,2.6,285.0,141.0,315.0,49.0,2410.0,356.0,5499.0,"{""type"":""MultiPoint"",""coordinates"":[]}"
00000000000000001f8a,2.74,285.0,22.0,207.0,49.0,2366.0,337.0,5538.0,"{""type"":""MultiPoint"",""coordinates"":[]}"
00000000000000000059,0.83,301.0,4.0,28.0,49.0,2784.0,33.0,5594.0,"{""type"":""MultiPoint"",""coordinates"":[]}"
00000000000000001f86,1.58,301.0,-39.0,217.0,49.0,2611.0,198.0,5534.0,"{""type"":""MultiPoint"",""coordinates"":[]}"
000000000000000000b9,1.34,317.0,75.0,153.0,49.0,2658.0,145.0,5690.0,"{""type"":""MultiPoint"",""coordinates"":[]}"
00000000000000000102,1.91,317.0,202.0,136.0,49.0,2510.0,236.0,5763.0,"{""type"":""MultiPoint"",""coordinates"":[]}"
00000000000000000103,1.92,317.0,-35.0,26.0,49.0,2642.0,107.0,5764.0,"{""type"":""MultiPoint"",""coordinates"":[]}"
000000000000000006da,2.01,397.0,34.0,310.0,49.0,2349.0,282.0,7259.0,"{""type"":""MultiPoint"",""coordinates"":[]}"
000000000000000006dd,0.09,413.0,30.0,33.0,49.0,2576.0,60.0,7262.0,"{""type"":""MultiPoint"",""coordinates"":[]}"
000000000000000006de,2.28,429.0,137.0,123.0,49.0,2467.0,178.0,7263.0,"{""type"":""MultiPoint"",""coordinates"":[]}"
00000000000000000607,0.72,477.0,84.0,31.0,49.0,2606.0,-47.0,7048.0,"{""type"":""MultiPoint"",""coordinates"":[]}"
00000000000000000ece,2.81,151.0,759.0,464.0,49.0,1982.0,445.0,1220.0,"{""type"":""MultiPoint"",""coordinates"":[]}"
00000000000000000709,2.43,159.0,98.0,326.0,49.0,2501.0,297.0,7306.0,"{""type"":""MultiPoint"",""coordinates"":[]}"
00000000000000000712,2.06,159.0,3.0,102.0,49.0,2556.0,108.0,7315.0,"{""type"":""MultiPoint"",""coordinates"":[]}"
00000000000000000713,1.92,159.0,-29.0,97.0,49.0,2652.0,96.0,7316.0,"{""type"":""MultiPoint"",""coordinates"":[]}"
00000000000000000716,1.87,159.0,-79.0,120.0,49.0,2583.0,133.0,7319.0,"{""type"":""MultiPoint"",""coordinates"":[]}"
00000000000000000e54,2.61,159.0,637.0,341.0,49.0,2175.0,384.0,1098.0,"{""type"":""MultiPoint"",""coordinates"":[]}"
00000000000000000e55,2.87,159.0,702.0,448.0,49.0,1939.0,517.0,1099.0,"{""type"":""MultiPoint"",""coordinates"":[]}"
00000000000000000e56,1.78,159.0,490.0,286.0,49.0,2361.0,292.0,1100.0,"{""type"":""MultiPoint"",""coordinates"":[]}"
00000000000000000e58,3.0,159.0,270.0,177.0,49.0,1967.0,177.0,1102.0,"{""type"":""MultiPoint"",""coordinates"":[]}"
00000000000000000e7d,0.72,159.0,2.0,183.0,49.0,2675.0,122.0,1139.0,"{""type"":""MultiPoint"",""coordinates"":[]}"
00000000000000000e7e,1.33,159.0,13.0,116.0,49.0,2860.0,107.0,1140.0,"{""type"":""MultiPoint"",""coordinates"":[]}"
00000000000000000e85,2.35,159.0,124.0,199.0,49.0,2568.0,205.0,1147.0,"{""type"":""MultiPoint"",""coordinates"":[]}"
00000000000000000ea5,2.08,159.0,162.0,130.0,49.0,2704.0,157.0,1179.0,"{""type"":""MultiPoint"",""coordinates"":[]}"
00000000000000000ea9,2.82,159.0,605.0,494.0,49.0,1901.0,565.0,1183.0,"{""type"":""MultiPoint"",""coordinates"":[]}"
00000000000000000eaa,2.81,159.0,490.0,234.0,49.0,2402.0,293.0,1184.0,"{""type"":""MultiPoint"",""coordinates"":[]}"
00000000000000000ebc,3.0,159.0,570.0,498.0,49.0,1862.0,602.0,1202.0,"{""type"":""MultiPoint"",""coordinates"":[]}"
00000000000000000ec2,2.88,159.0,536.0,524.0,49.0,1895.0,575.0,1208.0,"{""type"":""MultiPoint"",""coordinates"":[]}"
00000000000000000eda,2.86,159.0,476.0,381.0,49.0,2105.0,447.0,1232.0,"{""type"":""MultiPoint"",""coordinates"":[]}"
00000000000000000edb,2.46,159.0,726.0,327.0,49.0,2196.0,391.0,1233.0,"{""type"":""MultiPoint"",""coordinates"":[]}"
00000000000000000ee3,2.85,159.0,427.0,374.0,49.0,2155.0,438.0,1241.0,"{""type"":""MultiPoint"",""coordinates"":[]}"
00000000000000000ee4,2.94,159.0,325.0,368.0,49.0,2325.0,396.0,1242.0,"{""type"":""MultiPoint"",""coordinates"":[]}"
00000000000000000ee5,2.97,159.0,295.0,443.0,49.0,2279.0,410.0,1243.0,"{""type"":""MultiPoint"",""coordinates"":[]}"
000000000000000006fe,1.48,167.0,-26.0,143.0,49.0,2612.0,144.0,7295.0,"{""type"":""MultiPoint"",""coordinates"":[]}"
00000000000000000e75,2.7,167.0,18.0,373.0,49.0,2237.0,274.0,1131.0,"{""type"":""MultiPoint"",""coordinates"":[]}"
00000000000000000eb8,2.8,175.0,158.0,435.0,49.0,2169.0,444.0,1198.0,"{""type"":""MultiPoint"",""coordinates"":[]}"
00000000000000000732,2.54,183.0,33.0,439.0,49.0,2320.0,373.0,7347.0,"{""type"":""MultiPoint"",""coordinates"":[]}"
00000000000000000eb2,2.42,183.0,258.0,245.0,49.0,2356.0,211.0,1192.0,"{""type"":""MultiPoint"",""coordinates"":[]}"
00000000000000000735,1.34,191.0,846.0,233.0,49.0,1778.0,489.0,7350.0,"{""type"":""MultiPoint"",""coordinates"":[]}"
00000000000000000e7a,2.96,191.0,515.0,449.0,49.0,2185.0,512.0,1136.0,"{""type"":""MultiPoint"",""coordinates"":[]}"
00000000000000000e9f,2.92,191.0,205.0,393.0,49.0,2363.0,369.0,1173.0,"{""type"":""MultiPoint"",""coordinates"":[]}"
00000000000000000e99,1.29,199.0,299.0,333.0,49.0,2596.0,313.0,1167.0,"{""type"":""MultiPoint"",""coordinates"":[]}"
0000000000000000014b,2.53,215.0,178.0,343.0,49.0,2186.0,421.0,5836.0,"{""type"":""MultiPoint"",""coordinates"":[]}"
0000000000000000014c,2.39,215.0,130.0,246.0,49.0,2361.0,287.0,5837.0,"{""type"":""MultiPoint"",""coordinates"":[]}"
00000000000000000157,0.72,223.0,-35.0,116.0,49.0,2579.0,108.0,5848.0,"{""type"":""MultiPoint"",""coordinates"":[]}"
00000000000000000ee2,2.67,231.0,171.0,83.0,49.0,2824.0,93.0,1240.0,"{""type"":""MultiPoint"",""coordinates"":[]}"
000000000000000000a2,2.69,255.0,658.0,369.0,49.0,1974.0,517.0,5667.0,"{""type"":""MultiPoint"",""coordinates"":[]}"
0000000000000000002b,1.64,270.0,-42.0,155.0,49.0,2572.0,173.0,5548.0,"{""type"":""MultiPoint"",""coordinates"":[]}"
0000000000000000013c,0.36,270.0,-11.0,75.0,49.0,2649.0,96.0,5821.0,"{""type"":""MultiPoint"",""coordinates"":[]}"
00000000000000000148,2.3,270.0,214.0,314.0,49.0,2260.0,392.0,5833.0,"{""type"":""MultiPoint"",""coordinates"":[]}"
00000000000000000023,2.43,286.0,220.0,187.0,49.0,2320.0,307.0,5540.0,"{""type"":""MultiPoint"",""coordinates"":[]}"
00000000000000000080,2.34,286.0,96.0,212.0,49.0,2549.0,247.0,5633.0,"{""type"":""MultiPoint"",""coordinates"":[]}"
00000000000000000082,2.28,286.0,427.0,260.0,49.0,2189.0,385.0,5635.0,"{""type"":""MultiPoint"",""coordinates"":[]}"
00000000000000000097,1.92,286.0,250.0,261.0,49.0,2474.0,271.0,5656.0,"{""type"":""MultiPoint"",""coordinates"":[]}"
0000000000000000008d,2.8,302.0,527.0,367.0,49.0,1997.0,515.0,5646.0,"{""type"":""MultiPoint"",""coordinates"":[]}"
00000000000000000104,1.88,318.0,-37.0,1.0,49.0,2608.0,72.0,5765.0,"{""type"":""MultiPoint"",""coordinates"":[]}"
000000000000000006ea,1.28,382.0,277.0,313.0,49.0,2404.0,302.0,7275.0,"{""type"":""MultiPoint"",""coordinates"":[]}"
000000000000000000a6,0.25,271.0,303.0,-65.0,49.0,2864.0,-145.0,5671.0,"{""type"":""MultiPoint"",""coordinates"":[]}"
000000000000000000a9,0.14,271.0,212.0,5.0,49.0,2922.0,-50.0,5674.0,"{""type"":""MultiPoint"",""coordinates"":[]}"
0000000000000000072d,2.77,271.0,246.0,267.0,49.0,2377.0,293.0,7342.0,"{""type"":""MultiPoint"",""coordinates"":[]}"
00000000000000001f5b,2.29,271.0,65.0,379.0,49.0,2342.0,355.0,5491.0,"{""type"":""MultiPoint"",""coordinates"":[]}"
00000000000000000081,2.42,287.0,235.0,201.0,49.0,2530.0,249.0,5634.0,"{""type"":""MultiPoint"",""coordinates"":[]}"
000000000000000000ea,1.7,287.0,-165.0,143.0,49.0,2453.0,224.0,5739.0,"{""type"":""MultiPoint"",""coordinates"":[]}"
00000000000000000111,1.7,287.0,-167.0,143.0,49.0,2454.0,224.0,5778.0,"{""type"":""MultiPoint"",""coordinates"":[]}"
0000000000000000072e,2.92,287.0,623.0,411.0,49.0,1847.0,568.0,7343.0,"{""type"":""MultiPoint"",""coordinates"":[]}"
00000000000000000090,2.74,303.0,467.0,402.0,49.0,1957.0,537.0,5649.0,"{""type"":""MultiPoint"",""coordinates"":[]}"
000000000000000000b6,2.28,303.0,333.0,173.0,49.0,2423.0,225.0,5687.0,"{""type"":""MultiPoint"",""coordinates"":[]}"
00000000000000001f70,2.6,303.0,504.0,481.0,49.0,2006.0,555.0,5512.0,"{""type"":""MultiPoint"",""coordinates"":[]}"
000000000000000006e5,2.56,319.0,498.0,340.0,49.0,2041.0,459.0,7270.0,"{""type"":""MultiPoint"",""coordinates"":[]}"
000000000000000006db,2.59,399.0,44.0,446.0,49.0,2326.0,378.0,7260.0,"{""type"":""MultiPoint"",""coordinates"":[]}"
00000000000000000de0,1.94,56.0,1059.0,348.0,51.0,1883.0,608.0,982.0,"{""type"":""MultiPoint"",""coordinates"":[]}"
00000000000000000de1,2.3,56.0,970.0,412.0,51.0,1865.0,618.0,983.0,"{""type"":""MultiPoint"",""coordinates"":[]}"
00000000000000000de2,1.52,56.0,824.0,239.0,51.0,2007.0,560.0,984.0,"{""type"":""MultiPoint"",""coordinates"":[]}"
00000000000000000de3,2.49,56.0,764.0,326.0,51.0,1994.0,519.0,985.0,"{""type"":""MultiPoint"",""coordinates"":[]}"
00000000000000000de4,2.54,56.0,873.0,402.0,51.0,1926.0,578.0,986.0,"{""type"":""MultiPoint"",""coordinates"":[]}"
00000000000000000de5,1.96,56.0,935.0,390.0,51.0,1876.0,596.0,987.0,"{""type"":""MultiPoint"",""coordinates"":[]}"
00000000000000000dec,2.02,56.0,968.0,359.0,51.0,1920.0,585.0,994.0,"{""type"":""MultiPoint"",""coordinates"":[]}"
00000000000000000ded,2.57,56.0,1098.0,401.0,51.0,1831.0,578.0,995.0,"{""type"":""MultiPoint"",""coordinates"":[]}"
00000000000000000df1,2.13,56.0,574.0,315.0,51.0,1958.0,565.0,999.0,"{""type"":""MultiPoint"",""coordinates"":[]}"
00000000000000000df2,1.65,56.0,443.0,248.0,51.0,2389.0,369.0,1000.0,"{""type"":""MultiPoint"",""coordinates"":[]}"
00000000000000000df3,1.5,56.0,384.0,205.0,51.0,2415.0,363.0,1001.0,"{""type"":""MultiPoint"",""coordinates"":[]}"
00000000000000000df4,2.27,56.0,970.0,349.0,51.0,1947.0,539.0,1002.0,"{""type"":""MultiPoint"",""coordinates"":[]}"
00000000000000000dfc,1.95,56.0,647.0,385.0,51.0,2165.0,529.0,1010.0,"{""type"":""MultiPoint"",""coordinates"":[]}"
00000000000000000dfd,2.02,56.0,557.0,319.0,51.0,2242.0,459.0,1011.0,"{""type"":""MultiPoint"",""coordinates"":[]}"
00000000000000000dfe,2.17,56.0,869.0,308.0,51.0,2063.0,500.0,1012.0,"{""type"":""MultiPoint"",""coordinates"":[]}"
00000000000000000dff,1.53,56.0,568.0,201.0,51.0,2346.0,337.0,1013.0,"{""type"":""MultiPoint"",""coordinates"":[]}"
00000000000000000e00,1.69,56.0,435.0,231.0,51.0,2358.0,403.0,1014.0,"{""type"":""MultiPoint"",""coordinates"":[]}"
00000000000000000e02,1.5,56.0,435.0,170.0,51.0,2390.0,327.0,1016.0,"{""type"":""MultiPoint"",""coordinates"":[]}"
00000000000000000e03,1.16,56.0,211.0,74.0,51.0,2516.0,273.0,1017.0,"{""type"":""MultiPoint"",""coordinates"":[]}"
00000000000000000e04,1.54,56.0,514.0,274.0,51.0,2427.0,406.0,1018.0,"{""type"":""MultiPoint"",""coordinates"":[]}"
00000000000000000bdc,2.39,112.0,27.0,233.0,51.0,2503.0,245.0,466.0,"{""type"":""MultiPoint"",""coordinates"":[]}"
00000000000000000bd9,0.38,120.0,-10.0,112.0,51.0,2382.0,97.0,463.0,"{""type"":""MultiPoint"",""coordinates"":[]}"
00000000000000000ab4,2.07,144.0,2.0,146.0,51.0,2522.0,214.0,170.0,"{""type"":""MultiPoint"",""coordinates"":[]}"
00000000000000000c2e,2.06,144.0,303.0,323.0,51.0,2274.0,406.0,548.0,"{""type"":""MultiPoint"",""coordinates"":[]}"
00000000000000000ac4,0.29,152.0,-10.0,111.0,51.0,2491.0,123.0,186.0,"{""type"":""MultiPoint"",""coordinates"":[]}"
00000000000000000ac5,1.61,152.0,-76.0,92.0,51.0,2595.0,111.0,187.0,"{""type"":""MultiPoint"",""coordinates"":[]}"
00000000000000000c22,1.21,152.0,18.0,130.0,51.0,2486.0,165.0,536.0,"{""type"":""MultiPoint"",""coordinates"":[]}"
00000000000000000ad4,2.83,160.0,34.0,198.0,51.0,2452.0,247.0,202.0,"{""type"":""MultiPoint"",""coordinates"":[]}"
00000000000000000acc,0.42,168.0,12.0,117.0,51.0,2529.0,136.0,194.0,"{""type"":""MultiPoint"",""coordinates"":[]}"
00000000000000000a10,1.93,176.0,11.0,261.0,51.0,2381.0,356.0,6.0,"{""type"":""MultiPoint"",""coordinates"":[]}"
00000000000000000ab8,0.61,176.0,59.0,107.0,51.0,2476.0,74.0,174.0,"{""type"":""MultiPoint"",""coordinates"":[]}"
00000000000000000abb,1.0,176.0,89.0,130.0,51.0,2466.0,122.0,177.0,"{""type"":""MultiPoint"",""coordinates"":[]}"
00000000000000000add,0.88,176.0,63.0,84.0,51.0,2523.0,72.0,211.0,"{""type"":""MultiPoint"",""coordinates"":[]}"
00000000000000000af9,0.1,176.0,6.0,34.0,51.0,2458.0,20.0,239.0,"{""type"":""MultiPoint"",""coordinates"":[]}"
00000000000000000b16,2.8,176.0,451.0,373.0,51.0,2031.0,513.0,268.0,"{""type"":""MultiPoint"",""coordinates"":[]}"
00000000000000000b6c,0.21,176.0,10.0,64.0,51.0,2469.0,25.0,354.0,"{""type"":""MultiPoint"",""coordinates"":[]}"
00000000000000000c0b,2.66,176.0,58.0,269.0,51.0,2352.0,366.0,513.0,"{""type"":""MultiPoint"",""coordinates"":[]}"
00000000000000000cec,1.52,176.0,54.0,69.0,51.0,2549.0,99.0,738.0,"{""type"":""MultiPoint"",""coordinates"":[]}"
00000000000000000b0c,0.5,184.0,-111.0,136.0,51.0,2546.0,146.0,258.0,"{""type"":""MultiPoint"",""coordinates"":[]}"
00000000000000000b1b,0.87,184.0,36.0,98.0,51.0,2509.0,98.0,273.0,"{""type"":""MultiPoint"",""coordinates"":[]}"
00000000000000000b1c,0.25,184.0,49.0,102.0,51.0,2483.0,78.0,274.0,"{""type"":""MultiPoint"",""coordinates"":[]}"
00000000000000000cf2,2.67,184.0,93.0,308.0,51.0,2351.0,406.0,744.0,"{""type"":""MultiPoint"",""coordinates"":[]}"
00000000000000000cf3,1.92,184.0,126.0,238.0,51.0,2367.0,343.0,745.0,"{""type"":""MultiPoint"",""coordinates"":[]}"
00000000000000000b2a,0.45,192.0,49.0,114.0,51.0,2433.0,54.0,288.0,"{""type"":""MultiPoint"",""coordinates"":[]}"
00000000000000000cfd,1.26,192.0,134.0,153.0,51.0,2553.0,155.0,755.0,"{""type"":""MultiPoint"",""coordinates"":[]}"
00000000000000000cfe,1.72,192.0,88.0,126.0,51.0,2532.0,168.0,756.0,"{""type"":""MultiPoint"",""coordinates"":[]}"
00000000000000000b69,0.53,200.0,90.0,86.0,51.0,2522.0,69.0,351.0,"{""type"":""MultiPoint"",""coordinates"":[]}"
00000000000000000ce4,2.01,200.0,-76.0,119.0,51.0,2482.0,239.0,730.0,"{""type"":""MultiPoint"",""coordinates"":[]}"
00000000000000000d07,2.59,200.0,97.0,245.0,51.0,2582.0,306.0,765.0,"{""type"":""MultiPoint"",""coordinates"":[]}"
00000000000000000d09,2.11,200.0,48.0,60.0,51.0,2565.0,157.0,767.0,"{""type"":""MultiPoint"",""coordinates"":[]}"
00000000000000000c3b,1.64,208.0,269.0,132.0,51.0,2591.0,105.0,561.0,"{""type"":""MultiPoint"",""coordinates"":[]}"
00000000000000000c3e,1.85,208.0,292.0,190.0,51.0,2549.0,229.0,564.0,"{""type"":""MultiPoint"",""coordinates"":[]}"
00000000000000000d1d,1.82,208.0,103.0,-31.0,51.0,2517.0,119.0,787.0,"{""type"":""MultiPoint"",""coordinates"":[]}"
00000000000000000d2a,2.25,216.0,84.0,16.0,51.0,2591.0,129.0,800.0,"{""type"":""MultiPoint"",""coordinates"":[]}"
00000000000000000d33,0.72,216.0,9.0,-17.0,51.0,2579.0,48.0,809.0,"{""type"":""MultiPoint"",""coordinates"":[]}"
00000000000000000ac9,2.1,137.0,-25.0,146.0,51.0,2517.0,166.0,191.0,"{""type"":""MultiPoint"",""coordinates"":[]}"
00000000000000000bdf,2.51,145.0,148.0,350.0,51.0,2212.0,474.0,469.0,"{""type"":""MultiPoint"",""coordinates"":[]}"
00000000000000000c23,2.43,145.0,451.0,270.0,51.0,2231.0,412.0,537.0,"{""type"":""MultiPoint"",""coordinates"":[]}"
00000000000000000acd,0.05,153.0,-29.0,117.0,51.0,2501.0,107.0,195.0,"{""type"":""MultiPoint"",""coordinates"":[]}"
00000000000000000ad5,2.71,161.0,9.0,209.0,51.0,2474.0,237.0,203.0,"{""type"":""MultiPoint"",""coordinates"":[]}"
00000000000000000b12,1.26,169.0,-95.0,167.0,51.0,2575.0,146.0,264.0,"{""type"":""MultiPoint"",""coordinates"":[]}"
00000000000000000b14,0.26,169.0,-4.0,91.0,51.0,2476.0,90.0,266.0,"{""type"":""MultiPoint"",""coordinates"":[]}"
00000000000000000bcf,1.55,169.0,-151.0,87.0,51.0,2526.0,220.0,453.0,"{""type"":""MultiPoint"",""coordinates"":[]}"
00000000000000000ab7,1.7,177.0,49.0,229.0,51.0,2464.0,204.0,173.0,"{""type"":""MultiPoint"",""coordinates"":[]}"
00000000000000000ac0,0.21,177.0,56.0,118.0,51.0,2457.0,54.0,182.0,"{""type"":""MultiPoint"",""coordinates"":[]}"
00000000000000000ad3,0.29,177.0,49.0,136.0,51.0,2454.0,105.0,201.0,"{""type"":""MultiPoint"",""coordinates"":[]}"
00000000000000000ade,0.16,177.0,88.0,77.0,51.0,2414.0,22.0,212.0,"{""type"":""MultiPoint"",""coordinates"":[]}"
00000000000000000afa,0.81,177.0,44.0,109.0,51.0,2420.0,64.0,240.0,"{""type"":""MultiPoint"",""coordinates"":[]}"
00000000000000000b3b,2.2,177.0,127.0,307.0,51.0,2403.0,244.0,305.0,"{""type"":""MultiPoint"",""coordinates"":[]}"
00000000000000000b3c,2.72,177.0,216.0,356.0,51.0,2302.0,343.0,306.0,"{""type"":""MultiPoint"",""coordinates"":[]}"
00000000000000000b46,0.25,177.0,6.0,50.0,51.0,2480.0,42.0,316.0,"{""type"":""MultiPoint"",""coordinates"":[]}"
00000000000000000b49,0.06,177.0,80.0,69.0,51.0,2393.0,10.0,319.0,"{""type"":""MultiPoint"",""coordinates"":[]}"
00000000000000000b6b,1.58,177.0,-20.0,118.0,51.0,2521.0,89.0,353.0,"{""type"":""MultiPoint"",""coordinates"":[]}"
00000000000000000a0d,2.74,185.0,300.0,354.0,51.0,2084.0,541.0,3.0,"{""type"":""MultiPoint"",""coordinates"":[]}"
00000000000000000b0a,0.21,185.0,-48.0,135.0,51.0,2597.0,119.0,256.0,"{""type"":""MultiPoint"",""coordinates"":[]}"
00000000000000000b19,0.21,185.0,1.0,104.0,51.0,2538.0,87.0,271.0,"{""type"":""MultiPoint"",""coordinates"":[]}"
00000000000000000b1a,0.28,185.0,24.0,99.0,51.0,2495.0,80.0,272.0,"{""type"":""MultiPoint"",""coordinates"":[]}"
00000000000000000b25,0.92,185.0,-17.0,231.0,51.0,2417.0,232.0,283.0,"{""type"":""MultiPoint"",""coordinates"":[]}"
00000000000000000ce9,1.52,185.0,152.0,158.0,51.0,2464.0,220.0,735.0,"{""type"":""MultiPoint"",""coordinates"":[]}"
00000000000000000cd4,1.78,193.0,90.0,166.0,51.0,2596.0,196.0,714.0,"{""type"":""MultiPoint"",""coordinates"":[]}"
00000000000000000ce7,2.01,193.0,88.0,55.0,51.0,2356.0,283.0,733.0,"{""type"":""MultiPoint"",""coordinates"":[]}"
00000000000000000cff,1.84,193.0,164.0,125.0,51.0,2529.0,111.0,757.0,"{""type"":""MultiPoint"",""coordinates"":[]}"
00000000000000000b4f,2.0,201.0,-41.0,194.0,51.0,2562.0,220.0,325.0,"{""type"":""MultiPoint"",""coordinates"":[]}"
00000000000000000b71,0.5,201.0,37.0,29.0,51.0,2985.0,6.0,359.0,"{""type"":""MultiPoint"",""coordinates"":[]}"
00000000000000000ce0,0.76,201.0,112.0,97.0,51.0,2446.0,95.0,726.0,"{""type"":""MultiPoint"",""coordinates"":[]}"
00000000000000000b5d,0.19,209.0,48.0,80.0,51.0,2493.0,54.0,339.0,"{""type"":""MultiPoint"",""coordinates"":[]}"
00000000000000000c3d,1.65,209.0,328.0,81.0,51.0,2574.0,67.0,563.0,"{""type"":""MultiPoint"",""coordinates"":[]}"
00000000000000000c40,1.75,209.0,264.0,190.0,51.0,2489.0,212.0,566.0,"{""type"":""MultiPoint"",""coordinates"":[]}"
00000000000000000c41,2.37,209.0,356.0,204.0,51.0,2391.0,271.0,567.0,"{""type"":""MultiPoint"",""coordinates"":[]}"
00000000000000000d10,1.81,209.0,147.0,143.0,51.0,2521.0,218.0,774.0,"{""type"":""MultiPoint"",""coordinates"":[]}"
00000000000000000d12,2.16,209.0,131.0,128.0,51.0,2645.0,153.0,776.0,"{""type"":""MultiPoint"",""coordinates"":[]}"
00000000000000000d1b,2.12,209.0,84.0,14.0,51.0,2576.0,172.0,785.0,"{""type"":""MultiPoint"",""coordinates"":[]}"
00000000000000000d24,1.9,209.0,-62.0,-86.0,51.0,2715.0,39.0,794.0,"{""type"":""MultiPoint"",""coordinates"":[]}"
00000000000000000d32,1.12,217.0,-25.0,-6.0,51.0,2638.0,83.0,808.0,"{""type"":""MultiPoint"",""coordinates"":[]}"
00000000000000000cba,2.0,73.0,565.0,415.0,51.0,1951.0,500.0,688.0,"{""type"":""MultiPoint"",""coordinates"":[]}"
00000000000000000cb3,3.0,77.0,509.0,529.0,51.0,1890.0,557.0,681.0,"{""type"":""MultiPoint"",""coordinates"":[]}"
00000000000000000cb4,2.74,77.0,658.0,494.0,51.0,1802.0,589.0,682.0,"{""type"":""MultiPoint"",""coordinates"":[]}"
00000000000000000cbd,2.53,77.0,758.0,418.0,51.0,1849.0,560.0,691.0,"{""type"":""MultiPoint"",""coordinates"":[]}"
00000000000000000cb0,2.43,81.0,693.0,406.0,51.0,2002.0,449.0,678.0,"{""type"":""MultiPoint"",""coordinates"":[]}"
00000000000000000bd5,2.9,105.0,183.0,367.0,51.0,2245.0,427.0,459.0,"{""type"":""MultiPoint"",""coordinates"":[]}"
00000000000000000bda,0.94,121.0,-40.0,103.0,51.0,2358.0,94.0,464.0,"{""type"":""MultiPoint"",""coordinates"":[]}"
00000000000000000ab5,1.99,146.0,-45.0,81.0,51.0,2586.0,119.0,171.0,"{""type"":""MultiPoint"",""coordinates"":[]}"
00000000000000000c15,2.48,146.0,333.0,277.0,51.0,2331.0,367.0,523.0,"{""type"":""MultiPoint"",""coordinates"":[]}"
00000000000000000c16,2.55,146.0,249.0,244.0,51.0,2360.0,314.0,524.0,"{""type"":""MultiPoint"",""coordinates"":[]}"
00000000000000000c1f,1.98,146.0,264.0,206.0,51.0,2375.0,300.0,533.0,"{""type"":""MultiPoint"",""coordinates"":[]}"
00000000000000000ace,0.28,162.0,-10.0,70.0,51.0,2513.0,56.0,196.0,"{""type"":""MultiPoint"",""coordinates"":[]}"
00000000000000000adb,0.75,162.0,10.0,105.0,51.0,2473.0,55.0,209.0,"{""type"":""MultiPoint"",""coordinates"":[]}"
00000000000000000adc,1.9,162.0,-27.0,193.0,51.0,2524.0,171.0,210.0,"{""type"":""MultiPoint"",""coordinates"":[]}"
00000000000000000acf,1.82,170.0,-17.0,155.0,51.0,2602.0,172.0,197.0,"{""type"":""MultiPoint"",""coordinates"":[]}"
00000000000000000afe,0.31,170.0,-24.0,-12.0,51.0,2447.0,17.0,244.0,"{""type"":""MultiPoint"",""coordinates"":[]}"
00000000000000000b01,0.71,170.0,-10.0,163.0,51.0,2499.0,170.0,247.0,"{""type"":""MultiPoint"",""coordinates"":[]}"
00000000000000000b13,0.75,170.0,-55.0,177.0,51.0,2565.0,167.0,265.0,"{""type"":""MultiPoint"",""coordinates"":[]}"
00000000000000000bd3,1.79,170.0,-181.0,24.0,51.0,2644.0,146.0,457.0,"{""type"":""MultiPoint"",""coordinates"":[]}"
00000000000000000c0c,2.77,170.0,46.0,213.0,51.0,2479.0,289.0,514.0,"{""type"":""MultiPoint"",""coordinates"":[]}"
00000000000000000ad2,2.23,178.0,269.0,351.0,51.0,2263.0,376.0,200.0,"{""type"":""MultiPoint"",""coordinates"":[]}"
00000000000000000b0f,1.85,178.0,34.0,212.0,51.0,2533.0,206.0,261.0,"{""type"":""MultiPoint"",""coordinates"":[]}"
00000000000000000b2e,2.77,178.0,427.0,411.0,51.0,2045.0,504.0,292.0,"{""type"":""MultiPoint"",""coordinates"":[]}"
00000000000000000b2f,2.6,178.0,163.0,361.0,51.0,2337.0,340.0,293.0,"{""type"":""MultiPoint"",""coordinates"":[]}"
00000000000000000b30,2.4,178.0,126.0,323.0,51.0,2465.0,301.0,294.0,"{""type"":""MultiPoint"",""coordinates"":[]}"
00000000000000000b38,3.0,178.0,427.0,420.0,51.0,2075.0,496.0,302.0,"{""type"":""MultiPoint"",""coordinates"":[]}"
00000000000000000b4a,0.43,178.0,110.0,102.0,51.0,2369.0,26.0,320.0,"{""type"":""MultiPoint"",""coordinates"":[]}"
00000000000000000b3d,1.25,186.0,16.0,148.0,51.0,2532.0,163.0,307.0,"{""type"":""MultiPoint"",""coordinates"":[]}"
00000000000000000b29,0.35,194.0,55.0,72.0,51.0,2413.0,42.0,287.0,"{""type"":""MultiPoint"",""coordinates"":[]}"
00000000000000000b68,0.85,194.0,32.0,127.0,51.0,2460.0,107.0,350.0,"{""type"":""MultiPoint"",""coordinates"":[]}"
00000000000000000b1e,1.02,202.0,6.0,133.0,51.0,2435.0,141.0,276.0,"{""type"":""MultiPoint"",""coordinates"":[]}"
00000000000000000cda,0.73,202.0,-93.0,-10.0,51.0,2422.0,65.0,720.0,"{""type"":""MultiPoint"",""coordinates"":[]}"
00000000000000000d08,2.08,202.0,41.0,-18.0,51.0,2636.0,189.0,766.0,"{""type"":""MultiPoint"",""coordinates"":[]}"
00000000000000000d0e,1.29,202.0,-27.0,-22.0,51.0,2473.0,36.0,772.0,"{""type"":""MultiPoint"",""coordinates"":[]}"
00000000000000000c3c,1.82,210.0,256.0,129.0,51.0,2567.0,130.0,562.0,"{""type"":""MultiPoint"",""coordinates"":[]}"
00000000000000000c3f,1.33,210.0,79.0,117.0,51.0,2574.0,144.0,565.0,"{""type"":""MultiPoint"",""coordinates"":[]}"
00000000000000000c42,2.41,210.0,365.0,153.0,51.0,2352.0,227.0,568.0,"{""type"":""MultiPoint"",""coordinates"":[]}"
00000000000000000c43,2.12,210.0,139.0,99.0,51.0,2557.0,138.0,569.0,"{""type"":""MultiPoint"",""coordinates"":[]}"
00000000000000000d13,2.05,210.0,117.0,144.0,51.0,2718.0,164.0,777.0,"{""type"":""MultiPoint"",""coordinates"":[]}"
00000000000000000d1a,2.07,210.0,205.0,129.0,51.0,2590.0,195.0,784.0,"{""type"":""MultiPoint"",""coordinates"":[]}"
00000000000000000d22,1.96,210.0,50.0,-70.0,51.0,2570.0,80.0,792.0,"{""type"":""MultiPoint"",""coordinates"":[]}"
00000000000000000c17,1.88,147.0,324.0,215.0,51.0,2339.0,308.0,525.0,"{""type"":""MultiPoint"",""coordinates"":[]}"
00000000000000000c20,2.36,147.0,351.0,258.0,51.0,2286.0,402.0,534.0,"{""type"":""MultiPoint"",""coordinates"":[]}"
00000000000000000ac7,0.77,163.0,-16.0,128.0,51.0,2486.0,133.0,189.0,"{""type"":""MultiPoint"",""coordinates"":[]}"
00000000000000000ad8,0.23,163.0,19.0,89.0,51.0,2494.0,53.0,206.0,"{""type"":""MultiPoint"",""coordinates"":[]}"
00000000000000000ad9,0.22,163.0,9.0,98.0,51.0,2508.0,52.0,207.0,"{""type"":""MultiPoint"",""coordinates"":[]}"
00000000000000000ada,0.21,163.0,-21.0,116.0,51.0,2508.0,70.0,208.0,"{""type"":""MultiPoint"",""coordinates"":[]}"
00000000000000000ae8,0.11,163.0,-7.0,53.0,51.0,2368.0,25.0,222.0,"{""type"":""MultiPoint"",""coordinates"":[]}"
00000000000000000afc,0.21,163.0,25.0,70.0,51.0,2434.0,-4.0,242.0,"{""type"":""MultiPoint"",""coordinates"":[]}"
00000000000000000b52,3.0,163.0,313.0,267.0,51.0,2221.0,373.0,328.0,"{""type"":""MultiPoint"",""coordinates"":[]}"
00000000000000000b6d,0.65,163.0,29.0,86.0,51.0,2444.0,34.0,355.0,"{""type"":""MultiPoint"",""coordinates"":[]}"
00000000000000000abf,2.02,171.0,84.0,230.0,51.0,2511.0,231.0,181.0,"{""type"":""MultiPoint"",""coordinates"":[]}"
00000000000000000ad0,1.62,171.0,-30.0,219.0,51.0,2580.0,217.0,198.0,"{""type"":""MultiPoint"",""coordinates"":[]}"
00000000000000000ae4,0.46,171.0,51.0,175.0,51.0,2427.0,125.0,218.0,"{""type"":""MultiPoint"",""coordinates"":[]}"
00000000000000000b00,1.75,171.0,62.0,294.0,51.0,2462.0,312.0,246.0,"{""type"":""MultiPoint"",""coordinates"":[]}"
00000000000000000b36,1.46,171.0,-23.0,241.0,51.0,2509.0,208.0,300.0,"{""type"":""MultiPoint"",""coordinates"":[]}"
00000000000000000b39,0.77,171.0,1.0,56.0,51.0,2516.0,40.0,303.0,"{""type"":""MultiPoint"",""coordinates"":[]}"
00000000000000000bcd,1.71,171.0,-131.0,84.0,51.0,2610.0,202.0,451.0,"{""type"":""MultiPoint"",""coordinates"":[]}"
00000000000000000bde,1.97,171.0,-165.0,19.0,51.0,2657.0,149.0,468.0,"{""type"":""MultiPoint"",""coordinates"":[]}"
00000000000000000aef,0.54,179.0,67.0,107.0,51.0,2472.0,70.0,229.0,"{""type"":""MultiPoint"",""coordinates"":[]}"
00000000000000000af3,0.83,179.0,41.0,22.0,51.0,2458.0,37.0,233.0,"{""type"":""MultiPoint"",""coordinates"":[]}"
00000000000000000b0e,1.01,179.0,56.0,203.0,51.0,2484.0,205.0,260.0,"{""type"":""MultiPoint"",""coordinates"":[]}"
00000000000000000b26,0.07,179.0,15.0,145.0,51.0,2445.0,131.0,284.0,"{""type"":""MultiPoint"",""coordinates"":[]}"
00000000000000000b3e,0.31,179.0,62.0,108.0,51.0,2434.0,86.0,308.0,"{""type"":""MultiPoint"",""coordinates"":[]}"
00000000000000000b48,1.43,179.0,8.0,198.0,51.0,2479.0,172.0,318.0,"{""type"":""MultiPoint"",""coordinates"":[]}"
00000000000000000cf0,1.47,179.0,-26.0,177.0,51.0,2418.0,230.0,742.0,"{""type"":""MultiPoint"",""coordinates"":[]}"
00000000000000000b09,0.13,187.0,-35.0,129.0,51.0,2615.0,121.0,255.0,"{""type"":""MultiPoint"",""coordinates"":[]}"
00000000000000000b2d,0.81,187.0,58.0,134.0,51.0,2410.0,80.0,291.0,"{""type"":""MultiPoint"",""coordinates"":[]}"
00000000000000000ce8,1.58,187.0,58.0,132.0,51.0,2545.0,146.0,734.0,"{""type"":""MultiPoint"",""coordinates"":[]}"
00000000000000000cf4,1.65,187.0,31.0,120.0,51.0,2500.0,184.0,746.0,"{""type"":""MultiPoint"",""coordinates"":[]}"
00000000000000000b67,0.73,195.0,49.0,97.0,51.0,2446.0,44.0,349.0,"{""type"":""MultiPoint"",""coordinates"":[]}"
00000000000000000cd5,0.38,195.0,21.0,99.0,51.0,2516.0,85.0,715.0,"{""type"":""MultiPoint"",""coordinates"":[]}"
00000000000000000cd6,1.43,195.0,116.0,160.0,51.0,2465.0,211.0,716.0,"{""type"":""MultiPoint"",""coordinates"":[]}"
00000000000000000cd7,1.27,195.0,61.0,147.0,51.0,2487.0,213.0,717.0,"{""type"":""MultiPoint"",""coordinates"":[]}"
00000000000000000d00,2.1,195.0,165.0,92.0,51.0,2534.0,117.0,758.0,"{""type"":""MultiPoint"",""coordinates"":[]}"
00000000000000000b22,1.48,203.0,40.0,89.0,51.0,2421.0,93.0,280.0,"{""type"":""MultiPoint"",""coordinates"":[]}"
00000000000000000b6a,0.69,203.0,121.0,27.0,51.0,2422.0,-3.0,352.0,"{""type"":""MultiPoint"",""coordinates"":[]}"
00000000000000000cdf,0.21,203.0,13.0,37.0,51.0,2518.0,62.0,725.0,"{""type"":""MultiPoint"",""coordinates"":[]}"
00000000000000000c44,1.64,211.0,136.0,173.0,51.0,2456.0,228.0,570.0,"{""type"":""MultiPoint"",""coordinates"":[]}"
00000000000000000d15,1.87,211.0,132.0,132.0,51.0,2636.0,140.0,779.0,"{""type"":""MultiPoint"",""coordinates"":[]}"
00000000000000000d2b,0.06,219.0,98.0,130.0,51.0,2748.0,120.0,801.0,"{""type"":""MultiPoint"",""coordinates"":[]}"
00000000000000000d31,1.51,219.0,-4.0,3.0,51.0,2710.0,65.0,807.0,"{""type"":""MultiPoint"",""coordinates"":[]}"
00000000000000000def,1.2,57.0,691.0,140.0,51.0,2337.0,316.0,997.0,"{""type"":""MultiPoint"",""coordinates"":[]}"
00000000000000000df0,2.33,57.0,970.0,320.0,51.0,1977.0,527.0,998.0,"{""type"":""MultiPoint"",""coordinates"":[]}"
00000000000000000e05,1.86,57.0,497.0,312.0,51.0,2162.0,484.0,1019.0,"{""type"":""MultiPoint"",""coordinates"":[]}"
00000000000000000e07,1.73,57.0,521.0,285.0,51.0,2267.0,450.0,1021.0,"{""type"":""MultiPoint"",""coordinates"":[]}"
00000000000000000e08,1.98,57.0,711.0,258.0,51.0,2158.0,474.0,1022.0,"{""type"":""MultiPoint"",""coordinates"":[]}"
00000000000000000e09,1.95,57.0,663.0,228.0,51.0,2345.0,412.0,1023.0,"{""type"":""MultiPoint"",""coordinates"":[]}"
00000000000000000e0a,2.01,57.0,430.0,309.0,51.0,2408.0,390.0,1024.0,"{""type"":""MultiPoint"",""coordinates"":[]}"
00000000000000000e0b,1.86,57.0,-109.0,84.0,51.0,2295.0,387.0,1025.0,"{""type"":""MultiPoint"",""coordinates"":[]}"
00000000000000000cbb,2.53,74.0,674.0,446.0,51.0,1926.0,485.0,689.0,"{""type"":""MultiPoint"",""coordinates"":[]}"
00000000000000000cac,2.79,78.0,705.0,324.0,51.0,1881.0,576.0,674.0,"{""type"":""MultiPoint"",""coordinates"":[]}"
00000000000000000cb2,2.58,78.0,725.0,471.0,51.0,1806.0,554.0,680.0,"{""type"":""MultiPoint"",""coordinates"":[]}"
00000000000000000cb5,2.73,78.0,781.0,458.0,51.0,1784.0,556.0,683.0,"{""type"":""MultiPoint"",""coordinates"":[]}"
00000000000000000cb6,2.65,78.0,777.0,529.0,51.0,1826.0,598.0,684.0,"{""type"":""MultiPoint"",""coordinates"":[]}"
00000000000000000cb8,2.73,78.0,911.0,474.0,51.0,1771.0,567.0,686.0,"{""type"":""MultiPoint"",""coordinates"":[]}"
00000000000000000cb1,1.81,82.0,447.0,320.0,51.0,2237.0,316.0,679.0,"{""type"":""MultiPoint"",""coordinates"":[]}"
00000000000000000c2f,2.56,114.0,351.0,357.0,51.0,2179.0,494.0,549.0,"{""type"":""MultiPoint"",""coordinates"":[]}"
00000000000000000c30,2.56,114.0,392.0,392.0,51.0,2134.0,510.0,550.0,"{""type"":""MultiPoint"",""coordinates"":[]}"
00000000000000000c31,2.33,114.0,317.0,355.0,51.0,2168.0,543.0,551.0,"{""type"":""MultiPoint"",""coordinates"":[]}"
00000000000000000c32,1.34,114.0,139.0,123.0,51.0,2615.0,223.0,552.0,"{""type"":""MultiPoint"",""coordinates"":[]}"
00000000000000000c39,0.73,114.0,80.0,16.0,51.0,2674.0,104.0,559.0,"{""type"":""MultiPoint"",""coordinates"":[]}"
00000000000000000bd2,1.87,140.0,-19.0,112.0,51.0,2476.0,156.0,456.0,"{""type"":""MultiPoint"",""coordinates"":[]}"
00000000000000000c28,2.69,140.0,449.0,373.0,51.0,2191.0,429.0,542.0,"{""type"":""MultiPoint"",""coordinates"":[]}"
00000000000000000c2a,2.68,140.0,415.0,461.0,51.0,2224.0,434.0,544.0,"{""type"":""MultiPoint"",""coordinates"":[]}"
00000000000000000c2b,2.83,140.0,417.0,437.0,51.0,2199.0,437.0,545.0,"{""type"":""MultiPoint"",""coordinates"":[]}"
00000000000000000c2c,2.71,140.0,354.0,341.0,51.0,2355.0,377.0,546.0,"{""type"":""MultiPoint"",""coordinates"":[]}"
00000000000000000ab6,1.7,148.0,-46.0,188.0,51.0,2563.0,246.0,172.0,"{""type"":""MultiPoint"",""coordinates"":[]}"
00000000000000000b10,1.66,148.0,-18.0,142.0,51.0,2548.0,183.0,262.0,"{""type"":""MultiPoint"",""coordinates"":[]}"
00000000000000000b50,2.94,156.0,314.0,273.0,51.0,2184.0,398.0,326.0,"{""type"":""MultiPoint"",""coordinates"":[]}"
00000000000000000a0c,2.82,164.0,183.0,267.0,51.0,2182.0,528.0,2.0,"{""type"":""MultiPoint"",""coordinates"":[]}"
00000000000000000a11,2.4,164.0,175.0,399.0,51.0,2228.0,440.0,7.0,"{""type"":""MultiPoint"",""coordinates"":[]}"
00000000000000000b42,0.29,164.0,4.0,96.0,51.0,2638.0,87.0,312.0,"{""type"":""MultiPoint"",""coordinates"":[]}"
00000000000000000abc,1.19,172.0,63.0,206.0,51.0,2540.0,178.0,178.0,"{""type"":""MultiPoint"",""coordinates"":[]}"
00000000000000000abe,0.3,172.0,-11.0,69.0,51.0,2526.0,37.0,180.0,"{""type"":""MultiPoint"",""coordinates"":[]}"
00000000000000000ac2,1.07,172.0,18.0,143.0,51.0,2460.0,110.0,184.0,"{""type"":""MultiPoint"",""coordinates"":[]}"
00000000000000000ad1,1.88,172.0,5.0,250.0,51.0,2511.0,273.0,199.0,"{""type"":""MultiPoint"",""coordinates"":[]}"
00000000000000000ad7,1.94,172.0,27.0,101.0,51.0,2520.0,117.0,205.0,"{""type"":""MultiPoint"",""coordinates"":[]}"
00000000000000000b02,1.6,172.0,-99.0,133.0,51.0,2620.0,193.0,248.0,"{""type"":""MultiPoint"",""coordinates"":[]}"
00000000000000000b08,0.19,172.0,-60.0,27.0,51.0,2586.0,58.0,254.0,"{""type"":""MultiPoint"",""coordinates"":[]}"
00000000000000000bd4,2.1,172.0,-16.0,73.0,51.0,2626.0,150.0,458.0,"{""type"":""MultiPoint"",""coordinates"":[]}"
00000000000000000bdd,1.28,172.0,59.0,-20.0,51.0,2822.0,-10.0,467.0,"{""type"":""MultiPoint"",""coordinates"":[]}"
00000000000000000ac1,2.71,180.0,385.0,347.0,51.0,2150.0,401.0,183.0,"{""type"":""MultiPoint"",""coordinates"":[]}"
00000000000000000aed,1.75,180.0,16.0,143.0,51.0,2570.0,141.0,227.0,"{""type"":""MultiPoint"",""coordinates"":[]}"
00000000000000000aee,0.78,180.0,57.0,58.0,51.0,2410.0,44.0,228.0,"{""type"":""MultiPoint"",""coordinates"":[]}"
00000000000000000af0,0.96,180.0,25.0,90.0,51.0,2473.0,76.0,230.0,"{""type"":""MultiPoint"",""coordinates"":[]}"
00000000000000000af4,2.07,180.0,15.0,114.0,51.0,2487.0,140.0,234.0,"{""type"":""MultiPoint"",""coordinates"":[]}"
00000000000000000af6,0.01,180.0,95.0,40.0,51.0,2345.0,-9.0,236.0,"{""type"":""MultiPoint"",""coordinates"":[]}"
00000000000000000b0d,1.02,180.0,5.0,169.0,51.0,2475.0,155.0,259.0,"{""type"":""MultiPoint"",""coordinates"":[]}"
00000000000000000b4b,1.11,180.0,88.0,173.0,51.0,2435.0,105.0,321.0,"{""type"":""MultiPoint"",""coordinates"":[]}"
00000000000000000b53,2.82,180.0,271.0,302.0,51.0,2304.0,315.0,329.0,"{""type"":""MultiPoint"",""coordinates"":[]}"
00000000000000000ceb,1.63,180.0,72.0,136.0,51.0,2654.0,107.0,737.0,"{""type"":""MultiPoint"",""coordinates"":[]}"
00000000000000000ab2,0.93,188.0,54.0,210.0,51.0,2448.0,149.0,168.0,"{""type"":""MultiPoint"",""coordinates"":[]}"
00000000000000000b24,0.84,188.0,13.0,82.0,51.0,2413.0,82.0,282.0,"{""type"":""MultiPoint"",""coordinates"":[]}"
00000000000000000b2c,0.63,188.0,62.0,142.0,51.0,2467.0,97.0,290.0,"{""type"":""MultiPoint"",""coordinates"":[]}"
00000000000000000b6e,0.66,188.0,242.0,8.0,51.0,2718.0,-39.0,356.0,"{""type"":""MultiPoint"",""coordinates"":[]}"
00000000000000000b6f,1.04,188.0,74.0,57.0,51.0,2394.0,19.0,357.0,"{""type"":""MultiPoint"",""coordinates"":[]}"
00000000000000000cfb,1.91,188.0,112.0,125.0,51.0,2516.0,156.0,753.0,"{""type"":""MultiPoint"",""coordinates"":[]}"
00000000000000000b1f,0.8,196.0,31.0,94.0,51.0,2454.0,63.0,277.0,"{""type"":""MultiPoint"",""coordinates"":[]}"
00000000000000000b23,2.8,196.0,100.0,230.0,51.0,2386.0,316.0,281.0,"{""type"":""MultiPoint"",""coordinates"":[]}"
00000000000000000b28,0.88,196.0,103.0,152.0,51.0,2486.0,173.0,286.0,"{""type"":""MultiPoint"",""coordinates"":[]}"
00000000000000000b70,0.45,196.0,93.0,99.0,51.0,2672.0,90.0,358.0,"{""type"":""MultiPoint"",""coordinates"":[]}"
00000000000000000d02,2.1,196.0,150.0,-11.0,51.0,2540.0,159.0,760.0,"{""type"":""MultiPoint"",""coordinates"":[]}"
00000000000000000d04,1.77,196.0,218.0,176.0,51.0,2520.0,219.0,762.0,"{""type"":""MultiPoint"",""coordinates"":[]}"
00000000000000000d0c,1.43,196.0,63.0,-43.0,51.0,2556.0,145.0,770.0,"{""type"":""MultiPoint"",""coordinates"":[]}"
00000000000000000cde,0.38,204.0,-36.0,27.0,51.0,2518.0,85.0,724.0,"{""type"":""MultiPoint"",""coordinates"":[]}"
00000000000000000d11,1.93,212.0,183.0,155.0,51.0,2712.0,201.0,775.0,"{""type"":""MultiPoint"",""coordinates"":[]}"
00000000000000000d16,0.86,212.0,116.0,155.0,51.0,2634.0,172.0,780.0,"{""type"":""MultiPoint"",""coordinates"":[]}"
00000000000000000d19,1.97,212.0,-5.0,120.0,51.0,2617.0,205.0,783.0,"{""type"":""MultiPoint"",""coordinates"":[]}"
00000000000000000d23,1.0,212.0,58.0,59.0,51.0,2601.0,91.0,793.0,"{""type"":""MultiPoint"",""coordinates"":[]}"
00000000000000000d25,1.92,212.0,173.0,151.0,51.0,2619.0,159.0,795.0,"{""type"":""MultiPoint"",""coordinates"":[]}"
00000000000000000c26,2.69,141.0,491.0,413.0,51.0,2166.0,419.0,540.0,"{""type"":""MultiPoint"",""coordinates"":[]}"
00000000000000000c27,2.74,141.0,377.0,323.0,51.0,2228.0,446.0,541.0,"{""type"":""MultiPoint"",""coordinates"":[]}"
00000000000000000c13,1.07,149.0,103.0,120.0,51.0,2592.0,166.0,521.0,"{""type"":""MultiPoint"",""coordinates"":[]}"
00000000000000000c1c,1.91,149.0,92.0,45.0,51.0,2507.0,125.0,530.0,"{""type"":""MultiPoint"",""coordinates"":[]}"
00000000000000000ac6,0.79,157.0,-49.0,126.0,51.0,2531.0,129.0,188.0,"{""type"":""MultiPoint"",""coordinates"":[]}"
00000000000000000c0d,2.48,157.0,56.0,290.0,51.0,2389.0,346.0,515.0,"{""type"":""MultiPoint"",""coordinates"":[]}"
00000000000000000aec,0.42,165.0,4.0,94.0,51.0,2467.0,62.0,226.0,"{""type"":""MultiPoint"",""coordinates"":[]}"
00000000000000000abd,1.09,173.0,94.0,155.0,51.0,2530.0,148.0,179.0,"{""type"":""MultiPoint"",""coordinates"":[]}"
00000000000000000ae0,1.82,173.0,11.0,40.0,51.0,2641.0,78.0,214.0,"{""type"":""MultiPoint"",""coordinates"":[]}"
00000000000000000b03,0.15,173.0,39.0,47.0,51.0,2498.0,97.0,249.0,"{""type"":""MultiPoint"",""coordinates"":[]}"
00000000000000000b06,0.23,173.0,61.0,93.0,51.0,2667.0,100.0,252.0,"{""type"":""MultiPoint"",""coordinates"":[]}"
00000000000000000b07,0.78,173.0,-33.0,124.0,51.0,2571.0,127.0,253.0,"{""type"":""MultiPoint"",""coordinates"":[]}"
00000000000000000b15,0.54,173.0,-17.0,151.0,51.0,2508.0,141.0,267.0,"{""type"":""MultiPoint"",""coordinates"":[]}"
00000000000000000b3a,0.14,173.0,38.0,95.0,51.0,2433.0,66.0,304.0,"{""type"":""MultiPoint"",""coordinates"":[]}"
00000000000000000ced,1.63,173.0,5.0,100.0,51.0,2603.0,143.0,739.0,"{""type"":""MultiPoint"",""coordinates"":[]}"
00000000000000000af5,0.88,181.0,56.0,38.0,51.0,2399.0,10.0,235.0,"{""type"":""MultiPoint"",""coordinates"":[]}"
00000000000000000af8,1.34,181.0,-39.0,91.0,51.0,2507.0,96.0,238.0,"{""type"":""MultiPoint"",""coordinates"":[]}"
00000000000000000b33,2.61,181.0,269.0,316.0,51.0,2249.0,346.0,297.0,"{""type"":""MultiPoint"",""coordinates"":[]}"
00000000000000000cf1,1.51,181.0,-64.0,155.0,51.0,2527.0,198.0,743.0,"{""type"":""MultiPoint"",""coordinates"":[]}"
00000000000000000b2b,0.71,189.0,44.0,144.0,51.0,2491.0,94.0,289.0,"{""type"":""MultiPoint"",""coordinates"":[]}"
00000000000000000cf5,1.82,189.0,50.0,153.0,51.0,2486.0,221.0,747.0,"{""type"":""MultiPoint"",""coordinates"":[]}"
00000000000000000cd8,1.46,197.0,-32.0,118.0,51.0,2486.0,207.0,718.0,"{""type"":""MultiPoint"",""coordinates"":[]}"
00000000000000000d01,1.85,197.0,48.0,96.0,51.0,2634.0,138.0,759.0,"{""type"":""MultiPoint"",""coordinates"":[]}"
00000000000000000d03,1.93,197.0,156.0,215.0,51.0,2528.0,215.0,761.0,"{""type"":""MultiPoint"",""coordinates"":[]}"
00000000000000000d05,1.98,197.0,142.0,179.0,51.0,2609.0,215.0,763.0,"{""type"":""MultiPoint"",""coordinates"":[]}"
00000000000000000d06,1.91,197.0,213.0,171.0,51.0,2493.0,218.0,764.0,"{""type"":""MultiPoint"",""coordinates"":[]}"
00000000000000000d0b,1.08,197.0,-10.0,-21.0,51.0,2636.0,132.0,769.0,"{""type"":""MultiPoint"",""coordinates"":[]}"
00000000000000000b1d,1.4,205.0,-43.0,233.0,51.0,2567.0,262.0,275.0,"{""type"":""MultiPoint"",""coordinates"":[]}"
00000000000000000b5a,0.46,205.0,-20.0,38.0,51.0,2504.0,60.0,336.0,"{""type"":""MultiPoint"",""coordinates"":[]}"
00000000000000000cdb,0.34,205.0,-37.0,30.0,51.0,2480.0,114.0,721.0,"{""type"":""MultiPoint"",""coordinates"":[]}"
00000000000000000cdd,0.76,205.0,-33.0,51.0,51.0,2528.0,105.0,723.0,"{""type"":""MultiPoint"",""coordinates"":[]}"
00000000000000000b62,0.13,213.0,28.0,32.0,51.0,2441.0,3.0,344.0,"{""type"":""MultiPoint"",""coordinates"":[]}"
00000000000000000d1f,2.0,213.0,61.0,-21.0,51.0,2540.0,127.0,789.0,"{""type"":""MultiPoint"",""coordinates"":[]}"
00000000000000000d20,2.07,213.0,124.0,93.0,51.0,2611.0,178.0,790.0,"{""type"":""MultiPoint"",""coordinates"":[]}"
00000000000000000d26,1.66,213.0,94.0,95.0,51.0,2852.0,194.0,796.0,"{""type"":""MultiPoint"",""coordinates"":[]}"
00000000000000000d2c,0.82,221.0,36.0,79.0,51.0,2705.0,92.0,802.0,"{""type"":""MultiPoint"",""coordinates"":[]}"
00000000000000000d30,0.11,221.0,29.0,73.0,51.0,2730.0,92.0,806.0,"{""type"":""MultiPoint"",""coordinates"":[]}"
00000000000000000cab,2.6,79.0,759.0,336.0,51.0,1877.0,554.0,673.0,"{""type"":""MultiPoint"",""coordinates"":[]}"
00000000000000000cad,2.74,79.0,773.0,383.0,51.0,1974.0,454.0,675.0,"{""type"":""MultiPoint"",""coordinates"":[]}"
00000000000000000cae,2.89,79.0,887.0,482.0,51.0,1793.0,545.0,676.0,"{""type"":""MultiPoint"",""coordinates"":[]}"
00000000000000000caf,2.54,79.0,767.0,492.0,51.0,1807.0,600.0,677.0,"{""type"":""MultiPoint"",""coordinates"":[]}"
00000000000000000cb7,2.66,79.0,758.0,500.0,51.0,1806.0,602.0,685.0,"{""type"":""MultiPoint"",""coordinates"":[]}"
00000000000000000cbe,2.67,79.0,819.0,408.0,51.0,1839.0,459.0,692.0,"{""type"":""MultiPoint"",""coordinates"":[]}"
00000000000000000bd6,2.83,99.0,146.0,275.0,51.0,2422.0,314.0,460.0,"{""type"":""MultiPoint"",""coordinates"":[]}"
00000000000000000bd1,2.36,103.0,200.0,299.0,51.0,2356.0,290.0,455.0,"{""type"":""MultiPoint"",""coordinates"":[]}"
00000000000000000c35,0.79,115.0,-4.0,14.0,51.0,2623.0,127.0,555.0,"{""type"":""MultiPoint"",""coordinates"":[]}"
00000000000000000c37,1.59,115.0,103.0,52.0,51.0,2484.0,176.0,557.0,"{""type"":""MultiPoint"",""coordinates"":[]}"
00000000000000000c38,0.48,115.0,85.0,-11.0,51.0,2605.0,123.0,558.0,"{""type"":""MultiPoint"",""coordinates"":[]}"
00000000000000000bdb,1.01,127.0,-25.0,111.0,51.0,2356.0,126.0,465.0,"{""type"":""MultiPoint"",""coordinates"":[]}"
00000000000000000acb,0.19,142.0,-10.0,86.0,51.0,2533.0,91.0,193.0,"{""type"":""MultiPoint"",""coordinates"":[]}"
00000000000000000c25,1.92,142.0,358.0,324.0,51.0,2322.0,353.0,539.0,"{""type"":""MultiPoint"",""coordinates"":[]}"
00000000000000000c2d,2.08,142.0,266.0,320.0,51.0,2372.0,353.0,547.0,"{""type"":""MultiPoint"",""coordinates"":[]}"
00000000000000000bce,1.49,150.0,-184.0,167.0,51.0,2614.0,273.0,452.0,"{""type"":""MultiPoint"",""coordinates"":[]}"
00000000000000000bd0,1.12,150.0,-284.0,101.0,51.0,2884.0,140.0,454.0,"{""type"":""MultiPoint"",""coordinates"":[]}"
00000000000000000c1b,2.22,150.0,156.0,111.0,51.0,2437.0,204.0,529.0,"{""type"":""MultiPoint"",""coordinates"":[]}"
00000000000000000b51,2.8,158.0,208.0,235.0,51.0,2311.0,331.0,327.0,"{""type"":""MultiPoint"",""coordinates"":[]}"
00000000000000000adf,2.28,166.0,4.0,155.0,51.0,2529.0,138.0,213.0,"{""type"":""MultiPoint"",""coordinates"":[]}"
00000000000000000ae1,2.02,166.0,48.0,165.0,51.0,2481.0,182.0,215.0,"{""type"":""MultiPoint"",""coordinates"":[]}"
00000000000000000b34,1.71,166.0,-53.0,254.0,51.0,2524.0,200.0,298.0,"{""type"":""MultiPoint"",""coordinates"":[]}"
00000000000000000b41,2.47,166.0,-93.0,176.0,51.0,2730.0,192.0,311.0,"{""type"":""MultiPoint"",""coordinates"":[]}"
00000000000000000b43,1.53,166.0,23.0,261.0,51.0,2490.0,294.0,313.0,"{""type"":""MultiPoint"",""coordinates"":[]}"
00000000000000000a0e,1.17,174.0,9.0,250.0,51.0,2422.0,289.0,4.0,"{""type"":""MultiPoint"",""coordinates"":[]}"
00000000000000000ab9,0.62,174.0,49.0,142.0,51.0,2490.0,133.0,175.0,"{""type"":""MultiPoint"",""coordinates"":[]}"
00000000000000000aff,1.44,174.0,-51.0,180.0,51.0,2561.0,144.0,245.0,"{""type"":""MultiPoint"",""coordinates"":[]}"
00000000000000000b04,0.66,174.0,44.0,84.0,51.0,2446.0,112.0,250.0,"{""type"":""MultiPoint"",""coordinates"":[]}"
00000000000000000b05,0.23,174.0,46.0,133.0,51.0,2490.0,134.0,251.0,"{""type"":""MultiPoint"",""coordinates"":[]}"
00000000000000000b37,0.08,174.0,33.0,113.0,51.0,2498.0,78.0,301.0,"{""type"":""MultiPoint"",""coordinates"":[]}"
00000000000000000bcc,2.37,174.0,-102.0,86.0,51.0,2572.0,197.0,450.0,"{""type"":""MultiPoint"",""coordinates"":[]}"
00000000000000000bd8,1.43,174.0,-96.0,96.0,51.0,2562.0,178.0,462.0,"{""type"":""MultiPoint"",""coordinates"":[]}"
00000000000000000cee,1.82,174.0,-51.0,106.0,51.0,2529.0,176.0,740.0,"{""type"":""MultiPoint"",""coordinates"":[]}"
00000000000000000af1,0.9,182.0,9.0,91.0,51.0,2503.0,68.0,231.0,"{""type"":""MultiPoint"",""coordinates"":[]}"
00000000000000000af2,1.36,182.0,-17.0,148.0,51.0,2539.0,110.0,232.0,"{""type"":""MultiPoint"",""coordinates"":[]}"
00000000000000000af7,0.82,182.0,12.0,84.0,51.0,2444.0,74.0,237.0,"{""type"":""MultiPoint"",""coordinates"":[]}"
00000000000000000cea,1.57,182.0,151.0,133.0,51.0,2569.0,155.0,736.0,"{""type"":""MultiPoint"",""coordinates"":[]}"
00000000000000000b65,0.96,190.0,38.0,58.0,51.0,2534.0,28.0,347.0,"{""type"":""MultiPoint"",""coordinates"":[]}"
00000000000000000cf8,1.82,190.0,126.0,111.0,51.0,2344.0,246.0,750.0,"{""type"":""MultiPoint"",""coordinates"":[]}"
00000000000000000cfc,1.92,190.0,142.0,146.0,51.0,2636.0,149.0,754.0,"{""type"":""MultiPoint"",""coordinates"":[]}"
00000000000000000ce1,1.93,198.0,68.0,140.0,51.0,2506.0,212.0,727.0,"{""type"":""MultiPoint"",""coordinates"":[]}"
00000000000000000ce3,1.95,198.0,0.0,50.0,51.0,2490.0,182.0,729.0,"{""type"":""MultiPoint"",""coordinates"":[]}"
00000000000000000ce5,2.01,198.0,-15.0,50.0,51.0,2546.0,182.0,731.0,"{""type"":""MultiPoint"",""coordinates"":[]}"
00000000000000000b5b,0.29,206.0,46.0,60.0,51.0,2484.0,32.0,337.0,"{""type"":""MultiPoint"",""coordinates"":[]}"
00000000000000000b63,0.45,206.0,26.0,75.0,51.0,2547.0,76.0,345.0,"{""type"":""MultiPoint"",""coordinates"":[]}"
00000000000000000cdc,0.71,206.0,-35.0,36.0,51.0,2510.0,112.0,722.0,"{""type"":""MultiPoint"",""coordinates"":[]}"
00000000000000000b60,0.41,214.0,-13.0,43.0,51.0,2407.0,29.0,342.0,"{""type"":""MultiPoint"",""coordinates"":[]}"
00000000000000000d17,2.01,214.0,105.0,155.0,51.0,2633.0,208.0,781.0,"{""type"":""MultiPoint"",""coordinates"":[]}"
00000000000000000d18,1.93,214.0,229.0,118.0,51.0,2503.0,198.0,782.0,"{""type"":""MultiPoint"",""coordinates"":[]}"
00000000000000000d2d,0.24,222.0,7.0,60.0,51.0,2749.0,72.0,803.0,"{""type"":""MultiPoint"",""coordinates"":[]}"
00000000000000000d2f,0.28,222.0,-19.0,-27.0,51.0,2726.0,64.0,805.0,"{""type"":""MultiPoint"",""coordinates"":[]}"
00000000000000000aca,1.43,143.0,-68.0,86.0,51.0,2583.0,140.0,192.0,"{""type"":""MultiPoint"",""coordinates"":[]}"
00000000000000000c1d,1.81,143.0,176.0,96.0,51.0,2556.0,144.0,531.0,"{""type"":""MultiPoint"",""coordinates"":[]}"
00000000000000000c1e,2.58,143.0,306.0,112.0,51.0,2367.0,363.0,532.0,"{""type"":""MultiPoint"",""coordinates"":[]}"
00000000000000000c24,2.49,143.0,395.0,334.0,51.0,2234.0,408.0,538.0,"{""type"":""MultiPoint"",""coordinates"":[]}"
00000000000000000c1a,1.91,151.0,158.0,147.0,51.0,2474.0,240.0,528.0,"{""type"":""MultiPoint"",""coordinates"":[]}"
00000000000000000c21,1.53,151.0,51.0,203.0,51.0,2471.0,226.0,535.0,"{""type"":""MultiPoint"",""coordinates"":[]}"
00000000000000000a0b,2.88,159.0,345.0,411.0,51.0,2048.0,560.0,1.0,"{""type"":""MultiPoint"",""coordinates"":[]}"
00000000000000000ae5,0.1,159.0,95.0,14.0,51.0,2514.0,2.0,219.0,"{""type"":""MultiPoint"",""coordinates"":[]}"
00000000000000000b3f,0.33,159.0,-2.0,21.0,51.0,2598.0,5.0,309.0,"{""type"":""MultiPoint"",""coordinates"":[]}"
00000000000000000b40,0.47,159.0,63.0,30.0,51.0,2530.0,-1.0,310.0,"{""type"":""MultiPoint"",""coordinates"":[]}"
00000000000000000a0f,1.15,167.0,-134.0,147.0,51.0,2505.0,222.0,5.0,"{""type"":""MultiPoint"",""coordinates"":[]}"
00000000000000000ab3,0.19,167.0,40.0,49.0,51.0,2458.0,31.0,169.0,"{""type"":""MultiPoint"",""coordinates"":[]}"
00000000000000000ac8,0.14,167.0,-5.0,127.0,51.0,2468.0,74.0,190.0,"{""type"":""MultiPoint"",""coordinates"":[]}"
00000000000000000ae2,1.71,167.0,-116.0,235.0,51.0,2611.0,236.0,216.0,"{""type"":""MultiPoint"",""coordinates"":[]}"
00000000000000000ae3,2.51,167.0,68.0,167.0,51.0,2455.0,197.0,217.0,"{""type"":""MultiPoint"",""coordinates"":[]}"
00000000000000000aea,0.42,167.0,20.0,70.0,51.0,2402.0,21.0,224.0,"{""type"":""MultiPoint"",""coordinates"":[]}"
00000000000000000b35,2.36,167.0,166.0,347.0,51.0,2276.0,376.0,299.0,"{""type"":""MultiPoint"",""coordinates"":[]}"
00000000000000000aba,0.58,175.0,17.0,118.0,51.0,2436.0,59.0,176.0,"{""type"":""MultiPoint"",""coordinates"":[]}"
00000000000000000b31,1.8,175.0,24.0,226.0,51.0,2484.0,198.0,295.0,"{""type"":""MultiPoint"",""coordinates"":[]}"
00000000000000000cef,2.02,175.0,67.0,159.0,51.0,2371.0,240.0,741.0,"{""type"":""MultiPoint"",""coordinates"":[]}"
00000000000000000b0b,0.17,183.0,-64.0,155.0,51.0,2545.0,165.0,257.0,"{""type"":""MultiPoint"",""coordinates"":[]}"
00000000000000000ab1,0.86,191.0,39.0,159.0,51.0,2426.0,123.0,167.0,"{""type"":""MultiPoint"",""coordinates"":[]}"
00000000000000000ad6,0.5,191.0,13.0,31.0,51.0,2487.0,-7.0,204.0,"{""type"":""MultiPoint"",""coordinates"":[]}"
00000000000000000cfa,1.92,191.0,109.0,64.0,51.0,2523.0,125.0,752.0,"{""type"":""MultiPoint"",""coordinates"":[]}"
00000000000000000b20,0.22,199.0,21.0,97.0,51.0,2513.0,92.0,278.0,"{""type"":""MultiPoint"",""coordinates"":[]}"
00000000000000000ce6,2.06,199.0,-60.0,132.0,51.0,2437.0,246.0,732.0,"{""type"":""MultiPoint"",""coordinates"":[]}"
00000000000000000d0a,2.18,199.0,69.0,-58.0,51.0,2570.0,166.0,768.0,"{""type"":""MultiPoint"",""coordinates"":[]}"
00000000000000000d0d,2.17,199.0,116.0,-66.0,51.0,2536.0,157.0,771.0,"{""type"":""MultiPoint"",""coordinates"":[]}"
00000000000000000d1c,1.99,207.0,136.0,148.0,51.0,2534.0,196.0,786.0,"{""type"":""MultiPoint"",""coordinates"":[]}"
00000000000000000d27,1.94,215.0,122.0,132.0,51.0,2725.0,146.0,797.0,"{""type"":""MultiPoint"",""coordinates"":[]}"
00000000000000000d28,1.05,215.0,-30.0,-96.0,51.0,2783.0,109.0,798.0,"{""type"":""MultiPoint"",""coordinates"":[]}"
00000000000000000d29,1.82,215.0,51.0,-86.0,51.0,2570.0,138.0,799.0,"{""type"":""MultiPoint"",""coordinates"":[]}"
00000000000000000d2e,1.26,223.0,-30.0,-22.0,51.0,2771.0,71.0,804.0,"{""type"":""MultiPoint"",""coordinates"":[]}"
00000000000000000be0,1.8,52.0,19.0,155.0,53.0,2377.0,185.0,470.0,"{""type"":""MultiPoint"",""coordinates"":[]}"
00000000000000000be1,2.24,54.0,-52.0,141.0,53.0,2490.0,204.0,471.0,"{""type"":""MultiPoint"",""coordinates"":[]}"
00000000000000000be2,1.98,54.0,-41.0,166.0,53.0,2417.0,176.0,472.0,"{""type"":""MultiPoint"",""coordinates"":[]}"
00000000000000000be3,1.59,54.0,-6.0,159.0,53.0,2396.0,186.0,473.0,"{""type"":""MultiPoint"",""coordinates"":[]}"
00000000000000000bfe,2.76,54.0,510.0,402.0,53.0,1846.0,655.0,500.0,"{""type"":""MultiPoint"",""coordinates"":[]}"
00000000000000000bf6,2.82,56.0,549.0,311.0,53.0,1939.0,552.0,492.0,"{""type"":""MultiPoint"",""coordinates"":[]}"
00000000000000000bf8,2.93,56.0,571.0,341.0,53.0,1947.0,556.0,494.0,"{""type"":""MultiPoint"",""coordinates"":[]}"
00000000000000000bfc,2.55,56.0,462.0,422.0,53.0,1956.0,592.0,498.0,"{""type"":""MultiPoint"",""coordinates"":[]}"
00000000000000000bfd,2.69,56.0,528.0,414.0,53.0,1908.0,588.0,499.0,"{""type"":""MultiPoint"",""coordinates"":[]}"
00000000000000000bf7,2.83,58.0,392.0,331.0,53.0,1988.0,573.0,493.0,"{""type"":""MultiPoint"",""coordinates"":[]}"
00000000000000000bfa,2.96,58.0,413.0,285.0,53.0,2059.0,551.0,496.0,"{""type"":""MultiPoint"",""coordinates"":[]}"
00000000000000000bfb,2.76,58.0,376.0,276.0,53.0,1967.0,603.0,497.0,"{""type"":""MultiPoint"",""coordinates"":[]}"
00000000000000000c05,1.91,58.0,305.0,197.0,53.0,2251.0,431.0,507.0,"{""type"":""MultiPoint"",""coordinates"":[]}"
00000000000000000be5,1.79,60.0,-72.0,206.0,53.0,2438.0,275.0,475.0,"{""type"":""MultiPoint"",""coordinates"":[]}"
00000000000000000be6,1.11,60.0,-21.0,67.0,53.0,2600.0,133.0,476.0,"{""type"":""MultiPoint"",""coordinates"":[]}"
00000000000000000bf2,2.9,60.0,479.0,298.0,53.0,1983.0,555.0,488.0,"{""type"":""MultiPoint"",""coordinates"":[]}"
00000000000000000bf3,2.54,62.0,134.0,289.0,53.0,2236.0,461.0,489.0,"{""type"":""MultiPoint"",""coordinates"":[]}"
00000000000000000c03,2.55,62.0,125.0,295.0,53.0,2242.0,462.0,505.0,"{""type"":""MultiPoint"",""coordinates"":[]}"
00000000000000000bf1,2.76,64.0,319.0,288.0,53.0,2237.0,444.0,487.0,"{""type"":""MultiPoint"",""coordinates"":[]}"
00000000000000000c06,1.51,64.0,-40.0,178.0,53.0,2446.0,245.0,508.0,"{""type"":""MultiPoint"",""coordinates"":[]}"
00000000000000000be9,1.15,80.0,-5.0,95.0,53.0,2437.0,152.0,479.0,"{""type"":""MultiPoint"",""coordinates"":[]}"
00000000000000000c0a,2.73,80.0,462.0,276.0,53.0,2184.0,523.0,512.0,"{""type"":""MultiPoint"",""coordinates"":[]}"
00000000000000000cd0,0.8,184.0,134.0,102.0,53.0,2433.0,89.0,710.0,"{""type"":""MultiPoint"",""coordinates"":[]}"
00000000000000000cc0,1.75,192.0,121.0,203.0,53.0,2478.0,230.0,694.0,"{""type"":""MultiPoint"",""coordinates"":[]}"
00000000000000000cc1,2.02,192.0,233.0,56.0,53.0,2485.0,281.0,695.0,"{""type"":""MultiPoint"",""coordinates"":[]}"
00000000000000000cc7,0.67,185.0,-5.0,64.0,53.0,2515.0,98.0,701.0,"{""type"":""MultiPoint"",""coordinates"":[]}"
00000000000000000cc3,1.98,193.0,84.0,195.0,53.0,2480.0,283.0,697.0,"{""type"":""MultiPoint"",""coordinates"":[]}"
00000000000000000bf9,2.92,65.0,360.0,289.0,53.0,2218.0,491.0,495.0,"{""type"":""MultiPoint"",""coordinates"":[]}"
00000000000000000c07,1.29,81.0,67.0,214.0,53.0,2342.0,291.0,509.0,"{""type"":""MultiPoint"",""coordinates"":[]}"
00000000000000000c09,2.54,81.0,519.0,371.0,53.0,1929.0,608.0,511.0,"{""type"":""MultiPoint"",""coordinates"":[]}"
00000000000000000cc5,1.02,186.0,4.0,90.0,53.0,2537.0,143.0,699.0,"{""type"":""MultiPoint"",""coordinates"":[]}"
00000000000000000ccf,1.18,186.0,10.0,57.0,53.0,2596.0,126.0,709.0,"{""type"":""MultiPoint"",""coordinates"":[]}"
00000000000000000cc9,1.04,179.0,21.0,126.0,53.0,2516.0,138.0,703.0,"{""type"":""MultiPoint"",""coordinates"":[]}"
00000000000000000ccb,1.12,187.0,11.0,91.0,53.0,2527.0,122.0,705.0,"{""type"":""MultiPoint"",""coordinates"":[]}"
00000000000000000ccd,1.84,187.0,124.0,222.0,53.0,2495.0,302.0,707.0,"{""type"":""MultiPoint"",""coordinates"":[]}"
00000000000000000cce,1.66,187.0,96.0,214.0,53.0,2445.0,331.0,708.0,"{""type"":""MultiPoint"",""coordinates"":[]}"
00000000000000000cc2,1.03,195.0,110.0,135.0,53.0,2504.0,141.0,696.0,"{""type"":""MultiPoint"",""coordinates"":[]}"
00000000000000000be8,0.04,53.0,-13.0,35.0,53.0,2332.0,66.0,478.0,"{""type"":""MultiPoint"",""coordinates"":[]}"
00000000000000000bf4,2.78,55.0,470.0,423.0,53.0,2037.0,506.0,490.0,"{""type"":""MultiPoint"",""coordinates"":[]}"
00000000000000000bf5,2.61,55.0,489.0,424.0,53.0,1910.0,595.0,491.0,"{""type"":""MultiPoint"",""coordinates"":[]}"
00000000000000000be4,0.72,59.0,-85.0,171.0,53.0,2429.0,228.0,474.0,"{""type"":""MultiPoint"",""coordinates"":[]}"
00000000000000000be7,0.85,63.0,-92.0,193.0,53.0,2454.0,284.0,477.0,"{""type"":""MultiPoint"",""coordinates"":[]}"
00000000000000000bed,1.93,63.0,90.0,193.0,53.0,2374.0,299.0,483.0,"{""type"":""MultiPoint"",""coordinates"":[]}"
00000000000000000bee,2.11,63.0,-65.0,144.0,53.0,2493.0,271.0,484.0,"{""type"":""MultiPoint"",""coordinates"":[]}"
00000000000000000bef,1.92,63.0,24.0,165.0,53.0,2423.0,313.0,485.0,"{""type"":""MultiPoint"",""coordinates"":[]}"
00000000000000000c01,2.59,63.0,303.0,336.0,53.0,2077.0,597.0,503.0,"{""type"":""MultiPoint"",""coordinates"":[]}"
00000000000000000c02,2.51,63.0,332.0,356.0,53.0,2024.0,611.0,504.0,"{""type"":""MultiPoint"",""coordinates"":[]}"
00000000000000000c04,2.11,63.0,90.0,351.0,53.0,2260.0,452.0,506.0,"{""type"":""MultiPoint"",""coordinates"":[]}"
00000000000000000bff,2.71,66.0,445.0,381.0,53.0,2009.0,564.0,501.0,"{""type"":""MultiPoint"",""coordinates"":[]}"
00000000000000000cc8,0.77,180.0,-23.0,122.0,53.0,2518.0,130.0,702.0,"{""type"":""MultiPoint"",""coordinates"":[]}"
00000000000000000cd1,1.9,180.0,63.0,225.0,53.0,2466.0,236.0,711.0,"{""type"":""MultiPoint"",""coordinates"":[]}"
00000000000000000cbf,1.65,196.0,48.0,191.0,53.0,2497.0,215.0,693.0,"{""type"":""MultiPoint"",""coordinates"":[]}"
00000000000000000c00,2.65,67.0,233.0,396.0,53.0,2030.0,608.0,502.0,"{""type"":""MultiPoint"",""coordinates"":[]}"
00000000000000000cca,1.34,182.0,33.0,159.0,53.0,2527.0,207.0,704.0,"{""type"":""MultiPoint"",""coordinates"":[]}"
00000000000000000cc4,0.75,190.0,54.0,81.0,53.0,2527.0,113.0,698.0,"{""type"":""MultiPoint"",""coordinates"":[]}"
00000000000000000ccc,1.68,190.0,89.0,235.0,53.0,2523.0,279.0,706.0,"{""type"":""MultiPoint"",""coordinates"":[]}"
00000000000000000cc6,0.22,183.0,19.0,82.0,53.0,2547.0,96.0,700.0,"{""type"":""MultiPoint"",""coordinates"":[]}"
00000000000000000020,2.34,176.0,135.0,138.0,55.0,2684.0,223.0,2981.0,"{""type"":""MultiPoint"",""coordinates"":[]}"
00000000000000001590,2.54,176.0,650.0,217.0,55.0,2095.0,422.0,2984.0,"{""type"":""MultiPoint"",""coordinates"":[]}"
00000000000000001592,2.67,178.0,445.0,283.0,55.0,2083.0,547.0,2986.0,"{""type"":""MultiPoint"",""coordinates"":[]}"
00000000000000000014,1.49,172.0,185.0,160.0,55.0,2669.0,191.0,2969.0,"{""type"":""MultiPoint"",""coordinates"":[]}"
00000000000000000017,1.65,173.0,262.0,76.0,55.0,2394.0,166.0,2972.0,"{""type"":""MultiPoint"",""coordinates"":[]}"
00000000000000000011,2.29,174.0,342.0,246.0,55.0,2550.0,271.0,2966.0,"{""type"":""MultiPoint"",""coordinates"":[]}"
00000000000000000012,0.82,174.0,103.0,42.0,55.0,2763.0,110.0,2967.0,"{""type"":""MultiPoint"",""coordinates"":[]}"
00000000000000000013,3.0,174.0,557.0,383.0,55.0,1908.0,614.0,2968.0,"{""type"":""MultiPoint"",""coordinates"":[]}"
0000000000000000000f,1.55,175.0,101.0,2.0,55.0,2844.0,29.0,2964.0,"{""type"":""MultiPoint"",""coordinates"":[]}"
00000000000000000018,1.34,175.0,205.0,90.0,55.0,2694.0,116.0,2973.0,"{""type"":""MultiPoint"",""coordinates"":[]}"
0000000000000000001a,2.47,175.0,334.0,277.0,55.0,2482.0,377.0,2975.0,"{""type"":""MultiPoint"",""coordinates"":[]}"
0000000000000000001b,2.09,175.0,295.0,368.0,55.0,2267.0,480.0,2976.0,"{""type"":""MultiPoint"",""coordinates"":[]}"
0000000000000000001c,2.98,175.0,769.0,356.0,55.0,1964.0,547.0,2977.0,"{""type"":""MultiPoint"",""coordinates"":[]}"
0000000000000000001d,2.33,175.0,520.0,373.0,55.0,2042.0,524.0,2978.0,"{""type"":""MultiPoint"",""coordinates"":[]}"
0000000000000000001e,1.69,175.0,56.0,79.0,55.0,2792.0,80.0,2979.0,"{""type"":""MultiPoint"",""coordinates"":[]}"
00000000000000000021,2.37,175.0,221.0,98.0,55.0,2798.0,167.0,2982.0,"{""type"":""MultiPoint"",""coordinates"":[]}"
00000000000000000c81,1.95,176.0,311.0,240.0,59.0,2144.0,482.0,631.0,"{""type"":""MultiPoint"",""coordinates"":[]}"
00000000000000000c82,2.1,176.0,221.0,239.0,59.0,2242.0,394.0,632.0,"{""type"":""MultiPoint"",""coordinates"":[]}"
00000000000000000c84,0.25,176.0,17.0,26.0,59.0,2708.0,63.0,634.0,"{""type"":""MultiPoint"",""coordinates"":[]}"
00000000000000000c85,0.05,176.0,5.0,49.0,59.0,2636.0,105.0,635.0,"{""type"":""MultiPoint"",""coordinates"":[]}"
00000000000000000c86,0.34,176.0,8.0,29.0,59.0,2663.0,60.0,636.0,"{""type"":""MultiPoint"",""coordinates"":[]}"
00000000000000000c87,0.59,176.0,72.0,-65.0,59.0,2886.0,-6.0,637.0,"{""type"":""MultiPoint"",""coordinates"":[]}"
00000000000000000c88,0.79,176.0,123.0,-54.0,59.0,2876.0,-6.0,638.0,"{""type"":""MultiPoint"",""coordinates"":[]}"
00000000000000000c89,0.28,176.0,68.0,-18.0,59.0,2867.0,29.0,639.0,"{""type"":""MultiPoint"",""coordinates"":[]}"
00000000000000000c8a,0.55,176.0,60.0,-56.0,59.0,2848.0,25.0,640.0,"{""type"":""MultiPoint"",""coordinates"":[]}"
00000000000000000c8c,1.56,176.0,-49.0,-36.0,59.0,2810.0,62.0,642.0,"{""type"":""MultiPoint"",""coordinates"":[]}"
00000000000000000c8d,0.91,176.0,-42.0,6.0,59.0,2794.0,76.0,643.0,"{""type"":""MultiPoint"",""coordinates"":[]}"
00000000000000000c94,1.11,176.0,91.0,43.0,59.0,2766.0,68.0,650.0,"{""type"":""MultiPoint"",""coordinates"":[]}"
00000000000000000c95,1.57,176.0,38.0,19.0,59.0,2821.0,40.0,651.0,"{""type"":""MultiPoint"",""coordinates"":[]}"
00000000000000000c96,1.62,176.0,50.0,38.0,59.0,2750.0,90.0,652.0,"{""type"":""MultiPoint"",""coordinates"":[]}"
00000000000000000c98,1.81,176.0,1.0,22.0,59.0,2638.0,49.0,654.0,"{""type"":""MultiPoint"",""coordinates"":[]}"
00000000000000000c9b,2.11,176.0,110.0,122.0,59.0,2347.0,313.0,657.0,"{""type"":""MultiPoint"",""coordinates"":[]}"
00000000000000000c9f,2.01,176.0,203.0,216.0,59.0,2275.0,404.0,661.0,"{""type"":""MultiPoint"",""coordinates"":[]}"
00000000000000000ca0,2.53,176.0,272.0,188.0,59.0,2290.0,410.0,662.0,"{""type"":""MultiPoint"",""coordinates"":[]}"
00000000000000000ca1,2.41,176.0,314.0,180.0,59.0,2344.0,344.0,663.0,"{""type"":""MultiPoint"",""coordinates"":[]}"
00000000000000000ca2,1.03,176.0,14.0,167.0,59.0,2592.0,177.0,664.0,"{""type"":""MultiPoint"",""coordinates"":[]}"
00000000000000000ca3,2.48,176.0,443.0,315.0,59.0,2073.0,499.0,665.0,"{""type"":""MultiPoint"",""coordinates"":[]}"
00000000000000000ca4,1.87,176.0,56.0,176.0,59.0,2566.0,242.0,666.0,"{""type"":""MultiPoint"",""coordinates"":[]}"
00000000000000000ca5,1.59,176.0,-11.0,142.0,59.0,2583.0,164.0,667.0,"{""type"":""MultiPoint"",""coordinates"":[]}"
00000000000000000c45,1.45,184.0,51.0,226.0,59.0,2538.0,346.0,571.0,"{""type"":""MultiPoint"",""coordinates"":[]}"
00000000000000000c48,1.08,184.0,173.0,260.0,59.0,2341.0,459.0,574.0,"{""type"":""MultiPoint"",""coordinates"":[]}"
00000000000000000c49,2.08,184.0,107.0,279.0,59.0,2406.0,424.0,575.0,"{""type"":""MultiPoint"",""coordinates"":[]}"
00000000000000000c4b,1.82,184.0,108.0,215.0,59.0,2433.0,411.0,577.0,"{""type"":""MultiPoint"",""coordinates"":[]}"
00000000000000000c69,2.05,184.0,-49.0,330.0,59.0,2481.0,439.0,607.0,"{""type"":""MultiPoint"",""coordinates"":[]}"
00000000000000000c6b,1.78,184.0,-2.0,237.0,59.0,2459.0,355.0,609.0,"{""type"":""MultiPoint"",""coordinates"":[]}"
00000000000000000c73,1.68,184.0,-115.0,281.0,59.0,2555.0,370.0,617.0,"{""type"":""MultiPoint"",""coordinates"":[]}"
00000000000000000c76,1.99,184.0,68.0,296.0,59.0,2424.0,412.0,620.0,"{""type"":""MultiPoint"",""coordinates"":[]}"
00000000000000000c7d,2.37,184.0,59.0,134.0,59.0,2446.0,332.0,627.0,"{""type"":""MultiPoint"",""coordinates"":[]}"
00000000000000000c50,0.76,177.0,-33.0,9.0,59.0,2765.0,59.0,582.0,"{""type"":""MultiPoint"",""coordinates"":[]}"
00000000000000000c55,1.55,177.0,106.0,157.0,59.0,2462.0,282.0,587.0,"{""type"":""MultiPoint"",""coordinates"":[]}"
00000000000000000c57,1.45,177.0,69.0,12.0,59.0,2647.0,62.0,589.0,"{""type"":""MultiPoint"",""coordinates"":[]}"
00000000000000000c60,1.36,177.0,116.0,78.0,59.0,2704.0,140.0,598.0,"{""type"":""MultiPoint"",""coordinates"":[]}"
00000000000000000c6e,1.28,177.0,34.0,10.0,59.0,2642.0,77.0,612.0,"{""type"":""MultiPoint"",""coordinates"":[]}"
00000000000000000c8b,0.74,177.0,108.0,-68.0,59.0,2841.0,-40.0,641.0,"{""type"":""MultiPoint"",""coordinates"":[]}"
00000000000000000c8f,0.19,177.0,54.0,-18.0,59.0,2630.0,45.0,645.0,"{""type"":""MultiPoint"",""coordinates"":[]}"
00000000000000000c91,0.8,177.0,13.0,-9.0,59.0,2818.0,13.0,647.0,"{""type"":""MultiPoint"",""coordinates"":[]}"
00000000000000000c92,1.12,177.0,18.0,11.0,59.0,2811.0,44.0,648.0,"{""type"":""MultiPoint"",""coordinates"":[]}"
00000000000000000c93,0.68,177.0,156.0,73.0,59.0,2622.0,127.0,649.0,"{""type"":""MultiPoint"",""coordinates"":[]}"
00000000000000000c9c,1.86,177.0,15.0,174.0,59.0,2650.0,241.0,658.0,"{""type"":""MultiPoint"",""coordinates"":[]}"
00000000000000000c9d,1.7,177.0,197.0,138.0,59.0,2722.0,152.0,659.0,"{""type"":""MultiPoint"",""coordinates"":[]}"
00000000000000000c9e,1.23,177.0,80.0,134.0,59.0,2446.0,171.0,660.0,"{""type"":""MultiPoint"",""coordinates"":[]}"
00000000000000000ca6,1.28,177.0,11.0,16.0,59.0,2725.0,171.0,668.0,"{""type"":""MultiPoint"",""coordinates"":[]}"
00000000000000000ca7,0.1,177.0,17.0,-29.0,59.0,2853.0,10.0,669.0,"{""type"":""MultiPoint"",""coordinates"":[]}"
00000000000000000c53,0.54,178.0,11.0,22.0,59.0,2713.0,73.0,585.0,"{""type"":""MultiPoint"",""coordinates"":[]}"
00000000000000000c54,1.38,178.0,-15.0,19.0,59.0,2733.0,93.0,586.0,"{""type"":""MultiPoint"",""coordinates"":[]}"
00000000000000000c56,1.39,178.0,68.0,22.0,59.0,2634.0,110.0,588.0,"{""type"":""MultiPoint"",""coordinates"":[]}"
00000000000000000c59,0.91,178.0,32.0,32.0,59.0,2663.0,43.0,591.0,"{""type"":""MultiPoint"",""coordinates"":[]}"
00000000000000000c5a,0.38,178.0,52.0,13.0,59.0,2645.0,24.0,592.0,"{""type"":""MultiPoint"",""coordinates"":[]}"
00000000000000000c5f,0.44,178.0,136.0,14.0,59.0,2721.0,1.0,597.0,"{""type"":""MultiPoint"",""coordinates"":[]}"
00000000000000000c64,1.29,178.0,104.0,50.0,59.0,2642.0,138.0,602.0,"{""type"":""MultiPoint"",""coordinates"":[]}"
00000000000000000c65,1.89,178.0,46.0,112.0,59.0,2644.0,186.0,603.0,"{""type"":""MultiPoint"",""coordinates"":[]}"
00000000000000000c66,1.9,178.0,109.0,136.0,59.0,2506.0,258.0,604.0,"{""type"":""MultiPoint"",""coordinates"":[]}"
00000000000000000c68,1.74,178.0,201.0,213.0,59.0,2280.0,379.0,606.0,"{""type"":""MultiPoint"",""coordinates"":[]}"
00000000000000000c6f,1.54,178.0,100.0,65.0,59.0,2630.0,117.0,613.0,"{""type"":""MultiPoint"",""coordinates"":[]}"
00000000000000000c71,0.94,178.0,9.0,38.0,59.0,2663.0,110.0,615.0,"{""type"":""MultiPoint"",""coordinates"":[]}"
00000000000000000c74,1.1,178.0,129.0,55.0,59.0,2570.0,206.0,618.0,"{""type"":""MultiPoint"",""coordinates"":[]}"
00000000000000000c75,0.65,178.0,62.0,49.0,59.0,2654.0,89.0,619.0,"{""type"":""MultiPoint"",""coordinates"":[]}"
00000000000000000c77,2.35,178.0,167.0,85.0,59.0,2582.0,197.0,621.0,"{""type"":""MultiPoint"",""coordinates"":[]}"
00000000000000000c78,1.07,178.0,299.0,26.0,59.0,2583.0,16.0,622.0,"{""type"":""MultiPoint"",""coordinates"":[]}"
00000000000000000c79,1.78,178.0,113.0,80.0,59.0,2446.0,270.0,623.0,"{""type"":""MultiPoint"",""coordinates"":[]}"
00000000000000000c7a,0.79,178.0,90.0,78.0,59.0,2571.0,151.0,624.0,"{""type"":""MultiPoint"",""coordinates"":[]}"
00000000000000000c7b,2.24,178.0,219.0,82.0,59.0,2459.0,231.0,625.0,"{""type"":""MultiPoint"",""coordinates"":[]}"
00000000000000000c7c,0.91,178.0,96.0,39.0,59.0,2662.0,76.0,626.0,"{""type"":""MultiPoint"",""coordinates"":[]}"
00000000000000000b97,2.8,179.0,547.0,244.0,59.0,2098.0,478.0,397.0,"{""type"":""MultiPoint"",""coordinates"":[]}"
00000000000000000b98,2.76,179.0,321.0,175.0,59.0,2253.0,420.0,398.0,"{""type"":""MultiPoint"",""coordinates"":[]}"
00000000000000000b99,2.93,179.0,542.0,292.0,59.0,2134.0,472.0,399.0,"{""type"":""MultiPoint"",""coordinates"":[]}"
00000000000000000b9a,2.6,179.0,334.0,191.0,59.0,2287.0,337.0,400.0,"{""type"":""MultiPoint"",""coordinates"":[]}"
00000000000000000b9b,2.6,179.0,282.0,162.0,59.0,2311.0,401.0,401.0,"{""type"":""MultiPoint"",""coordinates"":[]}"
00000000000000000b9c,2.9,179.0,425.0,235.0,59.0,2164.0,458.0,402.0,"{""type"":""MultiPoint"",""coordinates"":[]}"
00000000000000000b9d,2.89,179.0,193.0,206.0,59.0,2232.0,407.0,403.0,"{""type"":""MultiPoint"",""coordinates"":[]}"
00000000000000000ba0,2.87,179.0,551.0,262.0,59.0,2061.0,478.0,406.0,"{""type"":""MultiPoint"",""coordinates"":[]}"
00000000000000000ba1,2.51,179.0,365.0,271.0,59.0,2239.0,408.0,407.0,"{""type"":""MultiPoint"",""coordinates"":[]}"
00000000000000000ba2,2.33,179.0,499.0,267.0,59.0,2207.0,446.0,408.0,"{""type"":""MultiPoint"",""coordinates"":[]}"
00000000000000000ba3,2.42,179.0,180.0,251.0,59.0,2394.0,349.0,409.0,"{""type"":""MultiPoint"",""coordinates"":[]}"
00000000000000000ba4,2.82,179.0,497.0,267.0,59.0,2209.0,458.0,410.0,"{""type"":""MultiPoint"",""coordinates"":[]}"
00000000000000000ba5,2.82,179.0,413.0,281.0,59.0,2210.0,462.0,411.0,"{""type"":""MultiPoint"",""coordinates"":[]}"
00000000000000000ba6,2.6,179.0,320.0,199.0,59.0,2274.0,372.0,412.0,"{""type"":""MultiPoint"",""coordinates"":[]}"
00000000000000000ba7,2.01,179.0,211.0,167.0,59.0,2398.0,298.0,413.0,"{""type"":""MultiPoint"",""coordinates"":[]}"
00000000000000000ba8,2.8,179.0,364.0,233.0,59.0,2161.0,498.0,414.0,"{""type"":""MultiPoint"",""coordinates"":[]}"
00000000000000000ba9,2.66,179.0,321.0,80.0,59.0,2293.0,350.0,415.0,"{""type"":""MultiPoint"",""coordinates"":[]}"
00000000000000000baa,2.71,179.0,391.0,234.0,59.0,2247.0,456.0,416.0,"{""type"":""MultiPoint"",""coordinates"":[]}"
00000000000000000bab,1.25,179.0,82.0,140.0,59.0,2520.0,217.0,417.0,"{""type"":""MultiPoint"",""coordinates"":[]}"
00000000000000000bac,1.68,179.0,-28.0,196.0,59.0,2560.0,232.0,418.0,"{""type"":""MultiPoint"",""coordinates"":[]}"
00000000000000000bad,2.6,179.0,237.0,241.0,59.0,2443.0,340.0,419.0,"{""type"":""MultiPoint"",""coordinates"":[]}"
00000000000000000bae,1.95,179.0,196.0,244.0,59.0,2423.0,338.0,420.0,"{""type"":""MultiPoint"",""coordinates"":[]}"
00000000000000000baf,2.32,179.0,162.0,200.0,59.0,2490.0,285.0,421.0,"{""type"":""MultiPoint"",""coordinates"":[]}"
00000000000000000bb0,1.99,179.0,134.0,123.0,59.0,2501.0,218.0,422.0,"{""type"":""MultiPoint"",""coordinates"":[]}"
00000000000000000bb3,2.39,179.0,251.0,233.0,59.0,2377.0,341.0,425.0,"{""type"":""MultiPoint"",""coordinates"":[]}"
00000000000000000bb4,2.36,179.0,192.0,285.0,59.0,2417.0,283.0,426.0,"{""type"":""MultiPoint"",""coordinates"":[]}"
00000000000000000bb5,1.27,179.0,76.0,28.0,59.0,2497.0,124.0,427.0,"{""type"":""MultiPoint"",""coordinates"":[]}"
00000000000000000bb6,1.25,179.0,79.0,-79.0,59.0,2530.0,110.0,428.0,"{""type"":""MultiPoint"",""coordinates"":[]}"
00000000000000000bb9,1.29,179.0,103.0,84.0,59.0,2524.0,171.0,431.0,"{""type"":""MultiPoint"",""coordinates"":[]}"
00000000000000000bba,0.83,179.0,20.0,279.0,59.0,2549.0,64.0,432.0,"{""type"":""MultiPoint"",""coordinates"":[]}"
00000000000000000bbb,2.46,179.0,233.0,207.0,59.0,2376.0,326.0,433.0,"{""type"":""MultiPoint"",""coordinates"":[]}"
00000000000000000bbc,2.4,179.0,148.0,194.0,59.0,2476.0,249.0,434.0,"{""type"":""MultiPoint"",""coordinates"":[]}"
00000000000000000bbd,1.43,179.0,157.0,35.0,59.0,2461.0,144.0,435.0,"{""type"":""MultiPoint"",""coordinates"":[]}"
00000000000000000bbf,0.97,179.0,101.0,48.0,59.0,2489.0,133.0,437.0,"{""type"":""MultiPoint"",""coordinates"":[]}"
00000000000000000bc0,0.9,179.0,93.0,26.0,59.0,2473.0,106.0,438.0,"{""type"":""MultiPoint"",""coordinates"":[]}"
00000000000000000bc1,1.34,179.0,107.0,-83.0,59.0,2510.0,38.0,439.0,"{""type"":""MultiPoint"",""coordinates"":[]}"
00000000000000000bc2,0.54,179.0,24.0,51.0,59.0,2493.0,114.0,440.0,"{""type"":""MultiPoint"",""coordinates"":[]}"
00000000000000000bc3,1.48,179.0,91.0,90.0,59.0,2507.0,163.0,441.0,"{""type"":""MultiPoint"",""coordinates"":[]}"
00000000000000000bc4,1.49,179.0,34.0,64.0,59.0,2580.0,148.0,442.0,"{""type"":""MultiPoint"",""coordinates"":[]}"
00000000000000000bc5,0.24,179.0,9.0,20.0,59.0,2542.0,67.0,443.0,"{""type"":""MultiPoint"",""coordinates"":[]}"
00000000000000000bbe,1.17,180.0,77.0,45.0,59.0,2501.0,118.0,436.0,"{""type"":""MultiPoint"",""coordinates"":[]}"
00000000000000000c99,1.92,175.0,-1.0,152.0,59.0,2712.0,178.0,655.0,"{""type"":""MultiPoint"",""coordinates"":[]}"
00000000000000000c9a,1.87,175.0,103.0,178.0,59.0,2751.0,175.0,656.0,"{""type"":""MultiPoint"",""coordinates"":[]}"
00000000000000000ca9,1.73,175.0,-8.0,205.0,59.0,2733.0,213.0,671.0,"{""type"":""MultiPoint"",""coordinates"":[]}"
00000000000000000c4a,1.78,183.0,54.0,280.0,59.0,2453.0,409.0,576.0,"{""type"":""MultiPoint"",""coordinates"":[]}"
00000000000000000c4c,1.51,183.0,-42.0,305.0,59.0,2542.0,368.0,578.0,"{""type"":""MultiPoint"",""coordinates"":[]}"
00000000000000000c4d,1.81,183.0,2.0,275.0,59.0,2454.0,420.0,579.0,"{""type"":""MultiPoint"",""coordinates"":[]}"
00000000000000000c4e,2.41,183.0,68.0,286.0,59.0,2387.0,444.0,580.0,"{""type"":""MultiPoint"",""coordinates"":[]}"
00000000000000000c4f,1.62,183.0,111.0,258.0,59.0,2360.0,429.0,581.0,"{""type"":""MultiPoint"",""coordinates"":[]}"
00000000000000000c52,1.95,183.0,24.0,277.0,59.0,2398.0,409.0,584.0,"{""type"":""MultiPoint"",""coordinates"":[]}"
00000000000000000c5b,2.24,183.0,228.0,234.0,59.0,2195.0,497.0,593.0,"{""type"":""MultiPoint"",""coordinates"":[]}"
00000000000000000c62,1.41,183.0,38.0,134.0,59.0,2543.0,268.0,600.0,"{""type"":""MultiPoint"",""coordinates"":[]}"
00000000000000000c63,2.4,183.0,169.0,250.0,59.0,2248.0,479.0,601.0,"{""type"":""MultiPoint"",""coordinates"":[]}"
00000000000000000c67,2.34,183.0,190.0,230.0,59.0,2323.0,430.0,605.0,"{""type"":""MultiPoint"",""coordinates"":[]}"
00000000000000000c6c,1.9,183.0,372.0,190.0,59.0,2346.0,424.0,610.0,"{""type"":""MultiPoint"",""coordinates"":[]}"
00000000000000000f89,2.58,13.0,534.0,257.0,61.0,2017.0,488.0,1407.0,"{""type"":""MultiPoint"",""coordinates"":[]}"
00000000000000000f8a,2.74,13.0,651.0,274.0,61.0,1877.0,526.0,1408.0,"{""type"":""MultiPoint"",""coordinates"":[]}"
00000000000000000f8c,2.09,13.0,270.0,237.0,61.0,2346.0,385.0,1410.0,"{""type"":""MultiPoint"",""coordinates"":[]}"
00000000000000000f8d,2.0,13.0,303.0,288.0,61.0,2274.0,435.0,1411.0,"{""type"":""MultiPoint"",""coordinates"":[]}"
00000000000000000f8e,2.58,13.0,556.0,195.0,61.0,1997.0,468.0,1412.0,"{""type"":""MultiPoint"",""coordinates"":[]}"
00000000000000000f5d,2.54,15.0,748.0,390.0,61.0,1937.0,529.0,1363.0,"{""type"":""MultiPoint"",""coordinates"":[]}"
00000000000000000f5e,2.11,15.0,739.0,335.0,61.0,1935.0,536.0,1364.0,"{""type"":""MultiPoint"",""coordinates"":[]}"
00000000000000000f5f,2.55,15.0,744.0,328.0,61.0,1937.0,506.0,1365.0,"{""type"":""MultiPoint"",""coordinates"":[]}"
00000000000000000f60,2.09,15.0,373.0,359.0,61.0,2237.0,441.0,1366.0,"{""type"":""MultiPoint"",""coordinates"":[]}"
00000000000000000f62,2.64,15.0,747.0,374.0,61.0,1949.0,511.0,1368.0,"{""type"":""MultiPoint"",""coordinates"":[]}"
00000000000000000f65,2.43,19.0,414.0,116.0,61.0,2188.0,327.0,1371.0,"{""type"":""MultiPoint"",""coordinates"":[]}"
00000000000000000f66,2.04,19.0,362.0,129.0,61.0,2275.0,295.0,1372.0,"{""type"":""MultiPoint"",""coordinates"":[]}"
00000000000000000f67,2.27,19.0,421.0,121.0,61.0,2264.0,321.0,1373.0,"{""type"":""MultiPoint"",""coordinates"":[]}"
00000000000000000f68,2.41,19.0,321.0,48.0,61.0,2375.0,208.0,1374.0,"{""type"":""MultiPoint"",""coordinates"":[]}"
00000000000000000f7f,1.99,19.0,272.0,297.0,61.0,2216.0,397.0,1397.0,"{""type"":""MultiPoint"",""coordinates"":[]}"
00000000000000000f80,2.58,19.0,417.0,352.0,61.0,2003.0,470.0,1398.0,"{""type"":""MultiPoint"",""coordinates"":[]}"
00000000000000000f82,1.96,20.0,542.0,-36.0,61.0,2374.0,172.0,1400.0,"{""type"":""MultiPoint"",""coordinates"":[]}"
00000000000000000f83,2.68,20.0,589.0,285.0,61.0,1900.0,498.0,1401.0,"{""type"":""MultiPoint"",""coordinates"":[]}"
00000000000000000f54,2.0,22.0,70.0,221.0,61.0,2385.0,357.0,1354.0,"{""type"":""MultiPoint"",""coordinates"":[]}"
00000000000000000f55,1.87,22.0,109.0,310.0,61.0,2317.0,393.0,1355.0,"{""type"":""MultiPoint"",""coordinates"":[]}"
00000000000000000f52,2.84,23.0,203.0,233.0,61.0,2211.0,395.0,1352.0,"{""type"":""MultiPoint"",""coordinates"":[]}"
00000000000000000f53,2.63,23.0,103.0,198.0,61.0,2278.0,342.0,1353.0,"{""type"":""MultiPoint"",""coordinates"":[]}"
00000000000000000f56,1.27,23.0,-2.0,36.0,61.0,2414.0,220.0,1356.0,"{""type"":""MultiPoint"",""coordinates"":[]}"
00000000000000000f6a,2.83,23.0,186.0,184.0,61.0,2332.0,273.0,1376.0,"{""type"":""MultiPoint"",""coordinates"":[]}"
00000000000000000f6b,2.73,23.0,210.0,221.0,61.0,2279.0,358.0,1377.0,"{""type"":""MultiPoint"",""coordinates"":[]}"
00000000000000000f4d,2.07,24.0,358.0,232.0,61.0,2267.0,318.0,1347.0,"{""type"":""MultiPoint"",""coordinates"":[]}"
00000000000000000f4e,2.82,25.0,155.0,339.0,61.0,2262.0,386.0,1348.0,"{""type"":""MultiPoint"",""coordinates"":[]}"
00000000000000000f4f,2.76,25.0,175.0,316.0,61.0,2269.0,360.0,1349.0,"{""type"":""MultiPoint"",""coordinates"":[]}"
00000000000000000f51,2.81,25.0,196.0,256.0,61.0,2210.0,384.0,1351.0,"{""type"":""MultiPoint"",""coordinates"":[]}"
00000000000000000f58,2.41,25.0,152.0,181.0,61.0,2420.0,261.0,1358.0,"{""type"":""MultiPoint"",""coordinates"":[]}"
00000000000000000f59,2.89,25.0,436.0,344.0,61.0,2065.0,443.0,1359.0,"{""type"":""MultiPoint"",""coordinates"":[]}"
00000000000000000f5a,2.66,25.0,196.0,280.0,61.0,2221.0,375.0,1360.0,"{""type"":""MultiPoint"",""coordinates"":[]}"
00000000000000000f5b,2.66,25.0,251.0,204.0,61.0,2261.0,330.0,1361.0,"{""type"":""MultiPoint"",""coordinates"":[]}"
00000000000000000f5c,2.51,26.0,436.0,315.0,61.0,2028.0,458.0,1362.0,"{""type"":""MultiPoint"",""coordinates"":[]}"
00000000000000000f6e,2.67,26.0,412.0,228.0,61.0,2072.0,392.0,1380.0,"{""type"":""MultiPoint"",""coordinates"":[]}"
00000000000000000f72,2.64,26.0,608.0,185.0,61.0,2077.0,383.0,1384.0,"{""type"":""MultiPoint"",""coordinates"":[]}"
00000000000000000f6d,2.4,27.0,621.0,255.0,61.0,1995.0,449.0,1379.0,"{""type"":""MultiPoint"",""coordinates"":[]}"
00000000000000000f70,2.63,27.0,489.0,233.0,61.0,2033.0,441.0,1382.0,"{""type"":""MultiPoint"",""coordinates"":[]}"
00000000000000000f79,1.38,27.0,99.0,251.0,61.0,2326.0,252.0,1391.0,"{""type"":""MultiPoint"",""coordinates"":[]}"
00000000000000000f7a,1.95,27.0,-3.0,255.0,61.0,2398.0,268.0,1392.0,"{""type"":""MultiPoint"",""coordinates"":[]}"
00000000000000000f7b,1.86,27.0,34.0,254.0,61.0,2367.0,255.0,1393.0,"{""type"":""MultiPoint"",""coordinates"":[]}"
00000000000000000f50,1.79,28.0,89.0,143.0,61.0,2465.0,213.0,1350.0,"{""type"":""MultiPoint"",""coordinates"":[]}"
00000000000000000f73,2.08,28.0,2.0,194.0,61.0,2398.0,280.0,1385.0,"{""type"":""MultiPoint"",""coordinates"":[]}"
00000000000000000f75,2.33,28.0,30.0,135.0,61.0,2411.0,245.0,1387.0,"{""type"":""MultiPoint"",""coordinates"":[]}"
00000000000000000f76,2.07,28.0,-13.0,237.0,61.0,2428.0,261.0,1388.0,"{""type"":""MultiPoint"",""coordinates"":[]}"
00000000000000000f77,2.26,28.0,-69.0,269.0,61.0,2423.0,322.0,1389.0,"{""type"":""MultiPoint"",""coordinates"":[]}"
00000000000000000f78,1.94,28.0,96.0,136.0,61.0,2425.0,218.0,1390.0,"{""type"":""MultiPoint"",""coordinates"":[]}"
00000000000000000f46,1.34,58.0,249.0,87.0,61.0,2553.0,166.0,1340.0,"{""type"":""MultiPoint"",""coordinates"":[]}"
00000000000000000f4b,0.17,58.0,256.0,241.0,61.0,2418.0,267.0,1345.0,"{""type"":""MultiPoint"",""coordinates"":[]}"
00000000000000000f4c,1.15,58.0,296.0,206.0,61.0,2401.0,249.0,1346.0,"{""type"":""MultiPoint"",""coordinates"":[]}"
00000000000000000d3a,2.1,184.0,304.0,254.0,61.0,2438.0,350.0,816.0,"{""type"":""MultiPoint"",""coordinates"":[]}"
00000000000000000d3b,2.32,184.0,460.0,305.0,61.0,2178.0,452.0,817.0,"{""type"":""MultiPoint"",""coordinates"":[]}"
00000000000000000d3c,2.47,184.0,519.0,245.0,61.0,2200.0,389.0,818.0,"{""type"":""MultiPoint"",""coordinates"":[]}"
00000000000000000d3d,2.25,184.0,539.0,237.0,61.0,2148.0,405.0,819.0,"{""type"":""MultiPoint"",""coordinates"":[]}"
00000000000000000d3e,1.64,184.0,268.0,250.0,61.0,2442.0,297.0,820.0,"{""type"":""MultiPoint"",""coordinates"":[]}"
00000000000000000d3f,0.82,184.0,182.0,206.0,61.0,2486.0,207.0,821.0,"{""type"":""MultiPoint"",""coordinates"":[]}"
00000000000000000d40,1.28,184.0,88.0,184.0,61.0,2455.0,193.0,822.0,"{""type"":""MultiPoint"",""coordinates"":[]}"
00000000000000000d46,1.37,184.0,211.0,238.0,61.0,2450.0,294.0,828.0,"{""type"":""MultiPoint"",""coordinates"":[]}"
00000000000000000d47,2.41,184.0,512.0,242.0,61.0,2206.0,396.0,829.0,"{""type"":""MultiPoint"",""coordinates"":[]}"
00000000000000000d48,1.21,184.0,300.0,226.0,61.0,2414.0,280.0,830.0,"{""type"":""MultiPoint"",""coordinates"":[]}"
00000000000000000d49,1.49,184.0,287.0,236.0,61.0,2409.0,283.0,831.0,"{""type"":""MultiPoint"",""coordinates"":[]}"
00000000000000000d4a,1.74,184.0,262.0,306.0,61.0,2424.0,359.0,832.0,"{""type"":""MultiPoint"",""coordinates"":[]}"
00000000000000000d4b,2.17,184.0,212.0,208.0,61.0,2455.0,252.0,833.0,"{""type"":""MultiPoint"",""coordinates"":[]}"
00000000000000000d4c,1.54,184.0,270.0,260.0,61.0,2447.0,299.0,834.0,"{""type"":""MultiPoint"",""coordinates"":[]}"
00000000000000000d4d,1.49,184.0,206.0,260.0,61.0,2454.0,323.0,835.0,"{""type"":""MultiPoint"",""coordinates"":[]}"
00000000000000000d6c,1.17,184.0,93.0,112.0,61.0,2621.0,129.0,866.0,"{""type"":""MultiPoint"",""coordinates"":[]}"
00000000000000000d6d,1.05,184.0,137.0,152.0,61.0,2561.0,160.0,867.0,"{""type"":""MultiPoint"",""coordinates"":[]}"
00000000000000000d6e,1.17,184.0,157.0,175.0,61.0,2624.0,208.0,868.0,"{""type"":""MultiPoint"",""coordinates"":[]}"
00000000000000000d6f,1.73,184.0,158.0,245.0,61.0,2541.0,242.0,869.0,"{""type"":""MultiPoint"",""coordinates"":[]}"
00000000000000000d70,1.62,184.0,251.0,254.0,61.0,2425.0,288.0,870.0,"{""type"":""MultiPoint"",""coordinates"":[]}"
00000000000000000d85,1.38,184.0,212.0,158.0,61.0,2517.0,185.0,891.0,"{""type"":""MultiPoint"",""coordinates"":[]}"
00000000000000000d86,1.15,184.0,213.0,116.0,61.0,2514.0,163.0,892.0,"{""type"":""MultiPoint"",""coordinates"":[]}"
00000000000000000d88,1.1,184.0,171.0,140.0,61.0,2496.0,154.0,894.0,"{""type"":""MultiPoint"",""coordinates"":[]}"
00000000000000000d89,0.67,184.0,203.0,124.0,61.0,2537.0,148.0,895.0,"{""type"":""MultiPoint"",""coordinates"":[]}"
00000000000000000d8a,0.75,184.0,285.0,219.0,61.0,2481.0,224.0,896.0,"{""type"":""MultiPoint"",""coordinates"":[]}"
00000000000000000d8b,0.91,184.0,163.0,139.0,61.0,2497.0,214.0,897.0,"{""type"":""MultiPoint"",""coordinates"":[]}"
00000000000000000d8c,1.01,184.0,226.0,105.0,61.0,2498.0,174.0,898.0,"{""type"":""MultiPoint"",""coordinates"":[]}"
00000000000000000d8d,1.62,184.0,194.0,137.0,61.0,2466.0,203.0,899.0,"{""type"":""MultiPoint"",""coordinates"":[]}"
00000000000000000d8f,2.29,184.0,518.0,184.0,61.0,2116.0,477.0,901.0,"{""type"":""MultiPoint"",""coordinates"":[]}"
00000000000000000d4f,1.38,177.0,26.0,205.0,61.0,2503.0,294.0,837.0,"{""type"":""MultiPoint"",""coordinates"":[]}"
00000000000000000d50,1.62,177.0,127.0,166.0,61.0,2540.0,214.0,838.0,"{""type"":""MultiPoint"",""coordinates"":[]}"
00000000000000000d51,1.86,177.0,226.0,207.0,61.0,2466.0,228.0,839.0,"{""type"":""MultiPoint"",""coordinates"":[]}"
00000000000000000d52,1.34,177.0,255.0,191.0,61.0,2514.0,206.0,840.0,"{""type"":""MultiPoint"",""coordinates"":[]}"
00000000000000000d53,0.69,177.0,225.0,97.0,61.0,2538.0,109.0,841.0,"{""type"":""MultiPoint"",""coordinates"":[]}"
00000000000000000d54,1.19,177.0,172.0,188.0,61.0,2499.0,212.0,842.0,"{""type"":""MultiPoint"",""coordinates"":[]}"
00000000000000000d55,1.61,177.0,114.0,158.0,61.0,2499.0,231.0,843.0,"{""type"":""MultiPoint"",""coordinates"":[]}"
00000000000000000d57,2.22,177.0,420.0,33.0,61.0,2492.0,35.0,845.0,"{""type"":""MultiPoint"",""coordinates"":[]}"
00000000000000000d58,2.37,177.0,581.0,196.0,61.0,2109.0,499.0,846.0,"{""type"":""MultiPoint"",""coordinates"":[]}"
00000000000000000d59,2.29,177.0,522.0,252.0,61.0,2097.0,519.0,847.0,"{""type"":""MultiPoint"",""coordinates"":[]}"
00000000000000000d5a,2.69,177.0,453.0,269.0,61.0,2176.0,464.0,848.0,"{""type"":""MultiPoint"",""coordinates"":[]}"
00000000000000000d5b,2.76,177.0,498.0,226.0,61.0,2217.0,402.0,849.0,"{""type"":""MultiPoint"",""coordinates"":[]}"
00000000000000000d5d,2.34,177.0,436.0,308.0,61.0,2115.0,512.0,851.0,"{""type"":""MultiPoint"",""coordinates"":[]}"
00000000000000000d5e,2.47,177.0,382.0,271.0,61.0,2210.0,495.0,852.0,"{""type"":""MultiPoint"",""coordinates"":[]}"
00000000000000000d5f,2.39,177.0,465.0,245.0,61.0,2139.0,447.0,853.0,"{""type"":""MultiPoint"",""coordinates"":[]}"
00000000000000000d60,2.53,177.0,603.0,300.0,61.0,2028.0,503.0,854.0,"{""type"":""MultiPoint"",""coordinates"":[]}"
00000000000000000d61,2.23,177.0,457.0,279.0,61.0,2172.0,488.0,855.0,"{""type"":""MultiPoint"",""coordinates"":[]}"
00000000000000000d62,2.17,177.0,598.0,300.0,61.0,2030.0,500.0,856.0,"{""type"":""MultiPoint"",""coordinates"":[]}"
00000000000000000d63,2.4,177.0,527.0,307.0,61.0,2103.0,502.0,857.0,"{""type"":""MultiPoint"",""coordinates"":[]}"
00000000000000000d64,2.26,177.0,474.0,234.0,61.0,2202.0,463.0,858.0,"{""type"":""MultiPoint"",""coordinates"":[]}"
00000000000000000d65,2.35,177.0,418.0,297.0,61.0,2192.0,505.0,859.0,"{""type"":""MultiPoint"",""coordinates"":[]}"
00000000000000000d66,2.17,177.0,405.0,253.0,61.0,2245.0,427.0,860.0,"{""type"":""MultiPoint"",""coordinates"":[]}"
00000000000000000d67,0.88,177.0,64.0,138.0,61.0,2589.0,222.0,861.0,"{""type"":""MultiPoint"",""coordinates"":[]}"
00000000000000000d68,0.69,177.0,98.0,107.0,61.0,2588.0,188.0,862.0,"{""type"":""MultiPoint"",""coordinates"":[]}"
00000000000000000d69,1.15,177.0,190.0,134.0,61.0,2512.0,223.0,863.0,"{""type"":""MultiPoint"",""coordinates"":[]}"
00000000000000000d6a,1.16,177.0,94.0,183.0,61.0,2567.0,245.0,864.0,"{""type"":""MultiPoint"",""coordinates"":[]}"
00000000000000000d6b,0.79,177.0,100.0,235.0,61.0,2482.0,335.0,865.0,"{""type"":""MultiPoint"",""coordinates"":[]}"
00000000000000000d41,1.42,185.0,335.0,187.0,61.0,2399.0,269.0,823.0,"{""type"":""MultiPoint"",""coordinates"":[]}"
00000000000000000d42,1.55,185.0,326.0,174.0,61.0,2432.0,254.0,824.0,"{""type"":""MultiPoint"",""coordinates"":[]}"
00000000000000000d43,1.89,185.0,280.0,189.0,61.0,2420.0,240.0,825.0,"{""type"":""MultiPoint"",""coordinates"":[]}"
00000000000000000d44,2.26,185.0,399.0,285.0,61.0,2192.0,467.0,826.0,"{""type"":""MultiPoint"",""coordinates"":[]}"
00000000000000000d45,0.46,185.0,97.0,196.0,61.0,2463.0,247.0,827.0,"{""type"":""MultiPoint"",""coordinates"":[]}"
00000000000000000f47,2.2,57.0,347.0,205.0,61.0,2544.0,286.0,1341.0,"{""type"":""MultiPoint"",""coordinates"":[]}"
00000000000000000f48,2.54,57.0,575.0,312.0,61.0,2202.0,448.0,1342.0,"{""type"":""MultiPoint"",""coordinates"":[]}"
00000000000000000f49,2.23,57.0,548.0,278.0,61.0,2277.0,426.0,1343.0,"{""type"":""MultiPoint"",""coordinates"":[]}"
00000000000000000f4a,2.69,57.0,691.0,294.0,61.0,2080.0,535.0,1344.0,"{""type"":""MultiPoint"",""coordinates"":[]}"
00000000000000000d79,2.55,181.0,721.0,237.0,61.0,2002.0,509.0,879.0,"{""type"":""MultiPoint"",""coordinates"":[]}"
00000000000000000d7a,2.66,181.0,716.0,267.0,61.0,2026.0,500.0,880.0,"{""type"":""MultiPoint"",""coordinates"":[]}"
00000000000000000d7b,2.41,181.0,625.0,295.0,61.0,2029.0,488.0,881.0,"{""type"":""MultiPoint"",""coordinates"":[]}"
00000000000000000d7d,1.41,181.0,275.0,151.0,61.0,2433.0,172.0,883.0,"{""type"":""MultiPoint"",""coordinates"":[]}"
00000000000000000d7e,1.33,181.0,279.0,187.0,61.0,2441.0,224.0,884.0,"{""type"":""MultiPoint"",""coordinates"":[]}"
00000000000000000d7f,1.27,181.0,228.0,159.0,61.0,2461.0,178.0,885.0,"{""type"":""MultiPoint"",""coordinates"":[]}"
00000000000000000d75,1.11,182.0,204.0,117.0,61.0,2481.0,185.0,875.0,"{""type"":""MultiPoint"",""coordinates"":[]}"
00000000000000000d77,2.51,182.0,640.0,228.0,61.0,2082.0,467.0,877.0,"{""type"":""MultiPoint"",""coordinates"":[]}"
00000000000000000d78,2.55,182.0,685.0,277.0,61.0,1966.0,543.0,878.0,"{""type"":""MultiPoint"",""coordinates"":[]}"
00000000000000000d80,1.16,182.0,282.0,119.0,61.0,2460.0,157.0,886.0,"{""type"":""MultiPoint"",""coordinates"":[]}"
00000000000000000d71,2.11,183.0,622.0,208.0,61.0,2038.0,462.0,871.0,"{""type"":""MultiPoint"",""coordinates"":[]}"
00000000000000000d72,2.05,183.0,318.0,198.0,61.0,2395.0,254.0,872.0,"{""type"":""MultiPoint"",""coordinates"":[]}"
00000000000000000d73,1.38,183.0,542.0,225.0,61.0,2144.0,403.0,873.0,"{""type"":""MultiPoint"",""coordinates"":[]}"
00000000000000000d74,1.04,183.0,217.0,118.0,61.0,2487.0,157.0,874.0,"{""type"":""MultiPoint"",""coordinates"":[]}"
00000000000000000d76,2.27,183.0,488.0,241.0,61.0,2259.0,374.0,876.0,"{""type"":""MultiPoint"",""coordinates"":[]}"
00000000000000000d81,1.16,183.0,220.0,126.0,61.0,2481.0,191.0,887.0,"{""type"":""MultiPoint"",""coordinates"":[]}"
00000000000000000d82,1.29,183.0,120.0,123.0,61.0,2546.0,168.0,888.0,"{""type"":""MultiPoint"",""coordinates"":[]}"
00000000000000000d83,0.91,183.0,136.0,108.0,61.0,2519.0,142.0,889.0,"{""type"":""MultiPoint"",""coordinates"":[]}"
00000000000000000d84,1.11,183.0,184.0,139.0,61.0,2509.0,163.0,890.0,"{""type"":""MultiPoint"",""coordinates"":[]}"
00000000000000000d87,0.93,183.0,264.0,158.0,61.0,2481.0,110.0,893.0,"{""type"":""MultiPoint"",""coordinates"":[]}"
00000000000000000fda,2.16,62.0,397.0,98.0,63.0,2365.0,292.0,1488.0,"{""type"":""MultiPoint"",""coordinates"":[]}"
00000000000000000fdb,1.7,62.0,588.0,100.0,63.0,2431.0,343.0,1489.0,"{""type"":""MultiPoint"",""coordinates"":[]}"
00000000000000000fa1,1.06,92.0,473.0,172.0,63.0,2633.0,133.0,1431.0,"{""type"":""MultiPoint"",""coordinates"":[]}"
00000000000000000fa4,2.69,92.0,460.0,257.0,63.0,2345.0,283.0,1434.0,"{""type"":""MultiPoint"",""coordinates"":[]}"
00000000000000000fa5,2.2,92.0,625.0,409.0,63.0,2084.0,389.0,1435.0,"{""type"":""MultiPoint"",""coordinates"":[]}"
00000000000000000fa8,1.94,92.0,602.0,378.0,63.0,2271.0,324.0,1438.0,"{""type"":""MultiPoint"",""coordinates"":[]}"
00000000000000000fae,1.66,92.0,180.0,212.0,63.0,2551.0,194.0,1444.0,"{""type"":""MultiPoint"",""coordinates"":[]}"
00000000000000000faf,2.97,92.0,123.0,290.0,63.0,2292.0,311.0,1445.0,"{""type"":""MultiPoint"",""coordinates"":[]}"
00000000000000000fb0,2.97,92.0,279.0,265.0,63.0,2305.0,279.0,1446.0,"{""type"":""MultiPoint"",""coordinates"":[]}"
00000000000000000fb3,2.34,92.0,456.0,367.0,63.0,2166.0,371.0,1449.0,"{""type"":""MultiPoint"",""coordinates"":[]}"
00000000000000000fb4,2.53,92.0,429.0,373.0,63.0,2125.0,388.0,1450.0,"{""type"":""MultiPoint"",""coordinates"":[]}"
00000000000000000fb5,2.58,92.0,250.0,313.0,63.0,2413.0,271.0,1451.0,"{""type"":""MultiPoint"",""coordinates"":[]}"
00000000000000000fb7,2.07,92.0,507.0,379.0,63.0,2045.0,383.0,1453.0,"{""type"":""MultiPoint"",""coordinates"":[]}"
00000000000000000fb8,2.27,92.0,470.0,424.0,63.0,2027.0,439.0,1454.0,"{""type"":""MultiPoint"",""coordinates"":[]}"
00000000000000000fb9,1.72,92.0,267.0,273.0,63.0,2539.0,192.0,1455.0,"{""type"":""MultiPoint"",""coordinates"":[]}"
00000000000000000fba,2.08,92.0,530.0,373.0,63.0,2223.0,335.0,1456.0,"{""type"":""MultiPoint"",""coordinates"":[]}"
00000000000000000fbb,1.91,92.0,693.0,339.0,63.0,2172.0,318.0,1457.0,"{""type"":""MultiPoint"",""coordinates"":[]}"
00000000000000000fbd,2.3,92.0,314.0,493.0,63.0,2302.0,401.0,1459.0,"{""type"":""MultiPoint"",""coordinates"":[]}"
00000000000000000fbe,2.18,92.0,624.0,345.0,63.0,2177.0,345.0,1460.0,"{""type"":""MultiPoint"",""coordinates"":[]}"
00000000000000000fc0,1.78,92.0,385.0,276.0,63.0,2467.0,214.0,1462.0,"{""type"":""MultiPoint"",""coordinates"":[]}"
00000000000000000fc4,2.36,92.0,410.0,383.0,63.0,2158.0,345.0,1466.0,"{""type"":""MultiPoint"",""coordinates"":[]}"
00000000000000000e3b,1.05,185.0,424.0,145.0,63.0,2591.0,393.0,1073.0,"{""type"":""MultiPoint"",""coordinates"":[]}"
00000000000000000e3d,1.27,185.0,438.0,173.0,63.0,2327.0,267.0,1075.0,"{""type"":""MultiPoint"",""coordinates"":[]}"
00000000000000000e3e,1.16,185.0,317.0,260.0,63.0,2393.0,232.0,1076.0,"{""type"":""MultiPoint"",""coordinates"":[]}"
00000000000000000f9c,2.72,93.0,210.0,243.0,63.0,2408.0,184.0,1426.0,"{""type"":""MultiPoint"",""coordinates"":[]}"
00000000000000000f9d,2.34,93.0,593.0,335.0,63.0,2206.0,324.0,1427.0,"{""type"":""MultiPoint"",""coordinates"":[]}"
00000000000000000f9f,2.23,93.0,471.0,383.0,63.0,2129.0,353.0,1429.0,"{""type"":""MultiPoint"",""coordinates"":[]}"
00000000000000000fa0,1.78,93.0,444.0,187.0,63.0,2549.0,157.0,1430.0,"{""type"":""MultiPoint"",""coordinates"":[]}"
00000000000000000fa2,1.63,93.0,505.0,244.0,63.0,2428.0,221.0,1432.0,"{""type"":""MultiPoint"",""coordinates"":[]}"
00000000000000000fac,1.46,93.0,573.0,310.0,63.0,2316.0,248.0,1442.0,"{""type"":""MultiPoint"",""coordinates"":[]}"
00000000000000000fad,1.95,93.0,477.0,362.0,63.0,2300.0,270.0,1443.0,"{""type"":""MultiPoint"",""coordinates"":[]}"
00000000000000000fb1,1.75,93.0,484.0,264.0,63.0,2477.0,176.0,1447.0,"{""type"":""MultiPoint"",""coordinates"":[]}"
00000000000000000fb2,2.22,93.0,214.0,417.0,63.0,2315.0,324.0,1448.0,"{""type"":""MultiPoint"",""coordinates"":[]}"
00000000000000000fb6,2.2,93.0,472.0,354.0,63.0,2166.0,363.0,1452.0,"{""type"":""MultiPoint"",""coordinates"":[]}"
00000000000000000f94,2.32,97.0,457.0,440.0,63.0,2038.0,389.0,1418.0,"{""type"":""MultiPoint"",""coordinates"":[]}"
00000000000000000f9e,2.08,97.0,542.0,429.0,63.0,2072.0,414.0,1428.0,"{""type"":""MultiPoint"",""coordinates"":[]}"
00000000000000000e46,1.88,186.0,483.0,395.0,63.0,2238.0,434.0,1084.0,"{""type"":""MultiPoint"",""coordinates"":[]}"
00000000000000000e26,2.22,179.0,578.0,326.0,63.0,2153.0,496.0,1052.0,"{""type"":""MultiPoint"",""coordinates"":[]}"
00000000000000000e27,2.23,179.0,595.0,387.0,63.0,2017.0,539.0,1053.0,"{""type"":""MultiPoint"",""coordinates"":[]}"
00000000000000000fd8,1.71,61.0,385.0,118.0,63.0,2497.0,193.0,1486.0,"{""type"":""MultiPoint"",""coordinates"":[]}"
00000000000000000fd9,2.56,61.0,475.0,185.0,63.0,2390.0,314.0,1487.0,"{""type"":""MultiPoint"",""coordinates"":[]}"
00000000000000000faa,1.19,90.0,545.0,148.0,63.0,2600.0,114.0,1440.0,"{""type"":""MultiPoint"",""coordinates"":[]}"
00000000000000000fab,1.31,90.0,550.0,149.0,63.0,2610.0,112.0,1441.0,"{""type"":""MultiPoint"",""coordinates"":[]}"
00000000000000000fcb,2.29,90.0,625.0,377.0,63.0,1997.0,409.0,1473.0,"{""type"":""MultiPoint"",""coordinates"":[]}"
00000000000000000fcc,2.51,90.0,578.0,410.0,63.0,2015.0,420.0,1474.0,"{""type"":""MultiPoint"",""coordinates"":[]}"
00000000000000000fcd,1.98,90.0,820.0,340.0,63.0,2105.0,330.0,1475.0,"{""type"":""MultiPoint"",""coordinates"":[]}"
00000000000000000f9a,1.93,94.0,-38.0,320.0,63.0,2907.0,157.0,1424.0,"{""type"":""MultiPoint"",""coordinates"":[]}"
00000000000000000f92,2.51,98.0,484.0,432.0,63.0,2054.0,431.0,1416.0,"{""type"":""MultiPoint"",""coordinates"":[]}"
00000000000000000f93,2.34,98.0,538.0,431.0,63.0,2044.0,424.0,1417.0,"{""type"":""MultiPoint"",""coordinates"":[]}"
00000000000000000f95,2.43,98.0,488.0,441.0,63.0,2076.0,412.0,1419.0,"{""type"":""MultiPoint"",""coordinates"":[]}"
00000000000000000f96,2.59,98.0,486.0,441.0,63.0,2078.0,413.0,1420.0,"{""type"":""MultiPoint"",""coordinates"":[]}"
00000000000000000e28,0.49,180.0,321.0,20.0,63.0,2671.0,49.0,1054.0,"{""type"":""MultiPoint"",""coordinates"":[]}"
00000000000000000e29,2.8,180.0,726.0,421.0,63.0,1921.0,460.0,1055.0,"{""type"":""MultiPoint"",""coordinates"":[]}"
00000000000000000e3a,2.23,189.0,659.0,295.0,63.0,2126.0,501.0,1072.0,"{""type"":""MultiPoint"",""coordinates"":[]}"
00000000000000000e40,2.79,189.0,592.0,406.0,63.0,2024.0,550.0,1078.0,"{""type"":""MultiPoint"",""coordinates"":[]}"
00000000000000000fa9,2.57,91.0,514.0,367.0,63.0,2209.0,330.0,1439.0,"{""type"":""MultiPoint"",""coordinates"":[]}"
00000000000000000fbc,2.47,91.0,731.0,386.0,63.0,2064.0,348.0,1458.0,"{""type"":""MultiPoint"",""coordinates"":[]}"
00000000000000000fc2,2.11,91.0,354.0,421.0,63.0,2139.0,384.0,1464.0,"{""type"":""MultiPoint"",""coordinates"":[]}"
00000000000000000fc3,2.13,91.0,490.0,398.0,63.0,2164.0,344.0,1465.0,"{""type"":""MultiPoint"",""coordinates"":[]}"
00000000000000000fc5,2.11,91.0,472.0,360.0,63.0,2077.0,366.0,1467.0,"{""type"":""MultiPoint"",""coordinates"":[]}"
00000000000000000fc6,1.92,91.0,649.0,385.0,63.0,2052.0,411.0,1468.0,"{""type"":""MultiPoint"",""coordinates"":[]}"
00000000000000000fc7,2.51,91.0,568.0,393.0,63.0,2029.0,394.0,1469.0,"{""type"":""MultiPoint"",""coordinates"":[]}"
00000000000000000fc9,2.39,91.0,719.0,384.0,63.0,2077.0,343.0,1471.0,"{""type"":""MultiPoint"",""coordinates"":[]}"
00000000000000000f98,1.54,95.0,3.0,525.0,63.0,2640.0,235.0,1422.0,"{""type"":""MultiPoint"",""coordinates"":[]}"
00000000000000000f90,2.6,99.0,403.0,438.0,63.0,1995.0,418.0,1414.0,"{""type"":""MultiPoint"",""coordinates"":[]}"
00000000000000000f91,2.59,99.0,364.0,419.0,63.0,2071.0,449.0,1415.0,"{""type"":""MultiPoint"",""coordinates"":[]}"
00000000000000000e41,2.32,190.0,540.0,249.0,63.0,2361.0,435.0,1079.0,"{""type"":""MultiPoint"",""coordinates"":[]}"
00000000000000000e3c,0.39,191.0,305.0,199.0,63.0,2722.0,208.0,1074.0,"{""type"":""MultiPoint"",""coordinates"":[]}"
00000000000000001126,2.59,240.0,211.0,208.0,66.0,2579.0,229.0,1820.0,"{""type"":""MultiPoint"",""coordinates"":[]}"
00000000000000001127,2.42,240.0,290.0,296.0,66.0,2560.0,279.0,1821.0,"{""type"":""MultiPoint"",""coordinates"":[]}"
00000000000000001113,2.89,242.0,550.0,373.0,66.0,1882.0,555.0,1801.0,"{""type"":""MultiPoint"",""coordinates"":[]}"
00000000000000001114,2.71,242.0,577.0,214.0,66.0,2030.0,495.0,1802.0,"{""type"":""MultiPoint"",""coordinates"":[]}"
00000000000000001115,2.96,242.0,639.0,222.0,66.0,1834.0,582.0,1803.0,"{""type"":""MultiPoint"",""coordinates"":[]}"
00000000000000001132,2.85,227.0,548.0,338.0,66.0,1863.0,546.0,1832.0,"{""type"":""MultiPoint"",""coordinates"":[]}"
00000000000000001133,2.79,227.0,562.0,332.0,66.0,1885.0,540.0,1833.0,"{""type"":""MultiPoint"",""coordinates"":[]}"
00000000000000001134,2.87,227.0,498.0,345.0,66.0,1869.0,524.0,1834.0,"{""type"":""MultiPoint"",""coordinates"":[]}"
00000000000000001135,2.84,227.0,609.0,244.0,66.0,1895.0,515.0,1835.0,"{""type"":""MultiPoint"",""coordinates"":[]}"
00000000000000001136,2.91,227.0,521.0,378.0,66.0,1822.0,566.0,1836.0,"{""type"":""MultiPoint"",""coordinates"":[]}"
00000000000000001137,2.62,227.0,194.0,68.0,66.0,2331.0,231.0,1837.0,"{""type"":""MultiPoint"",""coordinates"":[]}"
00000000000000001139,2.66,227.0,418.0,272.0,66.0,2005.0,477.0,1839.0,"{""type"":""MultiPoint"",""coordinates"":[]}"
0000000000000000113a,2.56,227.0,33.0,46.0,66.0,2525.0,151.0,1840.0,"{""type"":""MultiPoint"",""coordinates"":[]}"
0000000000000000113b,2.81,227.0,506.0,301.0,66.0,2040.0,416.0,1841.0,"{""type"":""MultiPoint"",""coordinates"":[]}"
0000000000000000113c,0.48,227.0,176.0,-94.0,66.0,2734.0,-2.0,1842.0,"{""type"":""MultiPoint"",""coordinates"":[]}"
0000000000000000113d,2.86,227.0,573.0,367.0,66.0,1862.0,568.0,1843.0,"{""type"":""MultiPoint"",""coordinates"":[]}"
0000000000000000113f,1.99,227.0,-89.0,-15.0,66.0,2747.0,73.0,1845.0,"{""type"":""MultiPoint"",""coordinates"":[]}"
00000000000000001140,1.54,227.0,1.0,168.0,66.0,2458.0,156.0,1846.0,"{""type"":""MultiPoint"",""coordinates"":[]}"
00000000000000001141,1.8,227.0,64.0,33.0,66.0,2536.0,110.0,1847.0,"{""type"":""MultiPoint"",""coordinates"":[]}"
00000000000000001119,1.99,228.0,14.0,151.0,66.0,2793.0,175.0,1807.0,"{""type"":""MultiPoint"",""coordinates"":[]}"
0000000000000000111a,1.45,228.0,-26.0,139.0,66.0,2654.0,141.0,1808.0,"{""type"":""MultiPoint"",""coordinates"":[]}"
0000000000000000111b,1.33,228.0,21.0,162.0,66.0,2703.0,173.0,1809.0,"{""type"":""MultiPoint"",""coordinates"":[]}"
0000000000000000111d,1.56,228.0,12.0,173.0,66.0,2588.0,280.0,1811.0,"{""type"":""MultiPoint"",""coordinates"":[]}"
0000000000000000111e,0.77,228.0,77.0,66.0,66.0,2676.0,161.0,1812.0,"{""type"":""MultiPoint"",""coordinates"":[]}"
0000000000000000111f,2.96,228.0,132.0,111.0,66.0,2334.0,305.0,1813.0,"{""type"":""MultiPoint"",""coordinates"":[]}"
00000000000000001122,2.64,228.0,360.0,243.0,66.0,2204.0,390.0,1816.0,"{""type"":""MultiPoint"",""coordinates"":[]}"
00000000000000001124,2.37,228.0,181.0,247.0,66.0,2410.0,319.0,1818.0,"{""type"":""MultiPoint"",""coordinates"":[]}"
00000000000000001125,2.01,228.0,94.0,168.0,66.0,2591.0,152.0,1819.0,"{""type"":""MultiPoint"",""coordinates"":[]}"
00000000000000001117,1.82,229.0,53.0,97.0,66.0,2822.0,167.0,1805.0,"{""type"":""MultiPoint"",""coordinates"":[]}"
00000000000000001118,1.73,229.0,63.0,136.0,66.0,2722.0,190.0,1806.0,"{""type"":""MultiPoint"",""coordinates"":[]}"
00000000000000001131,2.3,238.0,93.0,167.0,66.0,2693.0,192.0,1831.0,"{""type"":""MultiPoint"",""coordinates"":[]}"
00000000000000001128,2.58,239.0,367.0,231.0,66.0,2375.0,294.0,1822.0,"{""type"":""MultiPoint"",""coordinates"":[]}"
00000000000000001129,2.18,239.0,252.0,212.0,66.0,2548.0,238.0,1823.0,"{""type"":""MultiPoint"",""coordinates"":[]}"
0000000000000000112a,2.57,239.0,403.0,282.0,66.0,2411.0,337.0,1824.0,"{""type"":""MultiPoint"",""coordinates"":[]}"
0000000000000000112b,2.27,239.0,312.0,238.0,66.0,2528.0,277.0,1825.0,"{""type"":""MultiPoint"",""coordinates"":[]}"
0000000000000000112c,2.81,239.0,349.0,146.0,66.0,2335.0,298.0,1826.0,"{""type"":""MultiPoint"",""coordinates"":[]}"
0000000000000000112d,2.33,239.0,419.0,124.0,66.0,2306.0,304.0,1827.0,"{""type"":""MultiPoint"",""coordinates"":[]}"
0000000000000000112e,2.89,239.0,-32.0,-15.0,66.0,2608.0,117.0,1828.0,"{""type"":""MultiPoint"",""coordinates"":[]}"
0000000000000000112f,2.63,239.0,-109.0,84.0,66.0,2663.0,130.0,1829.0,"{""type"":""MultiPoint"",""coordinates"":[]}"
00000000000000001130,2.6,239.0,-235.0,73.0,66.0,2837.0,98.0,1830.0,"{""type"":""MultiPoint"",""coordinates"":[]}"
00000000000000001147,2.24,116.0,570.0,227.0,67.0,2373.0,316.0,1853.0,"{""type"":""MultiPoint"",""coordinates"":[]}"
00000000000000001148,2.22,116.0,840.0,399.0,67.0,2112.0,440.0,1854.0,"{""type"":""MultiPoint"",""coordinates"":[]}"
00000000000000001149,2.02,116.0,812.0,358.0,67.0,2229.0,407.0,1855.0,"{""type"":""MultiPoint"",""coordinates"":[]}"
0000000000000000114a,2.02,116.0,778.0,355.0,67.0,2191.0,386.0,1856.0,"{""type"":""MultiPoint"",""coordinates"":[]}"
0000000000000000114e,0.62,116.0,84.0,145.0,67.0,2646.0,181.0,1860.0,"{""type"":""MultiPoint"",""coordinates"":[]}"
0000000000000000114f,1.36,116.0,205.0,138.0,67.0,2554.0,210.0,1861.0,"{""type"":""MultiPoint"",""coordinates"":[]}"
00000000000000001151,1.08,116.0,73.0,82.0,67.0,2724.0,113.0,1863.0,"{""type"":""MultiPoint"",""coordinates"":[]}"
00000000000000001152,1.75,116.0,285.0,120.0,67.0,2528.0,230.0,1864.0,"{""type"":""MultiPoint"",""coordinates"":[]}"
00000000000000001154,1.54,116.0,340.0,155.0,67.0,2582.0,193.0,1866.0,"{""type"":""MultiPoint"",""coordinates"":[]}"
00000000000000001157,1.64,116.0,456.0,129.0,67.0,2521.0,209.0,1869.0,"{""type"":""MultiPoint"",""coordinates"":[]}"
0000000000000000115d,1.99,116.0,415.0,306.0,67.0,2264.0,391.0,1875.0,"{""type"":""MultiPoint"",""coordinates"":[]}"
0000000000000000115f,2.36,116.0,398.0,344.0,67.0,2179.0,440.0,1877.0,"{""type"":""MultiPoint"",""coordinates"":[]}"
00000000000000001160,2.2,116.0,422.0,308.0,67.0,2290.0,402.0,1878.0,"{""type"":""MultiPoint"",""coordinates"":[]}"
00000000000000001161,2.04,116.0,434.0,330.0,67.0,2078.0,485.0,1879.0,"{""type"":""MultiPoint"",""coordinates"":[]}"
0000000000000000116d,2.39,116.0,709.0,412.0,67.0,2080.0,409.0,1891.0,"{""type"":""MultiPoint"",""coordinates"":[]}"
00000000000000001170,2.65,116.0,387.0,156.0,67.0,2338.0,172.0,1894.0,"{""type"":""MultiPoint"",""coordinates"":[]}"
00000000000000001171,2.26,116.0,330.0,153.0,67.0,2417.0,162.0,1895.0,"{""type"":""MultiPoint"",""coordinates"":[]}"
00000000000000001172,2.63,116.0,283.0,152.0,67.0,2456.0,114.0,1896.0,"{""type"":""MultiPoint"",""coordinates"":[]}"
0000000000000000119e,1.79,293.0,70.0,145.0,67.0,2643.0,226.0,1940.0,"{""type"":""MultiPoint"",""coordinates"":[]}"
0000000000000000119f,2.1,293.0,84.0,89.0,67.0,2690.0,196.0,1941.0,"{""type"":""MultiPoint"",""coordinates"":[]}"
000000000000000011a0,1.63,293.0,32.0,59.0,67.0,2758.0,122.0,1942.0,"{""type"":""MultiPoint"",""coordinates"":[]}"
000000000000000011a1,2.06,293.0,-31.0,81.0,67.0,2704.0,200.0,1943.0,"{""type"":""MultiPoint"",""coordinates"":[]}"
000000000000000011a3,0.71,293.0,-23.0,5.0,67.0,2674.0,25.0,1945.0,"{""type"":""MultiPoint"",""coordinates"":[]}"
0000000000000000119c,1.79,294.0,-14.0,56.0,67.0,2670.0,123.0,1938.0,"{""type"":""MultiPoint"",""coordinates"":[]}"
0000000000000000119d,2.56,294.0,-8.0,142.0,67.0,2715.0,223.0,1939.0,"{""type"":""MultiPoint"",""coordinates"":[]}"
0000000000000000118b,1.48,114.0,798.0,266.0,67.0,2171.0,370.0,1921.0,"{""type"":""MultiPoint"",""coordinates"":[]}"
0000000000000000114b,2.1,115.0,526.0,327.0,67.0,2247.0,410.0,1857.0,"{""type"":""MultiPoint"",""coordinates"":[]}"
0000000000000000114d,1.56,115.0,376.0,187.0,67.0,2489.0,266.0,1859.0,"{""type"":""MultiPoint"",""coordinates"":[]}"
00000000000000001150,1.48,115.0,272.0,135.0,67.0,2562.0,221.0,1862.0,"{""type"":""MultiPoint"",""coordinates"":[]}"
00000000000000001155,1.96,115.0,210.0,126.0,67.0,2536.0,247.0,1867.0,"{""type"":""MultiPoint"",""coordinates"":[]}"
00000000000000001156,1.8,115.0,448.0,156.0,67.0,2481.0,236.0,1868.0,"{""type"":""MultiPoint"",""coordinates"":[]}"
00000000000000001158,1.48,115.0,163.0,175.0,67.0,2632.0,205.0,1870.0,"{""type"":""MultiPoint"",""coordinates"":[]}"
0000000000000000115c,1.75,115.0,193.0,157.0,67.0,2715.0,182.0,1874.0,"{""type"":""MultiPoint"",""coordinates"":[]}"
00000000000000001162,1.81,115.0,692.0,453.0,67.0,2115.0,464.0,1880.0,"{""type"":""MultiPoint"",""coordinates"":[]}"
00000000000000001163,2.13,115.0,718.0,382.0,67.0,2157.0,455.0,1881.0,"{""type"":""MultiPoint"",""coordinates"":[]}"
00000000000000001164,1.18,115.0,-702.0,-67.0,67.0,2848.0,202.0,1882.0,"{""type"":""MultiPoint"",""coordinates"":[]}"
00000000000000001166,1.96,115.0,388.0,339.0,67.0,2314.0,366.0,1884.0,"{""type"":""MultiPoint"",""coordinates"":[]}"
00000000000000001167,2.29,115.0,48.0,247.0,67.0,2170.0,451.0,1885.0,"{""type"":""MultiPoint"",""coordinates"":[]}"
00000000000000001168,2.1,115.0,27.0,200.0,67.0,2137.0,485.0,1886.0,"{""type"":""MultiPoint"",""coordinates"":[]}"
00000000000000001169,2.01,115.0,326.0,360.0,67.0,2250.0,435.0,1887.0,"{""type"":""MultiPoint"",""coordinates"":[]}"
00000000000000001174,2.49,115.0,-49.0,164.0,67.0,2451.0,249.0,1898.0,"{""type"":""MultiPoint"",""coordinates"":[]}"
00000000000000001175,2.22,115.0,392.0,270.0,67.0,2019.0,515.0,1899.0,"{""type"":""MultiPoint"",""coordinates"":[]}"
00000000000000001176,2.55,115.0,189.0,244.0,67.0,2544.0,228.0,1900.0,"{""type"":""MultiPoint"",""coordinates"":[]}"
00000000000000001177,2.25,115.0,873.0,329.0,67.0,2140.0,383.0,1901.0,"{""type"":""MultiPoint"",""coordinates"":[]}"
00000000000000001179,2.7,115.0,160.0,281.0,67.0,2561.0,219.0,1903.0,"{""type"":""MultiPoint"",""coordinates"":[]}"
0000000000000000117a,2.29,115.0,987.0,347.0,67.0,2064.0,434.0,1904.0,"{""type"":""MultiPoint"",""coordinates"":[]}"
0000000000000000117b,2.8,115.0,248.0,248.0,67.0,2466.0,206.0,1905.0,"{""type"":""MultiPoint"",""coordinates"":[]}"
0000000000000000117c,2.68,115.0,478.0,303.0,67.0,2301.0,225.0,1906.0,"{""type"":""MultiPoint"",""coordinates"":[]}"
0000000000000000117d,2.01,115.0,745.0,312.0,67.0,2304.0,302.0,1907.0,"{""type"":""MultiPoint"",""coordinates"":[]}"
0000000000000000117e,1.57,115.0,559.0,184.0,67.0,2460.0,224.0,1908.0,"{""type"":""MultiPoint"",""coordinates"":[]}"
00000000000000001180,2.36,115.0,731.0,357.0,67.0,2225.0,341.0,1910.0,"{""type"":""MultiPoint"",""coordinates"":[]}"
00000000000000001181,2.08,115.0,731.0,336.0,67.0,2205.0,379.0,1911.0,"{""type"":""MultiPoint"",""coordinates"":[]}"
00000000000000001182,2.09,115.0,869.0,396.0,67.0,2096.0,410.0,1912.0,"{""type"":""MultiPoint"",""coordinates"":[]}"
00000000000000001183,2.43,115.0,310.0,340.0,67.0,2366.0,240.0,1913.0,"{""type"":""MultiPoint"",""coordinates"":[]}"
00000000000000001184,1.98,115.0,56.0,317.0,67.0,2787.0,227.0,1914.0,"{""type"":""MultiPoint"",""coordinates"":[]}"
00000000000000001185,2.18,115.0,299.0,306.0,67.0,2497.0,250.0,1915.0,"{""type"":""MultiPoint"",""coordinates"":[]}"
00000000000000001186,1.69,115.0,549.0,284.0,67.0,2383.0,298.0,1916.0,"{""type"":""MultiPoint"",""coordinates"":[]}"
00000000000000001187,2.46,115.0,426.0,319.0,67.0,2293.0,310.0,1917.0,"{""type"":""MultiPoint"",""coordinates"":[]}"
00000000000000001188,1.54,115.0,303.0,122.0,67.0,2585.0,163.0,1918.0,"{""type"":""MultiPoint"",""coordinates"":[]}"
00000000000000001189,1.66,115.0,589.0,173.0,67.0,2358.0,267.0,1919.0,"{""type"":""MultiPoint"",""coordinates"":[]}"
0000000000000000118a,2.25,115.0,85.0,390.0,67.0,2673.0,249.0,1920.0,"{""type"":""MultiPoint"",""coordinates"":[]}"
000000000000000011aa,2.35,301.0,458.0,223.0,67.0,2254.0,410.0,1952.0,"{""type"":""MultiPoint"",""coordinates"":[]}"
000000000000000011ab,2.1,301.0,416.0,183.0,67.0,2314.0,390.0,1953.0,"{""type"":""MultiPoint"",""coordinates"":[]}"
000000000000000011ac,2.9,301.0,626.0,270.0,67.0,1929.0,517.0,1954.0,"{""type"":""MultiPoint"",""coordinates"":[]}"
000000000000000011ae,2.53,301.0,498.0,180.0,67.0,2188.0,434.0,1956.0,"{""type"":""MultiPoint"",""coordinates"":[]}"
000000000000000011af,2.2,301.0,438.0,92.0,67.0,2302.0,402.0,1957.0,"{""type"":""MultiPoint"",""coordinates"":[]}"
000000000000000011b1,2.82,301.0,413.0,323.0,67.0,2033.0,494.0,1959.0,"{""type"":""MultiPoint"",""coordinates"":[]}"
000000000000000011b3,2.09,301.0,332.0,74.0,67.0,2531.0,296.0,1961.0,"{""type"":""MultiPoint"",""coordinates"":[]}"
000000000000000011b5,2.1,301.0,333.0,134.0,67.0,2465.0,349.0,1963.0,"{""type"":""MultiPoint"",""coordinates"":[]}"
000000000000000011b6,2.25,301.0,150.0,258.0,67.0,2399.0,285.0,1964.0,"{""type"":""MultiPoint"",""coordinates"":[]}"
000000000000000011b8,1.34,301.0,351.0,146.0,67.0,2576.0,297.0,1966.0,"{""type"":""MultiPoint"",""coordinates"":[]}"
000000000000000011b9,1.85,301.0,490.0,230.0,67.0,2207.0,404.0,1967.0,"{""type"":""MultiPoint"",""coordinates"":[]}"
000000000000000011bc,2.7,301.0,578.0,302.0,67.0,1921.0,556.0,1970.0,"{""type"":""MultiPoint"",""coordinates"":[]}"
000000000000000011bd,2.53,301.0,533.0,318.0,67.0,1980.0,515.0,1971.0,"{""type"":""MultiPoint"",""coordinates"":[]}"
000000000000000011be,2.66,301.0,574.0,355.0,67.0,1912.0,568.0,1972.0,"{""type"":""MultiPoint"",""coordinates"":[]}"
0000000000000000118d,2.78,302.0,557.0,340.0,67.0,1937.0,573.0,1923.0,"{""type"":""MultiPoint"",""coordinates"":[]}"
0000000000000000118e,2.64,302.0,620.0,364.0,67.0,1920.0,569.0,1924.0,"{""type"":""MultiPoint"",""coordinates"":[]}"
0000000000000000118f,2.73,302.0,560.0,361.0,67.0,1978.0,555.0,1925.0,"{""type"":""MultiPoint"",""coordinates"":[]}"
00000000000000001191,2.62,302.0,623.0,365.0,67.0,1891.0,582.0,1927.0,"{""type"":""MultiPoint"",""coordinates"":[]}"
00000000000000001192,2.67,302.0,626.0,362.0,67.0,1874.0,558.0,1928.0,"{""type"":""MultiPoint"",""coordinates"":[]}"
00000000000000001194,2.3,302.0,565.0,339.0,67.0,1964.0,573.0,1930.0,"{""type"":""MultiPoint"",""coordinates"":[]}"
00000000000000001195,2.61,302.0,551.0,333.0,67.0,1980.0,535.0,1931.0,"{""type"":""MultiPoint"",""coordinates"":[]}"
00000000000000001196,2.67,302.0,571.0,404.0,67.0,1873.0,564.0,1932.0,"{""type"":""MultiPoint"",""coordinates"":[]}"
00000000000000001198,2.54,302.0,513.0,362.0,67.0,1978.0,555.0,1934.0,"{""type"":""MultiPoint"",""coordinates"":[]}"
00000000000000001197,2.69,303.0,518.0,376.0,67.0,1897.0,580.0,1933.0,"{""type"":""MultiPoint"",""coordinates"":[]}"
00000000000000001199,2.29,303.0,464.0,264.0,67.0,2132.0,459.0,1935.0,"{""type"":""MultiPoint"",""coordinates"":[]}"
0000000000000000119a,2.96,303.0,604.0,305.0,67.0,1924.0,541.0,1936.0,"{""type"":""MultiPoint"",""coordinates"":[]}"
0000000000000000119b,2.46,303.0,602.0,317.0,67.0,1914.0,557.0,1937.0,"{""type"":""MultiPoint"",""coordinates"":[]}"
00000000000000001d42,0.0,144.0,-26.0,-17.0,30.0,2897.0,18.0,4954.0,"{""type"":""MultiPoint"",""coordinates"":[]}"
00000000000000001d7e,0.0,145.0,-244.0,-107.0,30.0,3371.0,-29.0,5014.0,"{""type"":""MultiPoint"",""coordinates"":[]}"
00000000000000001d81,0.0,145.0,84.0,-76.0,30.0,3132.0,-71.0,5017.0,"{""type"":""MultiPoint"",""coordinates"":[]}"
00000000000000001e09,0.0,145.0,3.0,-17.0,30.0,2996.0,-4.0,5153.0,"{""type"":""MultiPoint"",""coordinates"":[]}"
00000000000000001e0b,0.0,145.0,-120.0,54.0,30.0,3301.0,45.0,5155.0,"{""type"":""MultiPoint"",""coordinates"":[]}"
00000000000000001d2d,0.0,146.0,12.0,62.0,30.0,2961.0,24.0,4933.0,"{""type"":""MultiPoint"",""coordinates"":[]}"
00000000000000001d43,0.0,146.0,-84.0,-12.0,30.0,2875.0,8.0,4955.0,"{""type"":""MultiPoint"",""coordinates"":[]}"
00000000000000001d80,0.0,146.0,53.0,-31.0,30.0,2865.0,-16.0,5016.0,"{""type"":""MultiPoint"",""coordinates"":[]}"
00000000000000001d82,0.0,146.0,79.0,-66.0,30.0,2886.0,-42.0,5018.0,"{""type"":""MultiPoint"",""coordinates"":[]}"
00000000000000001d94,0.0,146.0,150.0,-53.0,30.0,2853.0,-8.0,5036.0,"{""type"":""MultiPoint"",""coordinates"":[]}"
00000000000000001d93,0.0,147.0,36.0,-53.0,30.0,3076.0,-81.0,5035.0,"{""type"":""MultiPoint"",""coordinates"":[]}"
00000000000000001dae,0.0,147.0,-52.0,-102.0,30.0,3122.0,-53.0,5062.0,"{""type"":""MultiPoint"",""coordinates"":[]}"
00000000000000001daf,0.0,147.0,101.0,-66.0,30.0,2902.0,12.0,5063.0,"{""type"":""MultiPoint"",""coordinates"":[]}"
00000000000000001e0a,0.0,141.0,-18.0,22.0,30.0,3252.0,36.0,5154.0,"{""type"":""MultiPoint"",""coordinates"":[]}"
00000000000000001d7f,0.0,142.0,-18.0,-72.0,30.0,2913.0,-77.0,5015.0,"{""type"":""MultiPoint"",""coordinates"":[]}"
00000000000000001e08,0.0,142.0,-23.0,31.0,30.0,3121.0,7.0,5152.0,"{""type"":""MultiPoint"",""coordinates"":[]}"
00000000000000001d83,0.0,143.0,186.0,-29.0,30.0,2988.0,-28.0,5019.0,"{""type"":""MultiPoint"",""coordinates"":[]}"
00000000000000001e07,0.0,143.0,47.0,79.0,30.0,3276.0,26.0,5151.0,"{""type"":""MultiPoint"",""coordinates"":[]}"
00000000000000001e0c,0.0,143.0,86.0,75.0,30.0,3110.0,47.0,5156.0,"{""type"":""MultiPoint"",""coordinates"":[]}"
00000000000000001e0d,0.0,143.0,97.0,69.0,30.0,3156.0,40.0,5157.0,"{""type"":""MultiPoint"",""coordinates"":[]}"
000000000000000003e0,0.0,38.0,123.0,-26.0,36.0,2881.0,-12.0,6497.0,"{""type"":""MultiPoint"",""coordinates"":[]}"
000000000000000003e3,0.0,40.0,-45.0,-36.0,36.0,2988.0,-14.0,6500.0,"{""type"":""MultiPoint"",""coordinates"":[]}"
000000000000000002fd,0.0,54.0,16.0,-119.0,36.0,3144.0,-76.0,6270.0,"{""type"":""MultiPoint"",""coordinates"":[]}"
000000000000000003e6,0.0,60.0,-10.0,-21.0,36.0,2862.0,11.0,6503.0,"{""type"":""MultiPoint"",""coordinates"":[]}"
000000000000000003e4,0.0,62.0,12.0,-22.0,36.0,2843.0,10.0,6501.0,"{""type"":""MultiPoint"",""coordinates"":[]}"
000000000000000003b5,0.0,68.0,-5.0,-8.0,36.0,2848.0,-17.0,6454.0,"{""type"":""MultiPoint"",""coordinates"":[]}"
00000000000000000412,0.0,120.0,-90.0,13.0,36.0,3046.0,10.0,6547.0,"{""type"":""MultiPoint"",""coordinates"":[]}"
0000000000000000040f,0.0,124.0,-14.0,55.0,36.0,2991.0,27.0,6544.0,"{""type"":""MultiPoint"",""coordinates"":[]}"
00000000000000001bde,0.0,448.0,4.0,31.0,36.0,2379.0,5.0,4598.0,"{""type"":""MultiPoint"",""coordinates"":[]}"
00000000000000001614,0.0,512.0,-9.0,15.0,36.0,2349.0,2.0,3116.0,"{""type"":""MultiPoint"",""coordinates"":[]}"
00000000000000001365,0.0,576.0,-36.0,51.0,36.0,2523.0,3.0,2395.0,"{""type"":""MultiPoint"",""coordinates"":[]}"
00000000000000001342,0.0,736.0,38.0,51.0,36.0,2443.0,38.0,2360.0,"{""type"":""MultiPoint"",""coordinates"":[]}"
0000000000000000131a,0.0,832.0,-16.0,4.0,36.0,2388.0,7.0,2320.0,"{""type"":""MultiPoint"",""coordinates"":[]}"
0000000000000000142f,0.0,1152.0,203.0,21.0,36.0,2414.0,40.0,2597.0,"{""type"":""MultiPoint"",""coordinates"":[]}"
00000000000000001bc5,0.0,401.0,74.0,-19.0,36.0,2335.0,16.0,4573.0,"{""type"":""MultiPoint"",""coordinates"":[]}"
0000000000000000149e,0.0,497.0,113.0,-37.0,36.0,2571.0,26.0,2708.0,"{""type"":""MultiPoint"",""coordinates"":[]}"
00000000000000001600,0.0,738.0,-26.0,6.0,36.0,2282.0,14.0,3096.0,"{""type"":""MultiPoint"",""coordinates"":[]}"
00000000000000001c00,0.0,579.0,-9.0,1.0,36.0,2459.0,-6.0,4632.0,"{""type"":""MultiPoint"",""coordinates"":[]}"
000000000000000013f6,0.0,643.0,-32.0,-13.0,36.0,2488.0,42.0,2540.0,"{""type"":""MultiPoint"",""coordinates"":[]}"
000000000000000013fb,0.0,643.0,32.0,6.0,36.0,2513.0,30.0,2545.0,"{""type"":""MultiPoint"",""coordinates"":[]}"
00000000000000001582,0.0,643.0,98.0,19.0,36.0,2456.0,34.0,2936.0,"{""type"":""MultiPoint"",""coordinates"":[]}"
00000000000000001bc3,0.0,402.0,97.0,40.0,36.0,2481.0,66.0,4571.0,"{""type"":""MultiPoint"",""coordinates"":[]}"
000000000000000014d9,0.0,482.0,228.0,3.0,36.0,2667.0,49.0,2767.0,"{""type"":""MultiPoint"",""coordinates"":[]}"
000000000000000014ee,0.0,498.0,172.0,7.0,36.0,2676.0,41.0,2788.0,"{""type"":""MultiPoint"",""coordinates"":[]}"
000000000000000014f5,0.0,498.0,186.0,12.0,36.0,2555.0,28.0,2795.0,"{""type"":""MultiPoint"",""coordinates"":[]}"
00000000000000001c0d,0.0,549.0,-7.0,3.0,36.0,2322.0,10.0,4645.0,"{""type"":""MultiPoint"",""coordinates"":[]}"
000000000000000013f4,0.0,613.0,17.0,-14.0,36.0,2479.0,30.0,2538.0,"{""type"":""MultiPoint"",""coordinates"":[]}"
00000000000000001583,0.0,645.0,54.0,60.0,36.0,2357.0,-5.0,2937.0,"{""type"":""MultiPoint"",""coordinates"":[]}"
00000000000000001bda,0.0,387.0,31.0,-4.0,36.0,2435.0,11.0,4594.0,"{""type"":""MultiPoint"",""coordinates"":[]}"
000000000000000014fb,0.0,483.0,48.0,31.0,36.0,2540.0,18.0,2801.0,"{""type"":""MultiPoint"",""coordinates"":[]}"
00000000000000001bff,0.0,550.0,-30.0,-3.0,36.0,2441.0,20.0,4631.0,"{""type"":""MultiPoint"",""coordinates"":[]}"
00000000000000001272,0.0,646.0,-29.0,-31.0,36.0,2543.0,45.0,2152.0,"{""type"":""MultiPoint"",""coordinates"":[]}"
0000000000000000137a,0.0,678.0,97.0,39.0,36.0,2417.0,99.0,2416.0,"{""type"":""MultiPoint"",""coordinates"":[]}"
0000000000000000156c,0.0,710.0,117.0,38.0,36.0,2700.0,89.0,2914.0,"{""type"":""MultiPoint"",""coordinates"":[]}"
00000000000000001248,0.0,774.0,75.0,10.0,36.0,2520.0,19.0,2110.0,"{""type"":""MultiPoint"",""coordinates"":[]}"
0000000000000000120b,0.0,902.0,52.0,30.0,36.0,2473.0,56.0,2049.0,"{""type"":""MultiPoint"",""coordinates"":[]}"
00000000000000001406,0.0,902.0,4.0,8.0,36.0,2666.0,4.0,2556.0,"{""type"":""MultiPoint"",""coordinates"":[]}"
00000000000000001ac7,0.0,583.0,-68.0,90.0,36.0,2530.0,91.0,4319.0,"{""type"":""MultiPoint"",""coordinates"":[]}"
00000000000000001574,0.0,679.0,84.0,14.0,36.0,2394.0,27.0,2922.0,"{""type"":""MultiPoint"",""coordinates"":[]}"
00000000000000001540,0.0,775.0,-25.0,1.0,36.0,2701.0,-4.0,2870.0,"{""type"":""MultiPoint"",""coordinates"":[]}"
00000000000000001529,0.0,967.0,-58.0,-20.0,36.0,2730.0,-11.0,2847.0,"{""type"":""MultiPoint"",""coordinates"":[]}"
000000000000000003de,0.0,65.0,41.0,-10.0,36.0,2944.0,8.0,6495.0,"{""type"":""MultiPoint"",""coordinates"":[]}"
000000000000000003df,0.0,65.0,137.0,47.0,36.0,3007.0,53.0,6496.0,"{""type"":""MultiPoint"",""coordinates"":[]}"
00000000000000000411,0.0,113.0,5.0,-6.0,36.0,3015.0,-22.0,6546.0,"{""type"":""MultiPoint"",""coordinates"":[]}"
00000000000000000410,0.0,117.0,-9.0,-20.0,36.0,2922.0,-26.0,6545.0,"{""type"":""MultiPoint"",""coordinates"":[]}"
00000000000000001bce,0.0,420.0,13.0,-23.0,36.0,2415.0,-2.0,4582.0,"{""type"":""MultiPoint"",""coordinates"":[]}"
000000000000000014b6,0.0,552.0,110.0,10.0,36.0,2508.0,15.0,2732.0,"{""type"":""MultiPoint"",""coordinates"":[]}"
0000000000000000147f,0.0,584.0,304.0,4.0,36.0,2438.0,76.0,2677.0,"{""type"":""MultiPoint"",""coordinates"":[]}"
000000000000000013f5,0.0,616.0,47.0,3.0,36.0,2533.0,11.0,2539.0,"{""type"":""MultiPoint"",""coordinates"":[]}"
000000000000000015ff,0.0,680.0,-32.0,2.0,36.0,2762.0,-20.0,3095.0,"{""type"":""MultiPoint"",""coordinates"":[]}"
0000000000000000156d,0.0,808.0,-28.0,32.0,36.0,2668.0,15.0,2915.0,"{""type"":""MultiPoint"",""coordinates"":[]}"
00000000000000001202,0.0,840.0,-44.0,-16.0,36.0,2567.0,-23.0,2040.0,"{""type"":""MultiPoint"",""coordinates"":[]}"
00000000000000001206,0.0,872.0,-80.0,-32.0,36.0,2618.0,-8.0,2044.0,"{""type"":""MultiPoint"",""coordinates"":[]}"
00000000000000001437,0.0,1169.0,31.0,17.0,36.0,2435.0,22.0,2605.0,"{""type"":""MultiPoint"",""coordinates"":[]}"
00000000000000001438,0.0,1169.0,53.0,34.0,36.0,2454.0,36.0,2606.0,"{""type"":""MultiPoint"",""coordinates"":[]}"
000000000000000013db,0.0,521.0,105.0,64.0,36.0,2521.0,1.0,2513.0,"{""type"":""MultiPoint"",""coordinates"":[]}"
000000000000000015fe,0.0,521.0,-13.0,0.0,36.0,2386.0,8.0,3094.0,"{""type"":""MultiPoint"",""coordinates"":[]}"
00000000000000001a71,0.0,521.0,-22.0,35.0,36.0,2443.0,-3.0,4233.0,"{""type"":""MultiPoint"",""coordinates"":[]}"
00000000000000001454,0.0,585.0,2.0,-10.0,36.0,2391.0,-28.0,2634.0,"{""type"":""MultiPoint"",""coordinates"":[]}"
00000000000000001490,0.0,522.0,17.0,-33.0,36.0,2540.0,55.0,2694.0,"{""type"":""MultiPoint"",""coordinates"":[]}"
000000000000000014a2,0.0,522.0,129.0,14.0,36.0,2507.0,-34.0,2712.0,"{""type"":""MultiPoint"",""coordinates"":[]}"
00000000000000001506,0.0,554.0,68.0,35.0,36.0,2456.0,40.0,2812.0,"{""type"":""MultiPoint"",""coordinates"":[]}"
000000000000000015f7,0.0,554.0,-24.0,4.0,36.0,2557.0,-7.0,3087.0,"{""type"":""MultiPoint"",""coordinates"":[]}"
000000000000000013fc,0.0,618.0,19.0,12.0,36.0,2445.0,28.0,2546.0,"{""type"":""MultiPoint"",""coordinates"":[]}"
000000000000000014a1,0.0,523.0,70.0,3.0,36.0,2527.0,-24.0,2711.0,"{""type"":""MultiPoint"",""coordinates"":[]}"
00000000000000001357,0.0,843.0,-48.0,41.0,36.0,2621.0,22.0,2381.0,"{""type"":""MultiPoint"",""coordinates"":[]}"
00000000000000001278,0.0,875.0,62.0,2.0,36.0,2558.0,-10.0,2158.0,"{""type"":""MultiPoint"",""coordinates"":[]}"
0000000000000000131b,0.0,875.0,55.0,-76.0,36.0,2623.0,9.0,2321.0,"{""type"":""MultiPoint"",""coordinates"":[]}"
0000000000000000143b,0.0,1174.0,30.0,28.0,36.0,2450.0,37.0,2609.0,"{""type"":""MultiPoint"",""coordinates"":[]}"
00000000000000001bd1,0.0,406.0,0.0,-14.0,36.0,2417.0,12.0,4585.0,"{""type"":""MultiPoint"",""coordinates"":[]}"
000000000000000014db,0.0,486.0,119.0,16.0,36.0,2492.0,-3.0,2769.0,"{""type"":""MultiPoint"",""coordinates"":[]}"
0000000000000000144f,0.0,556.0,99.0,-4.0,36.0,2585.0,10.0,2629.0,"{""type"":""MultiPoint"",""coordinates"":[]}"
0000000000000000139e,0.0,620.0,21.0,-1.0,36.0,2573.0,20.0,2452.0,"{""type"":""MultiPoint"",""coordinates"":[]}"
000000000000000012ab,0.0,780.0,17.0,3.0,36.0,2558.0,-22.0,2209.0,"{""type"":""MultiPoint"",""coordinates"":[]}"
0000000000000000122d,0.0,972.0,-100.0,-25.0,36.0,2552.0,-45.0,2083.0,"{""type"":""MultiPoint"",""coordinates"":[]}"
00000000000000001276,0.0,653.0,5.0,-32.0,36.0,2732.0,23.0,2156.0,"{""type"":""MultiPoint"",""coordinates"":[]}"
000000000000000015da,0.0,685.0,-44.0,7.0,36.0,2565.0,-28.0,3058.0,"{""type"":""MultiPoint"",""coordinates"":[]}"
0000000000000000023d,0.0,845.0,54.0,-15.0,36.0,2374.0,-14.0,6078.0,"{""type"":""MultiPoint"",""coordinates"":[]}"
00000000000000001bc8,0.0,423.0,42.0,-14.0,36.0,2528.0,-5.0,4576.0,"{""type"":""MultiPoint"",""coordinates"":[]}"
00000000000000001618,0.0,487.0,-17.0,-61.0,36.0,2726.0,-99.0,3120.0,"{""type"":""MultiPoint"",""coordinates"":[]}"
00000000000000001617,0.0,526.0,-39.0,68.0,36.0,2936.0,65.0,3119.0,"{""type"":""MultiPoint"",""coordinates"":[]}"
0000000000000000139d,0.0,590.0,32.0,21.0,36.0,2489.0,-10.0,2451.0,"{""type"":""MultiPoint"",""coordinates"":[]}"
0000000000000000157e,0.0,622.0,47.0,17.0,36.0,2390.0,4.0,2932.0,"{""type"":""MultiPoint"",""coordinates"":[]}"
0000000000000000139a,0.0,654.0,100.0,-8.0,36.0,2433.0,55.0,2448.0,"{""type"":""MultiPoint"",""coordinates"":[]}"
000000000000000014c9,0.0,559.0,-25.0,7.0,36.0,2504.0,21.0,2751.0,"{""type"":""MultiPoint"",""coordinates"":[]}"
0000000000000000135a,0.0,655.0,-91.0,-5.0,36.0,2531.0,39.0,2384.0,"{""type"":""MultiPoint"",""coordinates"":[]}"
00000000000000001b05,0.0,719.0,63.0,-32.0,36.0,2687.0,10.0,4381.0,"{""type"":""MultiPoint"",""coordinates"":[]}"
00000000000000001229,0.0,975.0,-56.0,-16.0,36.0,2577.0,18.0,2079.0,"{""type"":""MultiPoint"",""coordinates"":[]}"
000000000000000003e1,0.0,39.0,20.0,-27.0,36.0,3080.0,-14.0,6498.0,"{""type"":""MultiPoint"",""coordinates"":[]}"
000000000000000003e2,0.0,39.0,-9.0,-32.0,36.0,3039.0,-2.0,6499.0,"{""type"":""MultiPoint"",""coordinates"":[]}"
000000000000000003e5,0.0,61.0,56.0,-34.0,36.0,2904.0,0.0,6502.0,"{""type"":""MultiPoint"",""coordinates"":[]}"
00000000000000001499,0.0,456.0,115.0,-19.0,36.0,2578.0,-2.0,2703.0,"{""type"":""MultiPoint"",""coordinates"":[]}"
000000000000000013f8,0.0,624.0,70.0,11.0,36.0,2444.0,53.0,2542.0,"{""type"":""MultiPoint"",""coordinates"":[]}"
00000000000000001508,0.0,624.0,83.0,-2.0,36.0,2504.0,24.0,2814.0,"{""type"":""MultiPoint"",""coordinates"":[]}"
000000000000000015ba,0.0,624.0,17.0,-14.0,36.0,2625.0,-15.0,3026.0,"{""type"":""MultiPoint"",""coordinates"":[]}"
000000000000000013d3,0.0,656.0,11.0,36.0,36.0,2518.0,24.0,2505.0,"{""type"":""MultiPoint"",""coordinates"":[]}"
000000000000000012c6,0.0,688.0,-48.0,-57.0,36.0,2517.0,-36.0,2236.0,"{""type"":""MultiPoint"",""coordinates"":[]}"
00000000000000001b04,0.0,720.0,39.0,-43.0,36.0,2656.0,2.0,4380.0,"{""type"":""MultiPoint"",""coordinates"":[]}"
00000000000000001a74,0.0,529.0,-30.0,21.0,36.0,2493.0,-15.0,4236.0,"{""type"":""MultiPoint"",""coordinates"":[]}"
000000000000000013a0,0.0,625.0,48.0,3.0,36.0,2577.0,9.0,2454.0,"{""type"":""MultiPoint"",""coordinates"":[]}"
000000000000000014bd,0.0,657.0,-9.0,13.0,36.0,2835.0,52.0,2739.0,"{""type"":""MultiPoint"",""coordinates"":[]}"
00000000000000001277,0.0,753.0,-73.0,2.0,36.0,2782.0,86.0,2157.0,"{""type"":""MultiPoint"",""coordinates"":[]}"
00000000000000001318,0.0,753.0,64.0,101.0,36.0,2575.0,98.0,2318.0,"{""type"":""MultiPoint"",""coordinates"":[]}"
00000000000000001bd9,0.0,393.0,36.0,-13.0,36.0,2384.0,14.0,4593.0,"{""type"":""MultiPoint"",""coordinates"":[]}"
00000000000000001a72,0.0,489.0,12.0,111.0,36.0,2427.0,116.0,4234.0,"{""type"":""MultiPoint"",""coordinates"":[]}"
000000000000000015c7,0.0,505.0,-49.0,12.0,36.0,2538.0,-7.0,3039.0,"{""type"":""MultiPoint"",""coordinates"":[]}"
000000000000000014c4,0.0,562.0,23.0,-2.0,36.0,2628.0,22.0,2746.0,"{""type"":""MultiPoint"",""coordinates"":[]}"
00000000000000001369,0.0,594.0,-32.0,86.0,36.0,2534.0,52.0,2399.0,"{""type"":""MultiPoint"",""coordinates"":[]}"
0000000000000000150f,0.0,626.0,82.0,16.0,36.0,2487.0,45.0,2821.0,"{""type"":""MultiPoint"",""coordinates"":[]}"
0000000000000000137e,0.0,658.0,58.0,19.0,36.0,2497.0,84.0,2420.0,"{""type"":""MultiPoint"",""coordinates"":[]}"
000000000000000013bc,0.0,658.0,0.0,17.0,36.0,2521.0,18.0,2482.0,"{""type"":""MultiPoint"",""coordinates"":[]}"
000000000000000014b7,0.0,690.0,69.0,5.0,36.0,2519.0,29.0,2733.0,"{""type"":""MultiPoint"",""coordinates"":[]}"
000000000000000015d9,0.0,754.0,-114.0,41.0,36.0,2600.0,-10.0,3057.0,"{""type"":""MultiPoint"",""coordinates"":[]}"
000000000000000013e8,0.0,563.0,3.0,-8.0,36.0,2579.0,-42.0,2526.0,"{""type"":""MultiPoint"",""coordinates"":[]}"
000000000000000013b0,0.0,595.0,71.0,19.0,36.0,2510.0,15.0,2470.0,"{""type"":""MultiPoint"",""coordinates"":[]}"
00000000000000001358,0.0,659.0,-27.0,26.0,36.0,2471.0,32.0,2382.0,"{""type"":""MultiPoint"",""coordinates"":[]}"
000000000000000013bd,0.0,659.0,6.0,23.0,36.0,2483.0,25.0,2483.0,"{""type"":""MultiPoint"",""coordinates"":[]}"
000000000000000015b9,0.0,659.0,24.0,-19.0,36.0,2444.0,-2.0,3025.0,"{""type"":""MultiPoint"",""coordinates"":[]}"
000000000000000012a8,0.0,723.0,61.0,8.0,36.0,2507.0,-3.0,2206.0,"{""type"":""MultiPoint"",""coordinates"":[]}"
00000000000000001afe,0.0,723.0,38.0,-52.0,36.0,2683.0,-28.0,4374.0,"{""type"":""MultiPoint"",""coordinates"":[]}"
00000000000000001295,0.0,755.0,-45.0,-18.0,36.0,2563.0,65.0,2187.0,"{""type"":""MultiPoint"",""coordinates"":[]}"
00000000000000001a73,0.0,490.0,-21.0,13.0,36.0,2421.0,2.0,4235.0,"{""type"":""MultiPoint"",""coordinates"":[]}"
0000000000000000144b,0.0,532.0,81.0,-23.0,36.0,2620.0,23.0,2625.0,"{""type"":""MultiPoint"",""coordinates"":[]}"
000000000000000013de,0.0,564.0,24.0,-23.0,36.0,2571.0,-27.0,2516.0,"{""type"":""MultiPoint"",""coordinates"":[]}"
00000000000000001359,0.0,660.0,-9.0,53.0,36.0,2790.0,83.0,2383.0,"{""type"":""MultiPoint"",""coordinates"":[]}"
000000000000000013e5,0.0,533.0,19.0,-27.0,36.0,2512.0,-66.0,2523.0,"{""type"":""MultiPoint"",""coordinates"":[]}"
000000000000000013df,0.0,565.0,-10.0,-46.0,36.0,2549.0,12.0,2517.0,"{""type"":""MultiPoint"",""coordinates"":[]}"
000000000000000013ab,0.0,597.0,86.0,60.0,36.0,2540.0,35.0,2465.0,"{""type"":""MultiPoint"",""coordinates"":[]}"
0000000000000000122e,0.0,981.0,-41.0,-39.0,36.0,2545.0,-24.0,2084.0,"{""type"":""MultiPoint"",""coordinates"":[]}"
0000000000000000148b,0.0,459.0,207.0,30.0,36.0,2478.0,51.0,2689.0,"{""type"":""MultiPoint"",""coordinates"":[]}"
0000000000000000148d,0.0,507.0,17.0,-35.0,36.0,2598.0,-12.0,2691.0,"{""type"":""MultiPoint"",""coordinates"":[]}"
000000000000000014b0,0.0,630.0,70.0,6.0,36.0,2446.0,-3.0,2726.0,"{""type"":""MultiPoint"",""coordinates"":[]}"
000000000000000012b1,0.0,662.0,60.0,6.0,36.0,2526.0,13.0,2215.0,"{""type"":""MultiPoint"",""coordinates"":[]}"
000000000000000015bb,0.0,982.0,21.0,-27.0,36.0,2604.0,-37.0,3027.0,"{""type"":""MultiPoint"",""coordinates"":[]}"
00000000000000001436,0.0,1133.0,16.0,18.0,36.0,2404.0,45.0,2604.0,"{""type"":""MultiPoint"",""coordinates"":[]}"
00000000000000001476,0.0,567.0,76.0,-60.0,36.0,2575.0,-35.0,2668.0,"{""type"":""MultiPoint"",""coordinates"":[]}"
0000000000000000135b,0.0,791.0,-16.0,84.0,36.0,2579.0,49.0,2385.0,"{""type"":""MultiPoint"",""coordinates"":[]}"
00000000000000001420,0.0,1134.0,16.0,35.0,36.0,2410.0,51.0,2582.0,"{""type"":""MultiPoint"",""coordinates"":[]}"
000000000000000003bc,0.0,83.0,34.0,17.0,36.0,2790.0,14.0,6461.0,"{""type"":""MultiPoint"",""coordinates"":[]}"
00000000000000001bdf,0.0,444.0,44.0,-18.0,36.0,2449.0,-13.0,4599.0,"{""type"":""MultiPoint"",""coordinates"":[]}"
00000000000000001492,0.0,536.0,-18.0,-59.0,36.0,2606.0,42.0,2696.0,"{""type"":""MultiPoint"",""coordinates"":[]}"
00000000000000001afd,0.0,664.0,-31.0,-48.0,36.0,2614.0,-19.0,4373.0,"{""type"":""MultiPoint"",""coordinates"":[]}"
000000000000000014ff,0.0,569.0,64.0,36.0,36.0,2546.0,-11.0,2805.0,"{""type"":""MultiPoint"",""coordinates"":[]}"
00000000000000001500,0.0,569.0,72.0,7.0,36.0,2522.0,-6.0,2806.0,"{""type"":""MultiPoint"",""coordinates"":[]}"
000000000000000013f7,0.0,633.0,-58.0,-8.0,36.0,2525.0,76.0,2541.0,"{""type"":""MultiPoint"",""coordinates"":[]}"
000000000000000014b1,0.0,633.0,44.0,-6.0,36.0,2441.0,-16.0,2727.0,"{""type"":""MultiPoint"",""coordinates"":[]}"
0000000000000000023e,0.0,333.0,-3.0,-76.0,36.0,2595.0,-52.0,6079.0,"{""type"":""MultiPoint"",""coordinates"":[]}"
0000000000000000161b,0.0,477.0,-18.0,-7.0,36.0,2707.0,21.0,3123.0,"{""type"":""MultiPoint"",""coordinates"":[]}"
000000000000000013fa,0.0,635.0,3.0,-15.0,36.0,2504.0,17.0,2544.0,"{""type"":""MultiPoint"",""coordinates"":[]}"
00000000000000001405,0.0,635.0,1.0,14.0,36.0,2539.0,12.0,2555.0,"{""type"":""MultiPoint"",""coordinates"":[]}"
00000000000000001b06,0.0,699.0,28.0,-56.0,36.0,2870.0,-23.0,4382.0,"{""type"":""MultiPoint"",""coordinates"":[]}"
000000000000000015b7,0.0,955.0,28.0,-25.0,36.0,2812.0,-37.0,3023.0,"{""type"":""MultiPoint"",""coordinates"":[]}"
000000000000000014c8,0.0,478.0,68.0,15.0,36.0,2555.0,16.0,2750.0,"{""type"":""MultiPoint"",""coordinates"":[]}"
0000000000000000161c,0.0,478.0,-7.0,-7.0,36.0,2414.0,19.0,3124.0,"{""type"":""MultiPoint"",""coordinates"":[]}"
0000000000000000156b,0.0,700.0,11.0,40.0,36.0,2525.0,18.0,2913.0,"{""type"":""MultiPoint"",""coordinates"":[]}"
0000000000000000121c,0.0,924.0,17.0,-33.0,36.0,2469.0,-40.0,2066.0,"{""type"":""MultiPoint"",""coordinates"":[]}"
00000000000000001440,0.0,1144.0,21.0,28.0,36.0,2532.0,37.0,2614.0,"{""type"":""MultiPoint"",""coordinates"":[]}"
00000000000000001615,0.0,541.0,-26.0,-16.0,36.0,2687.0,-23.0,3117.0,"{""type"":""MultiPoint"",""coordinates"":[]}"
000000000000000013f1,0.0,605.0,-56.0,13.0,36.0,2550.0,68.0,2535.0,"{""type"":""MultiPoint"",""coordinates"":[]}"
00000000000000001398,0.0,637.0,2.0,-40.0,36.0,2464.0,20.0,2446.0,"{""type"":""MultiPoint"",""coordinates"":[]}"
00000000000000001243,0.0,765.0,79.0,6.0,36.0,2575.0,46.0,2105.0,"{""type"":""MultiPoint"",""coordinates"":[]}"
00000000000000001429,0.0,1146.0,84.0,23.0,36.0,2531.0,41.0,2591.0,"{""type"":""MultiPoint"",""coordinates"":[]}"
0000000000000000148e,0.0,511.0,50.0,0.0,36.0,2519.0,71.0,2692.0,"{""type"":""MultiPoint"",""coordinates"":[]}"
00000000000000001319,0.0,574.0,-26.0,18.0,36.0,2676.0,-2.0,2319.0,"{""type"":""MultiPoint"",""coordinates"":[]}"
00000000000000001214,0.0,1022.0,-2.0,-13.0,36.0,2404.0,14.0,2058.0,"{""type"":""MultiPoint"",""coordinates"":[]}"
00000000000000001472,0.0,575.0,77.0,6.0,36.0,2447.0,15.0,2664.0,"{""type"":""MultiPoint"",""coordinates"":[]}"
00000000000000001377,0.0,671.0,393.0,13.0,36.0,2421.0,-4.0,2413.0,"{""type"":""MultiPoint"",""coordinates"":[]}"
000000000000000012f3,0.0,831.0,-9.0,17.0,36.0,2669.0,13.0,2281.0,"{""type"":""MultiPoint"",""coordinates"":[]}"
0000000000000000142e,0.0,1151.0,119.0,13.0,36.0,2544.0,23.0,2596.0,"{""type"":""MultiPoint"",""coordinates"":[]}"
00000000000000000506,0.0,116.0,-23.0,-48.0,38.0,2985.0,-37.0,6791.0,"{""type"":""MultiPoint"",""coordinates"":[]}"
000000000000000017b1,0.0,576.0,31.0,20.0,38.0,2406.0,27.0,3529.0,"{""type"":""MultiPoint"",""coordinates"":[]}"
00000000000000001807,0.0,576.0,63.0,11.0,38.0,2428.0,-14.0,3615.0,"{""type"":""MultiPoint"",""coordinates"":[]}"
0000000000000000048b,0.0,608.0,18.0,41.0,38.0,2326.0,36.0,6668.0,"{""type"":""MultiPoint"",""coordinates"":[]}"
000000000000000017e6,0.0,640.0,-37.0,5.0,38.0,2462.0,8.0,3582.0,"{""type"":""MultiPoint"",""coordinates"":[]}"
00000000000000001ccc,0.0,513.0,-21.0,0.0,38.0,2419.0,36.0,4836.0,"{""type"":""MultiPoint"",""coordinates"":[]}"
00000000000000001782,0.0,545.0,133.0,-15.0,38.0,2623.0,14.0,3482.0,"{""type"":""MultiPoint"",""coordinates"":[]}"
00000000000000001826,0.0,545.0,6.0,-1.0,38.0,2637.0,7.0,3646.0,"{""type"":""MultiPoint"",""coordinates"":[]}"
00000000000000001827,0.0,481.0,-30.0,0.0,38.0,2459.0,3.0,3647.0,"{""type"":""MultiPoint"",""coordinates"":[]}"
00000000000000001c9d,0.0,481.0,-25.0,12.0,38.0,2434.0,34.0,4789.0,"{""type"":""MultiPoint"",""coordinates"":[]}"
000000000000000017b4,0.0,579.0,16.0,15.0,38.0,2591.0,29.0,3532.0,"{""type"":""MultiPoint"",""coordinates"":[]}"
0000000000000000178e,0.0,549.0,7.0,30.0,38.0,2403.0,17.0,3494.0,"{""type"":""MultiPoint"",""coordinates"":[]}"
00000000000000001825,0.0,549.0,-74.0,-12.0,38.0,2642.0,-33.0,3645.0,"{""type"":""MultiPoint"",""coordinates"":[]}"
00000000000000000489,0.0,581.0,41.0,33.0,38.0,2366.0,41.0,6666.0,"{""type"":""MultiPoint"",""coordinates"":[]}"
00000000000000001808,0.0,581.0,50.0,-6.0,38.0,2489.0,-26.0,3616.0,"{""type"":""MultiPoint"",""coordinates"":[]}"
00000000000000001809,0.0,581.0,78.0,32.0,38.0,2579.0,33.0,3617.0,"{""type"":""MultiPoint"",""coordinates"":[]}"
00000000000000000508,0.0,117.0,86.0,36.0,38.0,3061.0,33.0,6793.0,"{""type"":""MultiPoint"",""coordinates"":[]}"
00000000000000001cd2,0.0,484.0,-7.0,2.0,38.0,2460.0,-14.0,4842.0,"{""type"":""MultiPoint"",""coordinates"":[]}"
00000000000000001c9a,0.0,500.0,18.0,17.0,38.0,2553.0,0.0,4786.0,"{""type"":""MultiPoint"",""coordinates"":[]}"
00000000000000001cf1,0.0,648.0,31.0,3.0,38.0,2429.0,2.0,4873.0,"{""type"":""MultiPoint"",""coordinates"":[]}"
00000000000000001cc9,0.0,523.0,-38.0,3.0,38.0,2673.0,-21.0,4833.0,"{""type"":""MultiPoint"",""coordinates"":[]}"
00000000000000001824,0.0,555.0,-6.0,23.0,38.0,2416.0,0.0,3644.0,"{""type"":""MultiPoint"",""coordinates"":[]}"
000000000000000004e8,0.0,147.0,90.0,50.0,38.0,3016.0,8.0,6761.0,"{""type"":""MultiPoint"",""coordinates"":[]}"
00000000000000001788,0.0,524.0,46.0,25.0,38.0,2367.0,25.0,3488.0,"{""type"":""MultiPoint"",""coordinates"":[]}"
00000000000000001cf3,0.0,653.0,61.0,-64.0,38.0,2342.0,-52.0,4875.0,"{""type"":""MultiPoint"",""coordinates"":[]}"
00000000000000001892,0.0,750.0,63.0,20.0,38.0,2484.0,23.0,3754.0,"{""type"":""MultiPoint"",""coordinates"":[]}"
0000000000000000180c,0.0,591.0,34.0,22.0,38.0,2397.0,25.0,3620.0,"{""type"":""MultiPoint"",""coordinates"":[]}"
000000000000000004c3,0.0,118.0,-72.0,14.0,38.0,3088.0,33.0,6724.0,"{""type"":""MultiPoint"",""coordinates"":[]}"
000000000000000004e7,0.0,132.0,-66.0,26.0,38.0,3070.0,34.0,6760.0,"{""type"":""MultiPoint"",""coordinates"":[]}"
00000000000000000507,0.0,148.0,66.0,-16.0,38.0,2983.0,-22.0,6792.0,"{""type"":""MultiPoint"",""coordinates"":[]}"
00000000000000001cf2,0.0,657.0,40.0,17.0,38.0,2562.0,8.0,4874.0,"{""type"":""MultiPoint"",""coordinates"":[]}"
00000000000000001865,0.0,530.0,102.0,7.0,38.0,2426.0,5.0,3709.0,"{""type"":""MultiPoint"",""coordinates"":[]}"
00000000000000001781,0.0,531.0,12.0,15.0,38.0,2442.0,19.0,3481.0,"{""type"":""MultiPoint"",""coordinates"":[]}"
000000000000000004c7,0.0,149.0,42.0,12.0,38.0,3051.0,16.0,6728.0,"{""type"":""MultiPoint"",""coordinates"":[]}"
00000000000000001890,0.0,756.0,46.0,26.0,38.0,2725.0,13.0,3752.0,"{""type"":""MultiPoint"",""coordinates"":[]}"
00000000000000001891,0.0,757.0,63.0,-25.0,38.0,2798.0,-8.0,3753.0,"{""type"":""MultiPoint"",""coordinates"":[]}"
00000000000000001789,0.0,507.0,63.0,27.0,38.0,2404.0,45.0,3489.0,"{""type"":""MultiPoint"",""coordinates"":[]}"
000000000000000017ad,0.0,598.0,-25.0,3.0,38.0,2688.0,12.0,3525.0,"{""type"":""MultiPoint"",""coordinates"":[]}"
00000000000000001784,0.0,535.0,5.0,38.0,38.0,2346.0,11.0,3484.0,"{""type"":""MultiPoint"",""coordinates"":[]}"
000000000000000004c2,0.0,123.0,-115.0,-66.0,38.0,3221.0,-30.0,6723.0,"{""type"":""MultiPoint"",""coordinates"":[]}"
000000000000000004c6,0.0,150.0,87.0,12.0,38.0,3056.0,20.0,6727.0,"{""type"":""MultiPoint"",""coordinates"":[]}"
00000000000000001823,0.0,536.0,-10.0,10.0,38.0,2511.0,8.0,3643.0,"{""type"":""MultiPoint"",""coordinates"":[]}"
000000000000000017e4,0.0,633.0,-7.0,3.0,38.0,2723.0,2.0,3580.0,"{""type"":""MultiPoint"",""coordinates"":[]}"
00000000000000001cca,0.0,509.0,-26.0,-10.0,38.0,2355.0,6.0,4834.0,"{""type"":""MultiPoint"",""coordinates"":[]}"
00000000000000001ccb,0.0,538.0,-28.0,-66.0,38.0,2348.0,46.0,4835.0,"{""type"":""MultiPoint"",""coordinates"":[]}"
00000000000000001893,0.0,763.0,68.0,-22.0,38.0,2739.0,-21.0,3755.0,"{""type"":""MultiPoint"",""coordinates"":[]}"
00000000000000001c9c,0.0,478.0,-34.0,-12.0,38.0,2376.0,19.0,4788.0,"{""type"":""MultiPoint"",""coordinates"":[]}"
000000000000000017e5,0.0,636.0,-7.0,-18.0,38.0,2715.0,-8.0,3581.0,"{""type"":""MultiPoint"",""coordinates"":[]}"
00000000000000001829,0.0,479.0,-39.0,4.0,38.0,2456.0,11.0,3649.0,"{""type"":""MultiPoint"",""coordinates"":[]}"
00000000000000001844,0.0,479.0,-11.0,26.0,38.0,2730.0,18.0,3676.0,"{""type"":""MultiPoint"",""coordinates"":[]}"
00000000000000001c9b,0.0,479.0,-35.0,18.0,38.0,2553.0,38.0,4787.0,"{""type"":""MultiPoint"",""coordinates"":[]}"
000000000000000018f4,0.0,472.0,72.0,-38.0,40.0,2785.0,-9.0,3852.0,"{""type"":""MultiPoint"",""coordinates"":[]}"
00000000000000000923,0.0,288.0,68.0,43.0,44.0,2926.0,43.0,7844.0,"{""type"":""MultiPoint"",""coordinates"":[]}"
00000000000000000951,0.0,288.0,-43.0,57.0,44.0,2573.0,29.0,7890.0,"{""type"":""MultiPoint"",""coordinates"":[]}"
00000000000000000952,0.0,288.0,-22.0,68.0,44.0,2523.0,20.0,7891.0,"{""type"":""MultiPoint"",""coordinates"":[]}"
00000000000000000955,0.0,288.0,-21.0,85.0,44.0,2578.0,47.0,7894.0,"{""type"":""MultiPoint"",""coordinates"":[]}"
00000000000000000973,0.0,273.0,12.0,2.0,44.0,2442.0,26.0,7924.0,"{""type"":""MultiPoint"",""coordinates"":[]}"
00000000000000000911,0.0,289.0,74.0,64.0,44.0,2740.0,64.0,7826.0,"{""type"":""MultiPoint"",""coordinates"":[]}"
00000000000000000912,0.0,289.0,35.0,74.0,44.0,2780.0,79.0,7827.0,"{""type"":""MultiPoint"",""coordinates"":[]}"
00000000000000000916,0.0,289.0,20.0,84.0,44.0,2933.0,68.0,7831.0,"{""type"":""MultiPoint"",""coordinates"":[]}"
00000000000000000917,0.0,289.0,34.0,88.0,44.0,2824.0,68.0,7832.0,"{""type"":""MultiPoint"",""coordinates"":[]}"
00000000000000000918,0.0,289.0,40.0,93.0,44.0,2878.0,69.0,7833.0,"{""type"":""MultiPoint"",""coordinates"":[]}"
0000000000000000026c,0.0,579.0,-8.0,42.0,44.0,2480.0,25.0,6125.0,"{""type"":""MultiPoint"",""coordinates"":[]}"
0000000000000000090c,0.0,290.0,-9.0,59.0,44.0,2734.0,41.0,7821.0,"{""type"":""MultiPoint"",""coordinates"":[]}"
000000000000000003ac,0.0,517.0,9.0,43.0,44.0,2663.0,39.0,6445.0,"{""type"":""MultiPoint"",""coordinates"":[]}"
0000000000000000026b,0.0,581.0,-5.0,37.0,44.0,2525.0,32.0,6124.0,"{""type"":""MultiPoint"",""coordinates"":[]}"
00000000000000000355,0.0,613.0,-2.0,-22.0,44.0,2703.0,-29.0,6358.0,"{""type"":""MultiPoint"",""coordinates"":[]}"
0000000000000000090e,0.0,291.0,52.0,53.0,44.0,2836.0,46.0,7823.0,"{""type"":""MultiPoint"",""coordinates"":[]}"
00000000000000000960,0.0,291.0,50.0,70.0,44.0,2812.0,65.0,7905.0,"{""type"":""MultiPoint"",""coordinates"":[]}"
00000000000000000268,0.0,582.0,-11.0,28.0,44.0,2491.0,51.0,6121.0,"{""type"":""MultiPoint"",""coordinates"":[]}"
0000000000000000026a,0.0,582.0,27.0,38.0,44.0,2534.0,27.0,6123.0,"{""type"":""MultiPoint"",""coordinates"":[]}"
0000000000000000025d,0.0,711.0,-1.0,-19.0,44.0,2455.0,18.0,6110.0,"{""type"":""MultiPoint"",""coordinates"":[]}"
000000000000000009b6,0.0,242.0,34.0,28.0,44.0,2584.0,26.0,7991.0,"{""type"":""MultiPoint"",""coordinates"":[]}"
000000000000000009d4,0.0,250.0,-9.0,-20.0,44.0,2362.0,-7.0,8021.0,"{""type"":""MultiPoint"",""coordinates"":[]}"
00000000000000000963,0.0,292.0,-4.0,59.0,44.0,2684.0,27.0,7908.0,"{""type"":""MultiPoint"",""coordinates"":[]}"
000000000000000003aa,0.0,554.0,59.0,49.0,44.0,2567.0,18.0,6443.0,"{""type"":""MultiPoint"",""coordinates"":[]}"
00000000000000000985,0.0,251.0,27.0,-4.0,44.0,2604.0,-23.0,7942.0,"{""type"":""MultiPoint"",""coordinates"":[]}"
000000000000000009b5,0.0,251.0,76.0,19.0,44.0,2343.0,52.0,7990.0,"{""type"":""MultiPoint"",""coordinates"":[]}"
000000000000000008ff,0.0,294.0,-33.0,72.0,44.0,2642.0,69.0,7808.0,"{""type"":""MultiPoint"",""coordinates"":[]}"
0000000000000000025f,0.0,557.0,36.0,18.0,44.0,2351.0,72.0,6112.0,"{""type"":""MultiPoint"",""coordinates"":[]}"
00000000000000000260,0.0,557.0,-4.0,20.0,44.0,2402.0,67.0,6113.0,"{""type"":""MultiPoint"",""coordinates"":[]}"
00000000000000000279,0.0,557.0,23.0,28.0,44.0,2313.0,48.0,6138.0,"{""type"":""MultiPoint"",""coordinates"":[]}"
00000000000000000357,0.0,589.0,-132.0,-49.0,44.0,3009.0,-19.0,6360.0,"{""type"":""MultiPoint"",""coordinates"":[]}"
0000000000000000075c,0.0,295.0,-39.0,139.0,44.0,2383.0,107.0,7389.0,"{""type"":""MultiPoint"",""coordinates"":[]}"
00000000000000000261,0.0,558.0,-13.0,33.0,44.0,2422.0,27.0,6114.0,"{""type"":""MultiPoint"",""coordinates"":[]}"
00000000000000000276,0.0,558.0,24.0,30.0,44.0,2421.0,-30.0,6135.0,"{""type"":""MultiPoint"",""coordinates"":[]}"
0000000000000000025e,0.0,622.0,-5.0,-26.0,44.0,2559.0,-21.0,6111.0,"{""type"":""MultiPoint"",""coordinates"":[]}"
00000000000000000356,0.0,622.0,-6.0,-102.0,44.0,2443.0,-67.0,6359.0,"{""type"":""MultiPoint"",""coordinates"":[]}"
00000000000000000272,0.0,559.0,45.0,62.0,44.0,2520.0,73.0,6131.0,"{""type"":""MultiPoint"",""coordinates"":[]}"
00000000000000000764,0.0,296.0,-13.0,100.0,44.0,2525.0,63.0,7397.0,"{""type"":""MultiPoint"",""coordinates"":[]}"
000000000000000009d5,0.0,253.0,26.0,-29.0,44.0,2610.0,31.0,8022.0,"{""type"":""MultiPoint"",""coordinates"":[]}"
000000000000000008e8,0.0,346.0,22.0,41.0,44.0,2942.0,88.0,7785.0,"{""type"":""MultiPoint"",""coordinates"":[]}"
000000000000000002a6,0.0,564.0,24.0,79.0,44.0,2421.0,29.0,6183.0,"{""type"":""MultiPoint"",""coordinates"":[]}"
00000000000000000364,0.0,597.0,59.0,90.0,44.0,3074.0,79.0,6373.0,"{""type"":""MultiPoint"",""coordinates"":[]}"
00000000000000000967,0.0,267.0,18.0,-16.0,44.0,2318.0,20.0,7912.0,"{""type"":""MultiPoint"",""coordinates"":[]}"
000000000000000008ef,0.0,347.0,15.0,71.0,44.0,2814.0,58.0,7792.0,"{""type"":""MultiPoint"",""coordinates"":[]}"
000000000000000003ad,0.0,475.0,6.0,43.0,44.0,2777.0,23.0,6446.0,"{""type"":""MultiPoint"",""coordinates"":[]}"
000000000000000002ee,0.0,534.0,-7.0,-95.0,44.0,2662.0,-78.0,6255.0,"{""type"":""MultiPoint"",""coordinates"":[]}"
00000000000000000270,0.0,631.0,27.0,26.0,44.0,2419.0,19.0,6129.0,"{""type"":""MultiPoint"",""coordinates"":[]}"
000000000000000002ef,0.0,631.0,36.0,-140.0,44.0,3037.0,-182.0,6256.0,"{""type"":""MultiPoint"",""coordinates"":[]}"
00000000000000000972,0.0,254.0,32.0,-5.0,44.0,2459.0,1.0,7923.0,"{""type"":""MultiPoint"",""coordinates"":[]}"
000000000000000009c3,0.0,254.0,-61.0,9.0,44.0,2474.0,38.0,8004.0,"{""type"":""MultiPoint"",""coordinates"":[]}"
00000000000000000768,0.0,300.0,28.0,96.0,44.0,2899.0,71.0,7401.0,"{""type"":""MultiPoint"",""coordinates"":[]}"
00000000000000000966,0.0,269.0,1.0,-27.0,44.0,2408.0,24.0,7911.0,"{""type"":""MultiPoint"",""coordinates"":[]}"
00000000000000000997,0.0,285.0,26.0,-33.0,44.0,2914.0,10.0,7960.0,"{""type"":""MultiPoint"",""coordinates"":[]}"
000000000000000008ee,0.0,349.0,74.0,6.0,44.0,2514.0,13.0,7791.0,"{""type"":""MultiPoint"",""coordinates"":[]}"
00000000000000000358,0.0,603.0,-123.0,-53.0,44.0,2923.0,-42.0,6361.0,"{""type"":""MultiPoint"",""coordinates"":[]}"
00000000000000000247,0.0,891.0,83.0,1.0,44.0,2407.0,-14.0,6088.0,"{""type"":""MultiPoint"",""coordinates"":[]}"
000000000000000003ab,0.0,446.0,62.0,-33.0,44.0,3185.0,-17.0,6444.0,"{""type"":""MultiPoint"",""coordinates"":[]}"
00000000000000001e17,0.0,572.0,6.0,10.0,44.0,2576.0,-15.0,5167.0,"{""type"":""MultiPoint"",""coordinates"":[]}"
0000000000000000027c,0.0,636.0,-22.0,25.0,44.0,2413.0,34.0,6141.0,"{""type"":""MultiPoint"",""coordinates"":[]}"
00000000000000000968,0.0,271.0,9.0,-12.0,44.0,2422.0,20.0,7913.0,"{""type"":""MultiPoint"",""coordinates"":[]}"
00000000000000000924,0.0,287.0,48.0,35.0,44.0,2895.0,51.0,7845.0,"{""type"":""MultiPoint"",""coordinates"":[]}"
00000000000000000996,0.0,287.0,-15.0,-115.0,44.0,2874.0,-97.0,7959.0,"{""type"":""MultiPoint"",""coordinates"":[]}"
0000000000000000028c,0.0,542.0,29.0,-2.0,44.0,2714.0,-21.0,6157.0,"{""type"":""MultiPoint"",""coordinates"":[]}"
000000000000000002f0,0.0,575.0,47.0,-115.0,44.0,3030.0,-136.0,6257.0,"{""type"":""MultiPoint"",""coordinates"":[]}"
00000000000000001ed4,0.0,336.0,18.0,-20.0,46.0,2423.0,2.0,5356.0,"{""type"":""MultiPoint"",""coordinates"":[]}"
00000000000000001e81,0.0,452.0,96.0,32.0,46.0,2523.0,30.0,5273.0,"{""type"":""MultiPoint"",""coordinates"":[]}"
00000000000000001ee4,0.0,428.0,-46.0,3.0,46.0,2583.0,-13.0,5372.0,"{""type"":""MultiPoint"",""coordinates"":[]}"
00000000000000001e82,0.0,460.0,70.0,45.0,46.0,2488.0,36.0,5274.0,"{""type"":""MultiPoint"",""coordinates"":[]}"
00000000000000001e7c,0.0,568.0,-73.0,48.0,46.0,2758.0,1.0,5268.0,"{""type"":""MultiPoint"",""coordinates"":[]}"
00000000000000001e80,0.0,447.0,65.0,87.0,46.0,2585.0,71.0,5272.0,"{""type"":""MultiPoint"",""coordinates"":[]}"
00000000000000000ddf,0.0,20.0,-11.0,-29.0,48.0,2617.0,2.0,981.0,"{""type"":""MultiPoint"",""coordinates"":[]}"
00000000000000000dcd,0.0,25.0,35.0,-10.0,48.0,2764.0,7.0,963.0,"{""type"":""MultiPoint"",""coordinates"":[]}"
00000000000000000dce,0.0,25.0,-46.0,-6.0,48.0,2605.0,10.0,964.0,"{""type"":""MultiPoint"",""coordinates"":[]}"
000000000000000005a4,0.0,68.0,32.0,8.0,48.0,2319.0,-16.0,6949.0,"{""type"":""MultiPoint"",""coordinates"":[]}"
000000000000000006ad,0.0,192.0,-8.0,-2.0,48.0,2714.0,-19.0,7214.0,"{""type"":""MultiPoint"",""coordinates"":[]}"
00000000000000001f3f,0.0,200.0,-102.0,-36.0,48.0,2544.0,28.0,5463.0,"{""type"":""MultiPoint"",""coordinates"":[]}"
000000000000000006b2,0.0,353.0,-35.0,34.0,48.0,2517.0,27.0,7219.0,"{""type"":""MultiPoint"",""coordinates"":[]}"
000000000000000005a1,0.0,145.0,-6.0,27.0,48.0,2880.0,14.0,6946.0,"{""type"":""MultiPoint"",""coordinates"":[]}"
000000000000000006b3,0.0,185.0,9.0,34.0,48.0,2535.0,14.0,7220.0,"{""type"":""MultiPoint"",""coordinates"":[]}"
00000000000000001f53,0.0,259.0,-18.0,-33.0,48.0,2561.0,-10.0,5483.0,"{""type"":""MultiPoint"",""coordinates"":[]}"
00000000000000001f44,0.0,275.0,-15.0,-44.0,48.0,2693.0,-33.0,5468.0,"{""type"":""MultiPoint"",""coordinates"":[]}"
000000000000000006af,0.0,186.0,23.0,47.0,48.0,2474.0,-10.0,7216.0,"{""type"":""MultiPoint"",""coordinates"":[]}"
000000000000000006b5,0.0,357.0,-52.0,38.0,48.0,2809.0,32.0,7222.0,"{""type"":""MultiPoint"",""coordinates"":[]}"
000000000000000006b4,0.0,195.0,10.0,2.0,48.0,2564.0,-6.0,7221.0,"{""type"":""MultiPoint"",""coordinates"":[]}"
000000000000000006fa,0.0,243.0,94.0,-37.0,48.0,2935.0,-40.0,7291.0,"{""type"":""MultiPoint"",""coordinates"":[]}"
00000000000000001f5d,0.0,262.0,81.0,1.0,48.0,2974.0,14.0,5493.0,"{""type"":""MultiPoint"",""coordinates"":[]}"
00000000000000001f34,0.0,278.0,-10.0,51.0,48.0,2593.0,43.0,5452.0,"{""type"":""MultiPoint"",""coordinates"":[]}"
00000000000000001f37,0.0,342.0,-25.0,5.0,48.0,2454.0,11.0,5455.0,"{""type"":""MultiPoint"",""coordinates"":[]}"
00000000000000000641,0.0,502.0,-11.0,65.0,48.0,2497.0,26.0,7106.0,"{""type"":""MultiPoint"",""coordinates"":[]}"
0000000000000000056d,0.0,503.0,45.0,114.0,48.0,2798.0,64.0,6894.0,"{""type"":""MultiPoint"",""coordinates"":[]}"
000000000000000005c0,0.0,59.0,200.0,69.0,48.0,2709.0,44.0,6977.0,"{""type"":""MultiPoint"",""coordinates"":[]}"
000000000000000005be,0.0,61.0,120.0,14.0,48.0,2815.0,-22.0,6975.0,"{""type"":""MultiPoint"",""coordinates"":[]}"
000000000000000005ac,0.0,63.0,110.0,144.0,48.0,2293.0,66.0,6957.0,"{""type"":""MultiPoint"",""coordinates"":[]}"
000000000000000005a3,0.0,74.0,15.0,-13.0,48.0,2357.0,-17.0,6948.0,"{""type"":""MultiPoint"",""coordinates"":[]}"
000000000000000005a6,0.0,74.0,23.0,-1.0,48.0,2321.0,0.0,6951.0,"{""type"":""MultiPoint"",""coordinates"":[]}"
00000000000000001f35,0.0,252.0,-104.0,87.0,48.0,2529.0,66.0,5453.0,"{""type"":""MultiPoint"",""coordinates"":[]}"
000000000000000006b1,0.0,408.0,7.0,19.0,48.0,2102.0,65.0,7218.0,"{""type"":""MultiPoint"",""coordinates"":[]}"
00000000000000000569,0.0,504.0,93.0,118.0,48.0,2694.0,90.0,6890.0,"{""type"":""MultiPoint"",""coordinates"":[]}"
000000000000000005e2,0.0,531.0,84.0,13.0,48.0,2743.0,-9.0,7011.0,"{""type"":""MultiPoint"",""coordinates"":[]}"
000000000000000006ae,0.0,213.0,-2.0,17.0,48.0,2528.0,4.0,7215.0,"{""type"":""MultiPoint"",""coordinates"":[]}"
000000000000000006f7,0.0,330.0,12.0,9.0,48.0,2693.0,45.0,7288.0,"{""type"":""MultiPoint"",""coordinates"":[]}"
000000000000000005a0,0.0,410.0,30.0,90.0,48.0,2407.0,21.0,6945.0,"{""type"":""MultiPoint"",""coordinates"":[]}"
00000000000000001f36,0.0,347.0,18.0,51.0,48.0,2369.0,-40.0,5454.0,"{""type"":""MultiPoint"",""coordinates"":[]}"
000000000000000005e1,0.0,662.0,83.0,44.0,48.0,2866.0,22.0,7010.0,"{""type"":""MultiPoint"",""coordinates"":[]}"
000000000000000005bc,0.0,67.0,50.0,39.0,48.0,2305.0,-4.0,6973.0,"{""type"":""MultiPoint"",""coordinates"":[]}"
00000000000000000575,0.0,79.0,-59.0,53.0,48.0,2466.0,69.0,6902.0,"{""type"":""MultiPoint"",""coordinates"":[]}"
000000000000000006b0,0.0,269.0,-62.0,23.0,48.0,2857.0,33.0,7217.0,"{""type"":""MultiPoint"",""coordinates"":[]}"
000000000000000006b6,0.0,269.0,6.0,22.0,48.0,2580.0,18.0,7223.0,"{""type"":""MultiPoint"",""coordinates"":[]}"
0000000000000000059f,0.0,151.0,10.0,89.0,48.0,2452.0,43.0,6944.0,"{""type"":""MultiPoint"",""coordinates"":[]}"
000000000000000006c2,0.0,350.0,27.0,2.0,48.0,2494.0,-14.0,7235.0,"{""type"":""MultiPoint"",""coordinates"":[]}"
0000000000000000056b,0.0,462.0,95.0,83.0,48.0,2846.0,45.0,6892.0,"{""type"":""MultiPoint"",""coordinates"":[]}"
00000000000000001f52,0.0,287.0,-121.0,-19.0,48.0,2547.0,52.0,5482.0,"{""type"":""MultiPoint"",""coordinates"":[]}"
00000000000000000e0e,0.0,46.0,33.0,-115.0,52.0,2880.0,-97.0,1028.0,"{""type"":""MultiPoint"",""coordinates"":[]}"
00000000000000001d1f,0.0,160.0,57.0,-22.0,54.0,2390.0,25.0,4919.0,"{""type"":""MultiPoint"",""coordinates"":[]}"
00000000000000001d23,0.0,164.0,117.0,-61.0,54.0,2725.0,-35.0,4923.0,"{""type"":""MultiPoint"",""coordinates"":[]}"
00000000000000001d1c,0.0,158.0,37.0,-16.0,54.0,2580.0,-1.0,4916.0,"{""type"":""MultiPoint"",""coordinates"":[]}"
00000000000000001d19,0.0,151.0,33.0,67.0,54.0,2501.0,52.0,4913.0,"{""type"":""MultiPoint"",""coordinates"":[]}"
00000000000000000a96,0.0,92.0,-38.0,151.0,56.0,2480.0,25.0,140.0,"{""type"":""MultiPoint"",""coordinates"":[]}"
00000000000000000a69,0.0,85.0,5.0,237.0,56.0,2460.0,98.0,95.0,"{""type"":""MultiPoint"",""coordinates"":[]}"
00000000000000000a76,0.0,86.0,-50.0,167.0,56.0,2443.0,120.0,108.0,"{""type"":""MultiPoint"",""coordinates"":[]}"
00000000000000000a7f,0.0,86.0,65.0,92.0,56.0,2452.0,-6.0,117.0,"{""type"":""MultiPoint"",""coordinates"":[]}"
00000000000000000a88,0.0,86.0,28.0,63.0,56.0,2544.0,-35.0,126.0,"{""type"":""MultiPoint"",""coordinates"":[]}"
00000000000000000a8c,0.0,86.0,-68.0,98.0,56.0,2725.0,22.0,130.0,"{""type"":""MultiPoint"",""coordinates"":[]}"
00000000000000000a5f,0.0,87.0,-27.0,168.0,56.0,2592.0,38.0,85.0,"{""type"":""MultiPoint"",""coordinates"":[]}"
00000000000000000a74,0.0,87.0,3.0,171.0,56.0,2519.0,64.0,106.0,"{""type"":""MultiPoint"",""coordinates"":[]}"
00000000000000000a7a,0.0,87.0,-5.0,71.0,56.0,2566.0,31.0,112.0,"{""type"":""MultiPoint"",""coordinates"":[]}"
00000000000000000a7c,0.0,87.0,-8.0,155.0,56.0,2748.0,61.0,114.0,"{""type"":""MultiPoint"",""coordinates"":[]}"
00000000000000000a82,0.0,87.0,-5.0,102.0,56.0,2697.0,30.0,120.0,"{""type"":""MultiPoint"",""coordinates"":[]}"
00000000000000000a8f,0.0,87.0,38.0,76.0,56.0,2517.0,64.0,133.0,"{""type"":""MultiPoint"",""coordinates"":[]}"
00000000000000000a92,0.0,87.0,96.0,124.0,56.0,2531.0,100.0,136.0,"{""type"":""MultiPoint"",""coordinates"":[]}"
00000000000000000a99,0.0,87.0,-5.0,197.0,56.0,2689.0,26.0,143.0,"{""type"":""MultiPoint"",""coordinates"":[]}"
00000000000000000a9c,0.0,87.0,26.0,160.0,56.0,2402.0,-3.0,146.0,"{""type"":""MultiPoint"",""coordinates"":[]}"
00000000000000000aa0,0.0,87.0,27.0,240.0,56.0,2566.0,93.0,150.0,"{""type"":""MultiPoint"",""coordinates"":[]}"
00000000000000000aa3,0.0,87.0,-53.0,102.0,56.0,2458.0,-4.0,153.0,"{""type"":""MultiPoint"",""coordinates"":[]}"
00000000000000000aad,0.0,87.0,10.0,167.0,56.0,2415.0,44.0,163.0,"{""type"":""MultiPoint"",""coordinates"":[]}"
00000000000000000aaf,0.0,87.0,-5.0,155.0,56.0,2427.0,32.0,165.0,"{""type"":""MultiPoint"",""coordinates"":[]}"
00000000000000000f2b,0.0,56.0,-147.0,-1.0,60.0,2793.0,-31.0,1313.0,"{""type"":""MultiPoint"",""coordinates"":[]}"
00000000000000000f41,0.0,56.0,54.0,-39.0,60.0,2854.0,-48.0,1335.0,"{""type"":""MultiPoint"",""coordinates"":[]}"
00000000000000000f29,0.0,58.0,-256.0,-80.0,60.0,2666.0,-210.0,1311.0,"{""type"":""MultiPoint"",""coordinates"":[]}"
00000000000000000f3d,0.0,58.0,-52.0,4.0,60.0,2730.0,-45.0,1331.0,"{""type"":""MultiPoint"",""coordinates"":[]}"
00000000000000000f3f,0.0,58.0,34.0,-48.0,60.0,2450.0,-54.0,1333.0,"{""type"":""MultiPoint"",""coordinates"":[]}"
00000000000000000efe,0.0,62.0,71.0,-3.0,60.0,2514.0,28.0,1268.0,"{""type"":""MultiPoint"",""coordinates"":[]}"
00000000000000000eff,0.0,62.0,37.0,-16.0,60.0,2335.0,68.0,1269.0,"{""type"":""MultiPoint"",""coordinates"":[]}"
00000000000000000e23,0.0,168.0,0.0,93.0,60.0,2763.0,85.0,1049.0,"{""type"":""MultiPoint"",""coordinates"":[]}"
00000000000000000e25,0.0,168.0,-76.0,70.0,60.0,2884.0,73.0,1051.0,"{""type"":""MultiPoint"",""coordinates"":[]}"
00000000000000000e24,0.0,169.0,-56.0,117.0,60.0,2858.0,110.0,1050.0,"{""type"":""MultiPoint"",""coordinates"":[]}"
00000000000000000a5a,0.0,185.0,-52.0,37.0,60.0,2749.0,26.0,80.0,"{""type"":""MultiPoint"",""coordinates"":[]}"
00000000000000000a5c,0.0,185.0,-9.0,28.0,60.0,2635.0,43.0,82.0,"{""type"":""MultiPoint"",""coordinates"":[]}"
00000000000000000e1c,0.0,186.0,76.0,-42.0,60.0,2780.0,-45.0,1042.0,"{""type"":""MultiPoint"",""coordinates"":[]}"
00000000000000000a5b,0.0,187.0,-11.0,-5.0,60.0,2654.0,1.0,81.0,"{""type"":""MultiPoint"",""coordinates"":[]}"
00000000000000000a5e,0.0,187.0,-7.0,12.0,60.0,2618.0,29.0,84.0,"{""type"":""MultiPoint"",""coordinates"":[]}"
00000000000000000f3e,0.0,57.0,-246.0,49.0,60.0,2937.0,57.0,1332.0,"{""type"":""MultiPoint"",""coordinates"":[]}"
00000000000000000f40,0.0,57.0,4.0,-22.0,60.0,2470.0,-14.0,1334.0,"{""type"":""MultiPoint"",""coordinates"":[]}"
00000000000000000f27,0.0,59.0,-220.0,-84.0,60.0,2818.0,-109.0,1309.0,"{""type"":""MultiPoint"",""coordinates"":[]}"
00000000000000000f28,0.0,59.0,-242.0,-67.0,60.0,2649.0,-174.0,1310.0,"{""type"":""MultiPoint"",""coordinates"":[]}"
00000000000000000f2a,0.0,59.0,-293.0,-83.0,60.0,2665.0,-208.0,1312.0,"{""type"":""MultiPoint"",""coordinates"":[]}"
00000000000000000f3c,0.0,59.0,62.0,-35.0,60.0,2541.0,-22.0,1330.0,"{""type"":""MultiPoint"",""coordinates"":[]}"
00000000000000000efd,0.0,61.0,75.0,12.0,60.0,2498.0,34.0,1267.0,"{""type"":""MultiPoint"",""coordinates"":[]}"
00000000000000000a5d,0.0,180.0,-62.0,19.0,60.0,2854.0,-7.0,83.0,"{""type"":""MultiPoint"",""coordinates"":[]}"
00000000000000000a59,0.0,181.0,-69.0,-19.0,60.0,2959.0,28.0,79.0,"{""type"":""MultiPoint"",""coordinates"":[]}"
00000000000000000e1b,0.0,189.0,58.0,-1.0,60.0,2575.0,15.0,1041.0,"{""type"":""MultiPoint"",""coordinates"":[]}"
00000000000000000e4d,0.0,184.0,58.0,122.0,62.0,2659.0,37.0,1091.0,"{""type"":""MultiPoint"",""coordinates"":[]}"
00000000000000000e39,0.0,193.0,55.0,99.0,62.0,2614.0,76.0,1071.0,"{""type"":""MultiPoint"",""coordinates"":[]}"
00000000000000000e37,0.0,204.0,-123.0,86.0,62.0,2932.0,60.0,1069.0,"{""type"":""MultiPoint"",""coordinates"":[]}"
00000000000000000e38,0.0,204.0,2.0,83.0,62.0,2941.0,64.0,1070.0,"{""type"":""MultiPoint"",""coordinates"":[]}"
0000000000000000100f,0.0,23.0,59.0,-156.0,64.0,2935.0,-167.0,1541.0,"{""type"":""MultiPoint"",""coordinates"":[]}"
00000000000000000ffa,0.0,29.0,-388.0,-191.0,64.0,3023.0,-6.0,1520.0,"{""type"":""MultiPoint"",""coordinates"":[]}"
0000000000000000108e,0.0,56.0,-41.0,-40.0,64.0,3113.0,-14.0,1668.0,"{""type"":""MultiPoint"",""coordinates"":[]}"
0000000000000000108f,0.0,56.0,-219.0,-108.0,64.0,2838.0,-39.0,1669.0,"{""type"":""MultiPoint"",""coordinates"":[]}"
00000000000000001097,0.0,56.0,-5.0,156.0,64.0,2924.0,87.0,1677.0,"{""type"":""MultiPoint"",""coordinates"":[]}"
00000000000000000ff0,0.0,60.0,67.0,-167.0,64.0,2700.0,79.0,1510.0,"{""type"":""MultiPoint"",""coordinates"":[]}"
00000000000000000ff1,0.0,60.0,-122.0,-224.0,64.0,2840.0,-11.0,1511.0,"{""type"":""MultiPoint"",""coordinates"":[]}"
00000000000000000ff5,0.0,60.0,-142.0,-210.0,64.0,2811.0,-7.0,1515.0,"{""type"":""MultiPoint"",""coordinates"":[]}"
0000000000000000103c,0.0,64.0,45.0,-3.0,64.0,2848.0,-25.0,1586.0,"{""type"":""MultiPoint"",""coordinates"":[]}"
0000000000000000103e,0.0,64.0,189.0,45.0,64.0,2484.0,123.0,1588.0,"{""type"":""MultiPoint"",""coordinates"":[]}"
00000000000000001014,0.0,68.0,-169.0,107.0,64.0,2806.0,38.0,1546.0,"{""type"":""MultiPoint"",""coordinates"":[]}"
00000000000000000b7d,0.0,144.0,-44.0,96.0,64.0,2475.0,62.0,371.0,"{""type"":""MultiPoint"",""coordinates"":[]}"
00000000000000000b7f,0.0,144.0,-61.0,40.0,64.0,2423.0,33.0,373.0,"{""type"":""MultiPoint"",""coordinates"":[]}"
00000000000000001012,0.0,69.0,-329.0,-9.0,64.0,2817.0,88.0,1544.0,"{""type"":""MultiPoint"",""coordinates"":[]}"
00000000000000000b72,0.0,146.0,-16.0,47.0,64.0,2626.0,-17.0,360.0,"{""type"":""MultiPoint"",""coordinates"":[]}"
00000000000000000b79,0.0,146.0,158.0,-91.0,64.0,2458.0,-15.0,367.0,"{""type"":""MultiPoint"",""coordinates"":[]}"
00000000000000000b7b,0.0,146.0,-6.0,-9.0,64.0,2866.0,15.0,369.0,"{""type"":""MultiPoint"",""coordinates"":[]}"
00000000000000000b8a,0.0,146.0,206.0,-74.0,64.0,2455.0,29.0,384.0,"{""type"":""MultiPoint"",""coordinates"":[]}"
00000000000000000b90,0.0,146.0,151.0,-147.0,64.0,2520.0,6.0,390.0,"{""type"":""MultiPoint"",""coordinates"":[]}"
00000000000000000b74,0.0,139.0,-48.0,-4.0,64.0,2739.0,-11.0,362.0,"{""type"":""MultiPoint"",""coordinates"":[]}"
00000000000000000b76,0.0,139.0,-38.0,-3.0,64.0,2689.0,-29.0,364.0,"{""type"":""MultiPoint"",""coordinates"":[]}"
00000000000000000b8c,0.0,147.0,-5.0,103.0,64.0,2430.0,25.0,386.0,"{""type"":""MultiPoint"",""coordinates"":[]}"
00000000000000000b8e,0.0,147.0,31.0,72.0,64.0,2678.0,41.0,388.0,"{""type"":""MultiPoint"",""coordinates"":[]}"
00000000000000001049,0.0,37.0,263.0,110.0,64.0,2519.0,38.0,1599.0,"{""type"":""MultiPoint"",""coordinates"":[]}"
0000000000000000104b,0.0,37.0,185.0,85.0,64.0,2584.0,7.0,1601.0,"{""type"":""MultiPoint"",""coordinates"":[]}"
00000000000000001028,0.0,39.0,113.0,-65.0,64.0,2858.0,4.0,1566.0,"{""type"":""MultiPoint"",""coordinates"":[]}"
00000000000000001090,0.0,55.0,-220.0,-153.0,64.0,3041.0,-55.0,1670.0,"{""type"":""MultiPoint"",""coordinates"":[]}"
00000000000000001091,0.0,55.0,-123.0,-113.0,64.0,3033.0,19.0,1671.0,"{""type"":""MultiPoint"",""coordinates"":[]}"
00000000000000001094,0.0,55.0,-43.0,-146.0,64.0,2744.0,-49.0,1674.0,"{""type"":""MultiPoint"",""coordinates"":[]}"
00000000000000001095,0.0,55.0,-54.0,-108.0,64.0,2850.0,-49.0,1675.0,"{""type"":""MultiPoint"",""coordinates"":[]}"
00000000000000001096,0.0,55.0,71.0,-342.0,64.0,2604.0,-95.0,1676.0,"{""type"":""MultiPoint"",""coordinates"":[]}"
0000000000000000108b,0.0,57.0,-38.0,37.0,64.0,2729.0,43.0,1665.0,"{""type"":""MultiPoint"",""coordinates"":[]}"
0000000000000000108c,0.0,57.0,72.0,30.0,64.0,3023.0,16.0,1666.0,"{""type"":""MultiPoint"",""coordinates"":[]}"
0000000000000000108d,0.0,57.0,-24.0,36.0,64.0,3070.0,29.0,1667.0,"{""type"":""MultiPoint"",""coordinates"":[]}"
00000000000000001092,0.0,57.0,-204.0,-210.0,64.0,2754.0,-125.0,1672.0,"{""type"":""MultiPoint"",""coordinates"":[]}"
00000000000000000fec,0.0,59.0,219.0,-94.0,64.0,2778.0,57.0,1506.0,"{""type"":""MultiPoint"",""coordinates"":[]}"
0000000000000000101d,0.0,66.0,287.0,-47.0,64.0,2693.0,-126.0,1555.0,"{""type"":""MultiPoint"",""coordinates"":[]}"
000000000000000010c3,0.0,224.0,39.0,-123.0,65.0,2664.0,-19.0,1721.0,"{""type"":""MultiPoint"",""coordinates"":[]}"
000000000000000010c1,0.0,232.0,-59.0,-34.0,65.0,2832.0,43.0,1719.0,"{""type"":""MultiPoint"",""coordinates"":[]}"
000000000000000010e0,0.0,131.0,147.0,-75.0,65.0,2866.0,-15.0,1750.0,"{""type"":""MultiPoint"",""coordinates"":[]}"
000000000000000010c0,0.0,204.0,65.0,-13.0,65.0,2735.0,30.0,1718.0,"{""type"":""MultiPoint"",""coordinates"":[]}"
00000000000000001104,0.0,173.0,116.0,-38.0,65.0,2807.0,36.0,1786.0,"{""type"":""MultiPoint"",""coordinates"":[]}"
00000000000000001105,0.0,173.0,320.0,-98.0,65.0,2648.0,-35.0,1787.0,"{""type"":""MultiPoint"",""coordinates"":[]}"
000000000000000010e4,0.0,127.0,239.0,-17.0,65.0,2871.0,-4.0,1754.0,"{""type"":""MultiPoint"",""coordinates"":[]}"
000000000000000010d1,0.0,142.0,166.0,-43.0,65.0,2949.0,-59.0,1735.0,"{""type"":""MultiPoint"",""coordinates"":[]}"
000000000000000010c2,0.0,230.0,-78.0,-53.0,65.0,2867.0,1.0,1720.0,"{""type"":""MultiPoint"",""coordinates"":[]}"
000000000000000001e8,0.0,1103.0,-127.0,45.0,33.0,2845.0,24.0,5993.0,"{""type"":""MultiPoint"",""coordinates"":[]}"
00000000000000000224,0.0,1042.0,77.0,-67.0,33.0,2644.0,-41.0,6053.0,"{""type"":""MultiPoint"",""coordinates"":[]}"
000000000000000001ea,0.0,1114.0,-24.0,89.0,33.0,2420.0,3.0,5995.0,"{""type"":""MultiPoint"",""coordinates"":[]}"
000000000000000001eb,0.0,1119.0,-1.0,41.0,33.0,2588.0,49.0,5996.0,"{""type"":""MultiPoint"",""coordinates"":[]}"
00000000000000000189,0.0,787.0,1.0,22.0,33.0,2662.0,12.0,5898.0,"{""type"":""MultiPoint"",""coordinates"":[]}"
000000000000000001e9,0.0,1062.0,-49.0,34.0,33.0,2657.0,23.0,5994.0,"{""type"":""MultiPoint"",""coordinates"":[]}"
000000000000000001f0,0.0,1073.0,86.0,80.0,33.0,2549.0,65.0,6001.0,"{""type"":""MultiPoint"",""coordinates"":[]}"
000000000000000001ee,0.0,1074.0,-85.0,-13.0,33.0,2737.0,-12.0,5999.0,"{""type"":""MultiPoint"",""coordinates"":[]}"
000000000000000001ec,0.0,923.0,-62.0,57.0,33.0,2576.0,39.0,5997.0,"{""type"":""MultiPoint"",""coordinates"":[]}"
00000000000000000223,0.0,700.0,134.0,19.0,33.0,2493.0,19.0,6052.0,"{""type"":""MultiPoint"",""coordinates"":[]}"
00000000000000000222,0.0,735.0,125.0,6.0,33.0,2664.0,51.0,6051.0,"{""type"":""MultiPoint"",""coordinates"":[]}"
00000000000000000225,0.0,895.0,-24.0,-23.0,33.0,2493.0,-33.0,6054.0,"{""type"":""MultiPoint"",""coordinates"":[]}"
000000000000000001ed,0.0,991.0,-8.0,53.0,33.0,2526.0,20.0,5998.0,"{""type"":""MultiPoint"",""coordinates"":[]}"
000000000000000001ef,0.0,1086.0,33.0,70.0,33.0,2417.0,21.0,6000.0,"{""type"":""MultiPoint"",""coordinates"":[]}"
000000000000000011e8,0.0,451.0,18.0,-7.0,35.0,2386.0,3.0,2014.0,"{""type"":""MultiPoint"",""coordinates"":[]}"
000000000000000011d3,0.0,679.0,-5.0,-6.0,35.0,2631.0,-10.0,1993.0,"{""type"":""MultiPoint"",""coordinates"":[]}"
000000000000000011e7,0.0,372.0,70.0,-1.0,35.0,2550.0,-56.0,2013.0,"{""type"":""MultiPoint"",""coordinates"":[]}"
00000000000000000423,0.0,92.0,-56.0,8.0,37.0,3117.0,11.0,6564.0,"{""type"":""MultiPoint"",""coordinates"":[]}"
0000000000000000162b,0.0,480.0,-41.0,15.0,37.0,2588.0,8.0,3139.0,"{""type"":""MultiPoint"",""coordinates"":[]}"
00000000000000001655,0.0,736.0,-59.0,25.0,37.0,2470.0,-2.0,3181.0,"{""type"":""MultiPoint"",""coordinates"":[]}"
00000000000000001653,0.0,768.0,-33.0,4.0,37.0,2614.0,2.0,3179.0,"{""type"":""MultiPoint"",""coordinates"":[]}"
00000000000000001678,0.0,770.0,-1.0,8.0,37.0,2517.0,-3.0,3216.0,"{""type"":""MultiPoint"",""coordinates"":[]}"
00000000000000001aed,0.0,515.0,-1.0,84.0,37.0,2669.0,68.0,4357.0,"{""type"":""MultiPoint"",""coordinates"":[]}"
00000000000000001b90,0.0,611.0,47.0,34.0,37.0,2576.0,27.0,4520.0,"{""type"":""MultiPoint"",""coordinates"":[]}"
00000000000000001c43,0.0,675.0,55.0,20.0,37.0,2668.0,24.0,4699.0,"{""type"":""MultiPoint"",""coordinates"":[]}"
00000000000000000437,0.0,867.0,74.0,-13.0,37.0,2662.0,-4.0,6584.0,"{""type"":""MultiPoint"",""coordinates"":[]}"
0000000000000000170e,0.0,450.0,7.0,-20.0,37.0,2265.0,-20.0,3366.0,"{""type"":""MultiPoint"",""coordinates"":[]}"
00000000000000001737,0.0,450.0,7.0,-21.0,37.0,2262.0,-19.0,3407.0,"{""type"":""MultiPoint"",""coordinates"":[]}"
00000000000000001a83,0.0,644.0,-118.0,28.0,37.0,2935.0,47.0,4251.0,"{""type"":""MultiPoint"",""coordinates"":[]}"
00000000000000001680,0.0,772.0,-49.0,19.0,37.0,2522.0,20.0,3224.0,"{""type"":""MultiPoint"",""coordinates"":[]}"
00000000000000001587,0.0,645.0,-35.0,-13.0,37.0,2573.0,2.0,2941.0,"{""type"":""MultiPoint"",""coordinates"":[]}"
00000000000000001677,0.0,773.0,-72.0,-11.0,37.0,2553.0,11.0,3215.0,"{""type"":""MultiPoint"",""coordinates"":[]}"
00000000000000001a80,0.0,646.0,-166.0,14.0,37.0,2928.0,17.0,4248.0,"{""type"":""MultiPoint"",""coordinates"":[]}"
00000000000000001b2e,0.0,583.0,10.0,-7.0,37.0,2644.0,6.0,4422.0,"{""type"":""MultiPoint"",""coordinates"":[]}"
00000000000000001e89,0.0,97.0,0.0,-16.0,37.0,3060.0,2.0,5281.0,"{""type"":""MultiPoint"",""coordinates"":[]}"
00000000000000001711,0.0,404.0,23.0,-17.0,37.0,2521.0,-12.0,3369.0,"{""type"":""MultiPoint"",""coordinates"":[]}"
00000000000000001719,0.0,404.0,24.0,-17.0,37.0,2521.0,-12.0,3377.0,"{""type"":""MultiPoint"",""coordinates"":[]}"
00000000000000001b4f,0.0,584.0,-26.0,-11.0,37.0,2541.0,-23.0,4455.0,"{""type"":""MultiPoint"",""coordinates"":[]}"
00000000000000001692,0.0,776.0,57.0,-38.0,37.0,2493.0,-6.0,3242.0,"{""type"":""MultiPoint"",""coordinates"":[]}"
00000000000000000441,0.0,904.0,53.0,-4.0,37.0,2557.0,13.0,6594.0,"{""type"":""MultiPoint"",""coordinates"":[]}"
00000000000000001b7b,0.0,585.0,-24.0,-10.0,37.0,2602.0,-28.0,4499.0,"{""type"":""MultiPoint"",""coordinates"":[]}"
00000000000000001b7f,0.0,585.0,-22.0,-13.0,37.0,2571.0,-22.0,4503.0,"{""type"":""MultiPoint"",""coordinates"":[]}"
00000000000000001b4a,0.0,746.0,-34.0,21.0,37.0,2683.0,33.0,4450.0,"{""type"":""MultiPoint"",""coordinates"":[]}"
00000000000000001a42,0.0,651.0,46.0,-27.0,37.0,2618.0,-2.0,4186.0,"{""type"":""MultiPoint"",""coordinates"":[]}"
0000000000000000168f,0.0,779.0,42.0,-41.0,37.0,2539.0,-19.0,3239.0,"{""type"":""MultiPoint"",""coordinates"":[]}"
000000000000000016ca,0.0,779.0,-6.0,-16.0,37.0,2800.0,-25.0,3298.0,"{""type"":""MultiPoint"",""coordinates"":[]}"
000000000000000016ce,0.0,779.0,4.0,-47.0,37.0,2640.0,-44.0,3302.0,"{""type"":""MultiPoint"",""coordinates"":[]}"
00000000000000001638,0.0,556.0,-19.0,-7.0,37.0,2588.0,-1.0,3152.0,"{""type"":""MultiPoint"",""coordinates"":[]}"
00000000000000001b5a,0.0,588.0,-17.0,-4.0,37.0,2582.0,-12.0,4466.0,"{""type"":""MultiPoint"",""coordinates"":[]}"
00000000000000001b49,0.0,748.0,-62.0,6.0,37.0,2792.0,6.0,4449.0,"{""type"":""MultiPoint"",""coordinates"":[]}"
00000000000000001691,0.0,780.0,6.0,-20.0,37.0,2666.0,0.0,3241.0,"{""type"":""MultiPoint"",""coordinates"":[]}"
00000000000000000480,0.0,621.0,40.0,-25.0,37.0,2495.0,-2.0,6657.0,"{""type"":""MultiPoint"",""coordinates"":[]}"
00000000000000000481,0.0,621.0,43.0,-36.0,37.0,2422.0,-14.0,6658.0,"{""type"":""MultiPoint"",""coordinates"":[]}"
00000000000000000487,0.0,621.0,6.0,-20.0,37.0,2531.0,6.0,6664.0,"{""type"":""MultiPoint"",""coordinates"":[]}"
00000000000000000486,0.0,622.0,5.0,-17.0,37.0,2530.0,24.0,6663.0,"{""type"":""MultiPoint"",""coordinates"":[]}"
0000000000000000169d,0.0,782.0,-1.0,-51.0,37.0,2466.0,-7.0,3253.0,"{""type"":""MultiPoint"",""coordinates"":[]}"
00000000000000001b51,0.0,591.0,-28.0,-6.0,37.0,2592.0,8.0,4457.0,"{""type"":""MultiPoint"",""coordinates"":[]}"
000000000000000016c6,0.0,687.0,3.0,-18.0,37.0,2695.0,-10.0,3294.0,"{""type"":""MultiPoint"",""coordinates"":[]}"
0000000000000000167f,0.0,751.0,-34.0,21.0,37.0,2588.0,35.0,3223.0,"{""type"":""MultiPoint"",""coordinates"":[]}"
00000000000000001b39,0.0,751.0,-5.0,-3.0,37.0,2678.0,41.0,4433.0,"{""type"":""MultiPoint"",""coordinates"":[]}"
00000000000000001ab1,0.0,815.0,36.0,-9.0,37.0,2431.0,-6.0,4297.0,"{""type"":""MultiPoint"",""coordinates"":[]}"
00000000000000000754,0.0,879.0,174.0,72.0,37.0,2708.0,119.0,7381.0,"{""type"":""MultiPoint"",""coordinates"":[]}"
00000000000000001ea6,0.0,164.0,78.0,-37.0,37.0,2840.0,34.0,5310.0,"{""type"":""MultiPoint"",""coordinates"":[]}"
00000000000000001584,0.0,592.0,-126.0,-115.0,37.0,2582.0,-44.0,2938.0,"{""type"":""MultiPoint"",""coordinates"":[]}"
0000000000000000043b,0.0,880.0,43.0,-15.0,37.0,2720.0,-16.0,6588.0,"{""type"":""MultiPoint"",""coordinates"":[]}"
0000000000000000042e,0.0,976.0,7.0,37.0,37.0,2550.0,17.0,6575.0,"{""type"":""MultiPoint"",""coordinates"":[]}"
0000000000000000047c,0.0,593.0,72.0,-22.0,37.0,2591.0,20.0,6653.0,"{""type"":""MultiPoint"",""coordinates"":[]}"
00000000000000001bbf,0.0,625.0,72.0,34.0,37.0,2416.0,47.0,4567.0,"{""type"":""MultiPoint"",""coordinates"":[]}"
00000000000000001704,0.0,409.0,47.0,14.0,37.0,2508.0,18.0,3356.0,"{""type"":""MultiPoint"",""coordinates"":[]}"
00000000000000001716,0.0,409.0,49.0,13.0,37.0,2508.0,18.0,3374.0,"{""type"":""MultiPoint"",""coordinates"":[]}"
0000000000000000161e,0.0,505.0,-11.0,-8.0,37.0,2452.0,-3.0,3126.0,"{""type"":""MultiPoint"",""coordinates"":[]}"
00000000000000001af8,0.0,530.0,9.0,86.0,37.0,2691.0,93.0,4368.0,"{""type"":""MultiPoint"",""coordinates"":[]}"
00000000000000000485,0.0,626.0,6.0,-10.0,37.0,2579.0,20.0,6662.0,"{""type"":""MultiPoint"",""coordinates"":[]}"
00000000000000001af0,0.0,531.0,-19.0,35.0,37.0,2362.0,21.0,4360.0,"{""type"":""MultiPoint"",""coordinates"":[]}"
00000000000000001ea5,0.0,165.0,4.0,-50.0,37.0,2891.0,-15.0,5309.0,"{""type"":""MultiPoint"",""coordinates"":[]}"
00000000000000001b82,0.0,596.0,2.0,45.0,37.0,2785.0,33.0,4506.0,"{""type"":""MultiPoint"",""coordinates"":[]}"
00000000000000001c20,0.0,724.0,78.0,-5.0,37.0,2634.0,27.0,4664.0,"{""type"":""MultiPoint"",""coordinates"":[]}"
00000000000000001cf6,0.0,757.0,21.0,67.0,37.0,2526.0,116.0,4878.0,"{""type"":""MultiPoint"",""coordinates"":[]}"
000000000000000016cd,0.0,789.0,-12.0,-14.0,37.0,2646.0,5.0,3301.0,"{""type"":""MultiPoint"",""coordinates"":[]}"
00000000000000001baf,0.0,598.0,-27.0,51.0,37.0,2885.0,47.0,4551.0,"{""type"":""MultiPoint"",""coordinates"":[]}"
0000000000000000043e,0.0,886.0,57.0,-7.0,37.0,2799.0,-10.0,6591.0,"{""type"":""MultiPoint"",""coordinates"":[]}"
00000000000000001eae,0.0,166.0,-90.0,-31.0,37.0,2969.0,7.0,5318.0,"{""type"":""MultiPoint"",""coordinates"":[]}"
000000000000000016c9,0.0,824.0,14.0,-2.0,37.0,2641.0,16.0,3297.0,"{""type"":""MultiPoint"",""coordinates"":[]}"
0000000000000000043f,0.0,888.0,4.0,-1.0,37.0,2684.0,-11.0,6592.0,"{""type"":""MultiPoint"",""coordinates"":[]}"
00000000000000001ab0,0.0,857.0,41.0,1.0,37.0,2674.0,-1.0,4296.0,"{""type"":""MultiPoint"",""coordinates"":[]}"
00000000000000001a7d,0.0,634.0,-74.0,-51.0,37.0,2504.0,-96.0,4245.0,"{""type"":""MultiPoint"",""coordinates"":[]}"
00000000000000001c41,0.0,634.0,47.0,8.0,37.0,2702.0,24.0,4697.0,"{""type"":""MultiPoint"",""coordinates"":[]}"
00000000000000000440,0.0,890.0,24.0,-14.0,37.0,2565.0,-12.0,6593.0,"{""type"":""MultiPoint"",""coordinates"":[]}"
00000000000000001b9f,0.0,603.0,-109.0,49.0,37.0,2606.0,37.0,4535.0,"{""type"":""MultiPoint"",""coordinates"":[]}"
00000000000000001b9c,0.0,635.0,-5.0,21.0,37.0,2545.0,42.0,4532.0,"{""type"":""MultiPoint"",""coordinates"":[]}"
00000000000000001b74,0.0,604.0,53.0,18.0,37.0,2693.0,39.0,4492.0,"{""type"":""MultiPoint"",""coordinates"":[]}"
0000000000000000000e,0.0,668.0,10.0,-42.0,37.0,2681.0,-51.0,2963.0,"{""type"":""MultiPoint"",""coordinates"":[]}"
00000000000000001d0b,0.0,701.0,115.0,74.0,37.0,2765.0,35.0,4899.0,"{""type"":""MultiPoint"",""coordinates"":[]}"
00000000000000001646,0.0,765.0,-70.0,36.0,37.0,2543.0,13.0,3166.0,"{""type"":""MultiPoint"",""coordinates"":[]}"
00000000000000000459,0.0,893.0,193.0,77.0,37.0,2575.0,57.0,6618.0,"{""type"":""MultiPoint"",""coordinates"":[]}"
00000000000000000448,0.0,925.0,71.0,31.0,37.0,2652.0,62.0,6601.0,"{""type"":""MultiPoint"",""coordinates"":[]}"
0000000000000000170f,0.0,431.0,2.0,-10.0,37.0,2310.0,-7.0,3367.0,"{""type"":""MultiPoint"",""coordinates"":[]}"
00000000000000001717,0.0,431.0,0.0,-11.0,37.0,2308.0,-8.0,3375.0,"{""type"":""MultiPoint"",""coordinates"":[]}"
000000000000000016f1,0.0,495.0,36.0,5.0,37.0,2346.0,-4.0,3337.0,"{""type"":""MultiPoint"",""coordinates"":[]}"
00000000000000001715,0.0,495.0,37.0,4.0,37.0,2349.0,-5.0,3373.0,"{""type"":""MultiPoint"",""coordinates"":[]}"
00000000000000001b6a,0.0,606.0,-39.0,30.0,37.0,2452.0,20.0,4482.0,"{""type"":""MultiPoint"",""coordinates"":[]}"
00000000000000001b91,0.0,670.0,-18.0,20.0,37.0,2489.0,22.0,4521.0,"{""type"":""MultiPoint"",""coordinates"":[]}"
00000000000000001b0e,0.0,702.0,-18.0,-20.0,37.0,2373.0,3.0,4390.0,"{""type"":""MultiPoint"",""coordinates"":[]}"
00000000000000001661,0.0,766.0,-34.0,19.0,37.0,2516.0,15.0,3193.0,"{""type"":""MultiPoint"",""coordinates"":[]}"
00000000000000001684,0.0,766.0,61.0,31.0,37.0,2646.0,38.0,3228.0,"{""type"":""MultiPoint"",""coordinates"":[]}"
00000000000000000436,0.0,862.0,162.0,23.0,37.0,2512.0,35.0,6583.0,"{""type"":""MultiPoint"",""coordinates"":[]}"
00000000000000001a8d,0.0,639.0,31.0,31.0,37.0,2554.0,30.0,4261.0,"{""type"":""MultiPoint"",""coordinates"":[]}"
00000000000000001acb,0.0,767.0,86.0,-10.0,37.0,2509.0,4.0,4323.0,"{""type"":""MultiPoint"",""coordinates"":[]}"
00000000000000000454,0.0,959.0,-25.0,-19.0,37.0,2733.0,-106.0,6613.0,"{""type"":""MultiPoint"",""coordinates"":[]}"
0000000000000000054a,0.0,153.0,18.0,-30.0,39.0,2929.0,10.0,6859.0,"{""type"":""MultiPoint"",""coordinates"":[]}"
0000000000000000052a,0.0,105.0,37.0,64.0,39.0,2917.0,36.0,6827.0,"{""type"":""MultiPoint"",""coordinates"":[]}"
00000000000000000559,0.0,113.0,37.0,-65.0,39.0,3028.0,1.0,6874.0,"{""type"":""MultiPoint"",""coordinates"":[]}"
00000000000000000558,0.0,117.0,44.0,57.0,39.0,3016.0,52.0,6873.0,"{""type"":""MultiPoint"",""coordinates"":[]}"
0000000000000000051e,0.0,154.0,113.0,80.0,39.0,2905.0,23.0,6815.0,"{""type"":""MultiPoint"",""coordinates"":[]}"
000000000000000018b5,0.0,558.0,-29.0,25.0,39.0,2374.0,22.0,3789.0,"{""type"":""MultiPoint"",""coordinates"":[]}"
00000000000000000548,0.0,126.0,-32.0,-44.0,39.0,2915.0,3.0,6857.0,"{""type"":""MultiPoint"",""coordinates"":[]}"
00000000000000000549,0.0,156.0,60.0,-69.0,39.0,3186.0,-31.0,6858.0,"{""type"":""MultiPoint"",""coordinates"":[]}"
000000000000000004af,0.0,853.0,-12.0,-58.0,39.0,2849.0,-30.0,6704.0,"{""type"":""MultiPoint"",""coordinates"":[]}"
00000000000000000557,0.0,119.0,26.0,74.0,39.0,3032.0,69.0,6872.0,"{""type"":""MultiPoint"",""coordinates"":[]}"
000000000000000019d8,0.0,577.0,1.0,-41.0,41.0,2576.0,-75.0,4080.0,"{""type"":""MultiPoint"",""coordinates"":[]}"
0000000000000000193e,0.0,546.0,43.0,37.0,41.0,2541.0,18.0,3926.0,"{""type"":""MultiPoint"",""coordinates"":[]}"
00000000000000001934,0.0,547.0,30.0,16.0,41.0,2574.0,7.0,3916.0,"{""type"":""MultiPoint"",""coordinates"":[]}"
0000000000000000193c,0.0,547.0,46.0,19.0,41.0,2589.0,7.0,3924.0,"{""type"":""MultiPoint"",""coordinates"":[]}"
00000000000000001941,0.0,547.0,54.0,56.0,41.0,2588.0,41.0,3929.0,"{""type"":""MultiPoint"",""coordinates"":[]}"
000000000000000019a9,0.0,402.0,19.0,-15.0,41.0,2553.0,-16.0,4033.0,"{""type"":""MultiPoint"",""coordinates"":[]}"
00000000000000001937,0.0,498.0,11.0,46.0,41.0,2512.0,23.0,3919.0,"{""type"":""MultiPoint"",""coordinates"":[]}"
00000000000000001936,0.0,436.0,38.0,37.0,41.0,2599.0,22.0,3918.0,"{""type"":""MultiPoint"",""coordinates"":[]}"
0000000000000000193b,0.0,436.0,64.0,65.0,41.0,2503.0,58.0,3923.0,"{""type"":""MultiPoint"",""coordinates"":[]}"
0000000000000000193a,0.0,552.0,40.0,39.0,41.0,2778.0,21.0,3922.0,"{""type"":""MultiPoint"",""coordinates"":[]}"
0000000000000000193f,0.0,552.0,32.0,28.0,41.0,2529.0,15.0,3927.0,"{""type"":""MultiPoint"",""coordinates"":[]}"
0000000000000000198d,0.0,584.0,49.0,37.0,41.0,2588.0,48.0,4005.0,"{""type"":""MultiPoint"",""coordinates"":[]}"
00000000000000001942,0.0,554.0,54.0,39.0,41.0,2679.0,31.0,3930.0,"{""type"":""MultiPoint"",""coordinates"":[]}"
0000000000000000198c,0.0,586.0,62.0,91.0,41.0,2556.0,98.0,4004.0,"{""type"":""MultiPoint"",""coordinates"":[]}"
000000000000000019a1,0.0,390.0,12.0,27.0,41.0,2428.0,19.0,4025.0,"{""type"":""MultiPoint"",""coordinates"":[]}"
00000000000000001940,0.0,556.0,25.0,19.0,41.0,2643.0,7.0,3928.0,"{""type"":""MultiPoint"",""coordinates"":[]}"
00000000000000001987,0.0,589.0,51.0,42.0,41.0,2773.0,22.0,3999.0,"{""type"":""MultiPoint"",""coordinates"":[]}"
00000000000000001988,0.0,589.0,93.0,92.0,41.0,2685.0,92.0,4000.0,"{""type"":""MultiPoint"",""coordinates"":[]}"
0000000000000000193d,0.0,558.0,20.0,21.0,41.0,2646.0,11.0,3925.0,"{""type"":""MultiPoint"",""coordinates"":[]}"
00000000000000001983,0.0,590.0,67.0,34.0,41.0,2771.0,9.0,3995.0,"{""type"":""MultiPoint"",""coordinates"":[]}"
0000000000000000198b,0.0,591.0,62.0,60.0,41.0,2740.0,18.0,4003.0,"{""type"":""MultiPoint"",""coordinates"":[]}"
00000000000000001984,0.0,592.0,46.0,86.0,41.0,2521.0,54.0,3996.0,"{""type"":""MultiPoint"",""coordinates"":[]}"
00000000000000001985,0.0,593.0,88.0,108.0,41.0,2764.0,100.0,3997.0,"{""type"":""MultiPoint"",""coordinates"":[]}"
000000000000000019b0,0.0,593.0,75.0,-40.0,41.0,2573.0,-34.0,4040.0,"{""type"":""MultiPoint"",""coordinates"":[]}"
000000000000000019b7,0.0,593.0,97.0,-28.0,41.0,2602.0,-18.0,4047.0,"{""type"":""MultiPoint"",""coordinates"":[]}"
00000000000000001a2b,0.0,689.0,-29.0,8.0,41.0,2414.0,-2.0,4163.0,"{""type"":""MultiPoint"",""coordinates"":[]}"
00000000000000001a2a,0.0,690.0,17.0,9.0,41.0,2427.0,21.0,4162.0,"{""type"":""MultiPoint"",""coordinates"":[]}"
00000000000000001939,0.0,490.0,36.0,40.0,41.0,2443.0,16.0,3921.0,"{""type"":""MultiPoint"",""coordinates"":[]}"
00000000000000001986,0.0,597.0,56.0,2.0,41.0,2717.0,0.0,3998.0,"{""type"":""MultiPoint"",""coordinates"":[]}"
0000000000000000198a,0.0,597.0,81.0,91.0,41.0,2494.0,46.0,4002.0,"{""type"":""MultiPoint"",""coordinates"":[]}"
00000000000000001c6d,0.0,597.0,23.0,12.0,41.0,2751.0,4.0,4741.0,"{""type"":""MultiPoint"",""coordinates"":[]}"
00000000000000001a23,0.0,693.0,4.0,-15.0,41.0,2424.0,-30.0,4155.0,"{""type"":""MultiPoint"",""coordinates"":[]}"
00000000000000001a26,0.0,693.0,40.0,25.0,41.0,2486.0,26.0,4158.0,"{""type"":""MultiPoint"",""coordinates"":[]}"
000000000000000019a2,0.0,567.0,7.0,-11.0,41.0,2482.0,-4.0,4026.0,"{""type"":""MultiPoint"",""coordinates"":[]}"
000000000000000019ae,0.0,567.0,-54.0,-69.0,41.0,2572.0,-72.0,4038.0,"{""type"":""MultiPoint"",""coordinates"":[]}"
00000000000000001a21,0.0,695.0,36.0,2.0,41.0,2459.0,13.0,4153.0,"{""type"":""MultiPoint"",""coordinates"":[]}"
00000000000000001989,0.0,600.0,15.0,66.0,41.0,2556.0,46.0,4001.0,"{""type"":""MultiPoint"",""coordinates"":[]}"
00000000000000001935,0.0,479.0,40.0,69.0,41.0,2444.0,47.0,3917.0,"{""type"":""MultiPoint"",""coordinates"":[]}"
00000000000000001938,0.0,495.0,53.0,38.0,41.0,2410.0,20.0,3920.0,"{""type"":""MultiPoint"",""coordinates"":[]}"
000000000000000019de,0.0,574.0,-5.0,-89.0,41.0,2623.0,-139.0,4086.0,"{""type"":""MultiPoint"",""coordinates"":[]}"
000000000000000019ec,0.0,734.0,-21.0,-23.0,41.0,2483.0,-5.0,4100.0,"{""type"":""MultiPoint"",""coordinates"":[]}"
00000000000000000845,0.0,368.0,-26.0,-36.0,43.0,2606.0,-28.0,7622.0,"{""type"":""MultiPoint"",""coordinates"":[]}"
00000000000000000849,0.0,368.0,9.0,-5.0,43.0,2489.0,-14.0,7626.0,"{""type"":""MultiPoint"",""coordinates"":[]}"
0000000000000000084f,0.0,384.0,-37.0,-5.0,43.0,2573.0,-11.0,7632.0,"{""type"":""MultiPoint"",""coordinates"":[]}"
0000000000000000084b,0.0,385.0,-69.0,-49.0,43.0,2699.0,-95.0,7628.0,"{""type"":""MultiPoint"",""coordinates"":[]}"
00000000000000000244,0.0,837.0,2.0,-19.0,43.0,2554.0,-28.0,6085.0,"{""type"":""MultiPoint"",""coordinates"":[]}"
000000000000000008cf,0.0,323.0,77.0,18.0,43.0,2621.0,9.0,7760.0,"{""type"":""MultiPoint"",""coordinates"":[]}"
00000000000000000801,0.0,339.0,75.0,-32.0,43.0,2426.0,-36.0,7554.0,"{""type"":""MultiPoint"",""coordinates"":[]}"
0000000000000000088d,0.0,339.0,-18.0,101.0,43.0,2507.0,75.0,7694.0,"{""type"":""MultiPoint"",""coordinates"":[]}"
00000000000000000242,0.0,806.0,-3.0,-5.0,43.0,2430.0,0.0,6083.0,"{""type"":""MultiPoint"",""coordinates"":[]}"
00000000000000000243,0.0,806.0,-7.0,-13.0,43.0,2520.0,-46.0,6084.0,"{""type"":""MultiPoint"",""coordinates"":[]}"
00000000000000000241,0.0,807.0,68.0,13.0,43.0,2329.0,-25.0,6082.0,"{""type"":""MultiPoint"",""coordinates"":[]}"
000000000000000008a0,0.0,340.0,-15.0,133.0,43.0,2475.0,92.0,7713.0,"{""type"":""MultiPoint"",""coordinates"":[]}"
000000000000000008b1,0.0,340.0,-25.0,105.0,43.0,2474.0,63.0,7730.0,"{""type"":""MultiPoint"",""coordinates"":[]}"
000000000000000008ce,0.0,341.0,37.0,-13.0,43.0,2778.0,-1.0,7759.0,"{""type"":""MultiPoint"",""coordinates"":[]}"
000000000000000007b3,0.0,326.0,105.0,-14.0,43.0,2627.0,12.0,7476.0,"{""type"":""MultiPoint"",""coordinates"":[]}"
00000000000000000827,0.0,326.0,24.0,54.0,43.0,2529.0,74.0,7592.0,"{""type"":""MultiPoint"",""coordinates"":[]}"
00000000000000000830,0.0,342.0,-11.0,60.0,43.0,2740.0,46.0,7601.0,"{""type"":""MultiPoint"",""coordinates"":[]}"
000000000000000008d1,0.0,328.0,81.0,15.0,43.0,2685.0,8.0,7762.0,"{""type"":""MultiPoint"",""coordinates"":[]}"
00000000000000000240,0.0,881.0,18.0,-56.0,43.0,2560.0,-99.0,6081.0,"{""type"":""MultiPoint"",""coordinates"":[]}"
0000000000000000080f,0.0,329.0,150.0,91.0,43.0,2781.0,120.0,7568.0,"{""type"":""MultiPoint"",""coordinates"":[]}"
000000000000000008d0,0.0,329.0,59.0,-20.0,43.0,2796.0,-34.0,7761.0,"{""type"":""MultiPoint"",""coordinates"":[]}"
0000000000000000084a,0.0,377.0,7.0,-6.0,43.0,2560.0,-26.0,7627.0,"{""type"":""MultiPoint"",""coordinates"":[]}"
0000000000000000023f,0.0,883.0,-24.0,-69.0,43.0,2516.0,-161.0,6080.0,"{""type"":""MultiPoint"",""coordinates"":[]}"
000000000000000007ac,0.0,314.0,108.0,-50.0,43.0,2789.0,-16.0,7469.0,"{""type"":""MultiPoint"",""coordinates"":[]}"
00000000000000000896,0.0,315.0,0.0,72.0,43.0,2876.0,56.0,7703.0,"{""type"":""MultiPoint"",""coordinates"":[]}"
000000000000000007cb,0.0,331.0,-50.0,-12.0,43.0,2535.0,-5.0,7500.0,"{""type"":""MultiPoint"",""coordinates"":[]}"
000000000000000008a5,0.0,331.0,-53.0,74.0,43.0,2557.0,69.0,7718.0,"{""type"":""MultiPoint"",""coordinates"":[]}"
000000000000000007f3,0.0,316.0,15.0,1.0,43.0,2818.0,-23.0,7540.0,"{""type"":""MultiPoint"",""coordinates"":[]}"
000000000000000007e4,0.0,332.0,90.0,-35.0,43.0,2419.0,-24.0,7525.0,"{""type"":""MultiPoint"",""coordinates"":[]}"
0000000000000000086c,0.0,380.0,-31.0,-8.0,43.0,2540.0,1.0,7661.0,"{""type"":""MultiPoint"",""coordinates"":[]}"
000000000000000007d9,0.0,334.0,8.0,4.0,43.0,3028.0,-2.0,7514.0,"{""type"":""MultiPoint"",""coordinates"":[]}"
000000000000000007df,0.0,303.0,36.0,-1.0,43.0,2467.0,-42.0,7520.0,"{""type"":""MultiPoint"",""coordinates"":[]}"
00000000000000000891,0.0,335.0,134.0,66.0,43.0,2974.0,86.0,7698.0,"{""type"":""MultiPoint"",""coordinates"":[]}"
0000000000000000089a,0.0,351.0,-29.0,95.0,43.0,2529.0,63.0,7707.0,"{""type"":""MultiPoint"",""coordinates"":[]}"
00000000000000000858,0.0,383.0,21.0,-25.0,43.0,2855.0,-47.0,7641.0,"{""type"":""MultiPoint"",""coordinates"":[]}"
00000000000000000862,0.0,383.0,-14.0,-80.0,43.0,2849.0,-135.0,7651.0,"{""type"":""MultiPoint"",""coordinates"":[]}"
0000000000000000078f,0.0,257.0,-43.0,-13.0,45.0,2931.0,-75.0,7440.0,"{""type"":""MultiPoint"",""coordinates"":[]}"
00000000000000001e75,0.0,290.0,36.0,-50.0,45.0,2365.0,24.0,5261.0,"{""type"":""MultiPoint"",""coordinates"":[]}"
00000000000000001e76,0.0,322.0,93.0,-28.0,45.0,2804.0,-7.0,5262.0,"{""type"":""MultiPoint"",""coordinates"":[]}"
00000000000000000777,0.0,275.0,-2.0,-23.0,45.0,2297.0,2.0,7416.0,"{""type"":""MultiPoint"",""coordinates"":[]}"
00000000000000001e74,0.0,275.0,22.0,-65.0,45.0,3047.0,-50.0,5260.0,"{""type"":""MultiPoint"",""coordinates"":[]}"
000000000000000009f2,0.0,307.0,-1.0,-239.0,45.0,2271.0,-140.0,8051.0,"{""type"":""MultiPoint"",""coordinates"":[]}"
00000000000000001e77,0.0,355.0,38.0,37.0,45.0,2431.0,75.0,5263.0,"{""type"":""MultiPoint"",""coordinates"":[]}"
00000000000000000a09,0.0,234.0,-22.0,-83.0,45.0,2369.0,28.0,8074.0,"{""type"":""MultiPoint"",""coordinates"":[]}"
00000000000000000a0a,0.0,234.0,35.0,-67.0,45.0,2480.0,4.0,8075.0,"{""type"":""MultiPoint"",""coordinates"":[]}"
00000000000000001e73,0.0,260.0,74.0,-68.0,45.0,2371.0,-17.0,5259.0,"{""type"":""MultiPoint"",""coordinates"":[]}"
00000000000000001e78,0.0,292.0,103.0,-35.0,45.0,2549.0,76.0,5264.0,"{""type"":""MultiPoint"",""coordinates"":[]}"
000000000000000009f1,0.0,277.0,-11.0,-11.0,45.0,2883.0,-25.0,8050.0,"{""type"":""MultiPoint"",""coordinates"":[]}"
00000000000000001e72,0.0,269.0,77.0,10.0,45.0,2424.0,38.0,5258.0,"{""type"":""MultiPoint"",""coordinates"":[]}"
00000000000000001e56,0.0,271.0,41.0,-76.0,45.0,2330.0,15.0,5230.0,"{""type"":""MultiPoint"",""coordinates"":[]}"
00000000000000000db4,0.0,27.0,-27.0,-45.0,47.0,2523.0,-41.0,938.0,"{""type"":""MultiPoint"",""coordinates"":[]}"
00000000000000000db5,0.0,28.0,-64.0,-43.0,47.0,2849.0,-45.0,939.0,"{""type"":""MultiPoint"",""coordinates"":[]}"
00000000000000000322,0.0,201.0,31.0,17.0,47.0,2741.0,-39.0,6307.0,"{""type"":""MultiPoint"",""coordinates"":[]}"
00000000000000000324,0.0,227.0,-4.0,29.0,47.0,2459.0,-8.0,6309.0,"{""type"":""MultiPoint"",""coordinates"":[]}"
00000000000000001ef3,0.0,489.0,73.0,45.0,47.0,2548.0,46.0,5387.0,"{""type"":""MultiPoint"",""coordinates"":[]}"
00000000000000000323,0.0,205.0,36.0,31.0,47.0,2728.0,10.0,6308.0,"{""type"":""MultiPoint"",""coordinates"":[]}"
00000000000000000563,0.0,383.0,-16.0,24.0,47.0,2762.0,-20.0,6884.0,"{""type"":""MultiPoint"",""coordinates"":[]}"
00000000000000000dde,0.0,24.0,47.0,-56.0,49.0,2605.0,-24.0,980.0,"{""type"":""MultiPoint"",""coordinates"":[]}"
00000000000000000e5d,0.0,208.0,52.0,86.0,49.0,2800.0,86.0,1107.0,"{""type"":""MultiPoint"",""coordinates"":[]}"
0000000000000000014e,0.0,216.0,-95.0,98.0,49.0,2575.0,56.0,5839.0,"{""type"":""MultiPoint"",""coordinates"":[]}"
00000000000000000043,0.0,224.0,0.0,12.0,49.0,2379.0,8.0,5572.0,"{""type"":""MultiPoint"",""coordinates"":[]}"
00000000000000000045,0.0,232.0,30.0,57.0,49.0,2288.0,72.0,5574.0,"{""type"":""MultiPoint"",""coordinates"":[]}"
0000000000000000074a,0.0,248.0,-60.0,-3.0,49.0,2641.0,-6.0,7371.0,"{""type"":""MultiPoint"",""coordinates"":[]}"
00000000000000000030,0.0,273.0,-9.0,0.0,49.0,2416.0,0.0,5553.0,"{""type"":""MultiPoint"",""coordinates"":[]}"
000000000000000006ff,0.0,169.0,-1.0,24.0,49.0,2767.0,13.0,7296.0,"{""type"":""MultiPoint"",""coordinates"":[]}"
00000000000000000e5e,0.0,193.0,-17.0,40.0,49.0,2731.0,38.0,1108.0,"{""type"":""MultiPoint"",""coordinates"":[]}"
00000000000000000173,0.0,217.0,-3.0,-22.0,49.0,2570.0,29.0,5876.0,"{""type"":""MultiPoint"",""coordinates"":[]}"
000000000000000006f6,0.0,370.0,25.0,-36.0,49.0,2483.0,0.0,7287.0,"{""type"":""MultiPoint"",""coordinates"":[]}"
00000000000000000139,0.0,259.0,-33.0,-9.0,49.0,2690.0,3.0,5818.0,"{""type"":""MultiPoint"",""coordinates"":[]}"
00000000000000000604,0.0,275.0,179.0,41.0,49.0,2658.0,-1.0,7045.0,"{""type"":""MultiPoint"",""coordinates"":[]}"
0000000000000000070e,0.0,162.0,-7.0,49.0,49.0,2962.0,35.0,7311.0,"{""type"":""MultiPoint"",""coordinates"":[]}"
0000000000000000074c,0.0,162.0,-55.0,41.0,49.0,2881.0,35.0,7373.0,"{""type"":""MultiPoint"",""coordinates"":[]}"
00000000000000000700,0.0,170.0,-22.0,8.0,49.0,2528.0,18.0,7297.0,"{""type"":""MultiPoint"",""coordinates"":[]}"
00000000000000000748,0.0,178.0,-68.0,30.0,49.0,2649.0,48.0,7369.0,"{""type"":""MultiPoint"",""coordinates"":[]}"
00000000000000000151,0.0,218.0,16.0,22.0,49.0,2402.0,-39.0,5842.0,"{""type"":""MultiPoint"",""coordinates"":[]}"
00000000000000000152,0.0,218.0,-20.0,54.0,49.0,2406.0,13.0,5843.0,"{""type"":""MultiPoint"",""coordinates"":[]}"
00000000000000000179,0.0,218.0,-53.0,76.0,49.0,2598.0,57.0,5882.0,"{""type"":""MultiPoint"",""coordinates"":[]}"
000000000000000000b3,0.0,276.0,4.0,54.0,49.0,2429.0,30.0,5684.0,"{""type"":""MultiPoint"",""coordinates"":[]}"
00000000000000001f85,0.0,308.0,-24.0,3.0,49.0,2557.0,13.0,5533.0,"{""type"":""MultiPoint"",""coordinates"":[]}"
000000000000000000db,0.0,261.0,43.0,-3.0,49.0,2555.0,-14.0,5724.0,"{""type"":""MultiPoint"",""coordinates"":[]}"
000000000000000000ee,0.0,277.0,-50.0,32.0,49.0,2396.0,54.0,5743.0,"{""type"":""MultiPoint"",""coordinates"":[]}"
00000000000000000115,0.0,277.0,-51.0,33.0,49.0,2396.0,55.0,5782.0,"{""type"":""MultiPoint"",""coordinates"":[]}"
00000000000000000701,0.0,171.0,-9.0,-13.0,49.0,2544.0,20.0,7298.0,"{""type"":""MultiPoint"",""coordinates"":[]}"
0000000000000000071b,0.0,219.0,1.0,-6.0,49.0,2428.0,-50.0,7324.0,"{""type"":""MultiPoint"",""coordinates"":[]}"
00000000000000000044,0.0,227.0,8.0,-55.0,49.0,2321.0,-13.0,5573.0,"{""type"":""MultiPoint"",""coordinates"":[]}"
000000000000000000b2,0.0,262.0,48.0,63.0,49.0,2531.0,39.0,5683.0,"{""type"":""MultiPoint"",""coordinates"":[]}"
0000000000000000013a,0.0,262.0,-15.0,-15.0,49.0,2611.0,2.0,5819.0,"{""type"":""MultiPoint"",""coordinates"":[]}"
000000000000000000b1,0.0,278.0,10.0,66.0,49.0,2608.0,14.0,5682.0,"{""type"":""MultiPoint"",""coordinates"":[]}"
000000000000000000b0,0.0,279.0,1.0,67.0,49.0,2763.0,32.0,5681.0,"{""type"":""MultiPoint"",""coordinates"":[]}"
00000000000000000747,0.0,164.0,-43.0,7.0,49.0,2967.0,10.0,7368.0,"{""type"":""MultiPoint"",""coordinates"":[]}"
00000000000000000e65,0.0,196.0,23.0,65.0,49.0,2456.0,28.0,1115.0,"{""type"":""MultiPoint"",""coordinates"":[]}"
00000000000000000e5a,0.0,204.0,32.0,24.0,49.0,2843.0,0.0,1104.0,"{""type"":""MultiPoint"",""coordinates"":[]}"
00000000000000000715,0.0,157.0,6.0,-7.0,49.0,2594.0,2.0,7318.0,"{""type"":""MultiPoint"",""coordinates"":[]}"
0000000000000000074b,0.0,173.0,-73.0,-22.0,49.0,2650.0,23.0,7372.0,"{""type"":""MultiPoint"",""coordinates"":[]}"
00000000000000000e5f,0.0,189.0,80.0,119.0,49.0,2655.0,101.0,1109.0,"{""type"":""MultiPoint"",""coordinates"":[]}"
00000000000000000e62,0.0,221.0,64.0,-4.0,49.0,2777.0,-31.0,1112.0,"{""type"":""MultiPoint"",""coordinates"":[]}"
00000000000000000e63,0.0,221.0,73.0,47.0,49.0,2870.0,33.0,1113.0,"{""type"":""MultiPoint"",""coordinates"":[]}"
000000000000000006d7,0.0,238.0,-4.0,-26.0,49.0,2701.0,19.0,7256.0,"{""type"":""MultiPoint"",""coordinates"":[]}"
000000000000000000e0,0.0,285.0,-44.0,31.0,49.0,2347.0,35.0,5729.0,"{""type"":""MultiPoint"",""coordinates"":[]}"
00000000000000000107,0.0,285.0,-44.0,30.0,49.0,2347.0,35.0,5768.0,"{""type"":""MultiPoint"",""coordinates"":[]}"
00000000000000000133,0.0,183.0,-52.0,52.0,49.0,2727.0,76.0,5812.0,"{""type"":""MultiPoint"",""coordinates"":[]}"
00000000000000000e60,0.0,223.0,60.0,-17.0,49.0,2722.0,-24.0,1110.0,"{""type"":""MultiPoint"",""coordinates"":[]}"
00000000000000000e61,0.0,223.0,38.0,-4.0,49.0,2810.0,-19.0,1111.0,"{""type"":""MultiPoint"",""coordinates"":[]}"
000000000000000000dc,0.0,231.0,-26.0,-31.0,49.0,2394.0,-14.0,5725.0,"{""type"":""MultiPoint"",""coordinates"":[]}"
000000000000000000dd,0.0,287.0,9.0,28.0,49.0,2426.0,6.0,5726.0,"{""type"":""MultiPoint"",""coordinates"":[]}"
00000000000000000e0c,0.0,48.0,-278.0,-77.0,51.0,2950.0,10.0,1026.0,"{""type"":""MultiPoint"",""coordinates"":[]}"
00000000000000000cbc,0.0,76.0,150.0,137.0,51.0,2434.0,-26.0,690.0,"{""type"":""MultiPoint"",""coordinates"":[]}"
00000000000000000c19,0.0,152.0,28.0,-5.0,51.0,2610.0,10.0,527.0,"{""type"":""MultiPoint"",""coordinates"":[]}"
00000000000000000b4c,0.0,184.0,0.0,-8.0,51.0,2661.0,-26.0,322.0,"{""type"":""MultiPoint"",""coordinates"":[]}"
00000000000000000b55,0.0,184.0,9.0,-18.0,51.0,2685.0,-10.0,331.0,"{""type"":""MultiPoint"",""coordinates"":[]}"
00000000000000000cf6,0.0,192.0,53.0,-88.0,51.0,2325.0,-22.0,748.0,"{""type"":""MultiPoint"",""coordinates"":[]}"
00000000000000000c11,0.0,153.0,11.0,4.0,51.0,2621.0,1.0,519.0,"{""type"":""MultiPoint"",""coordinates"":[]}"
00000000000000000c18,0.0,153.0,54.0,7.0,51.0,2519.0,7.0,526.0,"{""type"":""MultiPoint"",""coordinates"":[]}"
00000000000000000b47,0.0,177.0,7.0,88.0,51.0,2528.0,68.0,317.0,"{""type"":""MultiPoint"",""coordinates"":[]}"
00000000000000000b4d,0.0,185.0,17.0,-4.0,51.0,2477.0,-15.0,323.0,"{""type"":""MultiPoint"",""coordinates"":[]}"
00000000000000000b4e,0.0,185.0,-16.0,-27.0,51.0,2589.0,-34.0,324.0,"{""type"":""MultiPoint"",""coordinates"":[]}"
00000000000000000b56,0.0,185.0,-15.0,-24.0,51.0,2582.0,-34.0,332.0,"{""type"":""MultiPoint"",""coordinates"":[]}"
00000000000000000b64,0.0,193.0,6.0,101.0,51.0,2489.0,38.0,346.0,"{""type"":""MultiPoint"",""coordinates"":[]}"
00000000000000000b5e,0.0,209.0,37.0,41.0,51.0,2459.0,12.0,340.0,"{""type"":""MultiPoint"",""coordinates"":[]}"
00000000000000000b11,0.0,154.0,26.0,41.0,51.0,2377.0,9.0,263.0,"{""type"":""MultiPoint"",""coordinates"":[]}"
00000000000000000c0e,0.0,154.0,66.0,8.0,51.0,2610.0,7.0,516.0,"{""type"":""MultiPoint"",""coordinates"":[]}"
00000000000000000c12,0.0,154.0,0.0,-19.0,51.0,2550.0,-21.0,520.0,"{""type"":""MultiPoint"",""coordinates"":[]}"
00000000000000000afb,0.0,178.0,-4.0,38.0,51.0,2517.0,-15.0,241.0,"{""type"":""MultiPoint"",""coordinates"":[]}"
00000000000000000afd,0.0,178.0,12.0,51.0,51.0,2463.0,13.0,243.0,"{""type"":""MultiPoint"",""coordinates"":[]}"
00000000000000000b45,0.0,178.0,37.0,61.0,51.0,2433.0,23.0,315.0,"{""type"":""MultiPoint"",""coordinates"":[]}"
00000000000000000b57,0.0,186.0,-17.0,-10.0,51.0,2495.0,-24.0,333.0,"{""type"":""MultiPoint"",""coordinates"":[]}"
00000000000000000b58,0.0,186.0,-1.0,11.0,51.0,2490.0,1.0,334.0,"{""type"":""MultiPoint"",""coordinates"":[]}"
00000000000000000c0f,0.0,155.0,7.0,-2.0,51.0,2528.0,16.0,517.0,"{""type"":""MultiPoint"",""coordinates"":[]}"
00000000000000000c10,0.0,155.0,-21.0,-13.0,51.0,2687.0,-10.0,518.0,"{""type"":""MultiPoint"",""coordinates"":[]}"
00000000000000000ae6,0.0,163.0,-24.0,58.0,51.0,2381.0,-2.0,220.0,"{""type"":""MultiPoint"",""coordinates"":[]}"
00000000000000000ae7,0.0,163.0,17.0,56.0,51.0,2326.0,14.0,221.0,"{""type"":""MultiPoint"",""coordinates"":[]}"
00000000000000000ac3,0.0,171.0,-40.0,18.0,51.0,2536.0,15.0,185.0,"{""type"":""MultiPoint"",""coordinates"":[]}"
00000000000000000b66,0.0,203.0,39.0,40.0,51.0,2446.0,1.0,348.0,"{""type"":""MultiPoint"",""coordinates"":[]}"
00000000000000000d0f,0.0,203.0,-74.0,-92.0,51.0,2411.0,-27.0,773.0,"{""type"":""MultiPoint"",""coordinates"":[]}"
00000000000000000e0d,0.0,45.0,-251.0,-229.0,51.0,2675.0,-143.0,1027.0,"{""type"":""MultiPoint"",""coordinates"":[]}"
00000000000000000e0f,0.0,51.0,18.0,-46.0,51.0,2888.0,11.0,1029.0,"{""type"":""MultiPoint"",""coordinates"":[]}"
00000000000000000bcb,0.0,106.0,-69.0,61.0,51.0,2478.0,43.0,449.0,"{""type"":""MultiPoint"",""coordinates"":[]}"
00000000000000000c3a,0.0,114.0,-12.0,-8.0,51.0,2713.0,79.0,560.0,"{""type"":""MultiPoint"",""coordinates"":[]}"
00000000000000000ae9,0.0,164.0,17.0,23.0,51.0,2491.0,-11.0,223.0,"{""type"":""MultiPoint"",""coordinates"":[]}"
00000000000000000d38,0.0,212.0,36.0,50.0,51.0,2825.0,71.0,814.0,"{""type"":""MultiPoint"",""coordinates"":[]}"
00000000000000000d39,0.0,212.0,67.0,61.0,51.0,2589.0,39.0,815.0,"{""type"":""MultiPoint"",""coordinates"":[]}"
00000000000000000a12,0.0,165.0,3.0,26.0,51.0,2454.0,83.0,8.0,"{""type"":""MultiPoint"",""coordinates"":[]}"
00000000000000000aeb,0.0,165.0,12.0,60.0,51.0,2398.0,-10.0,225.0,"{""type"":""MultiPoint"",""coordinates"":[]}"
00000000000000000b17,0.0,181.0,-8.0,3.0,51.0,2340.0,-5.0,269.0,"{""type"":""MultiPoint"",""coordinates"":[]}"
00000000000000000b27,0.0,197.0,17.0,64.0,51.0,2463.0,40.0,285.0,"{""type"":""MultiPoint"",""coordinates"":[]}"
00000000000000000b5f,0.0,213.0,51.0,46.0,51.0,2418.0,5.0,341.0,"{""type"":""MultiPoint"",""coordinates"":[]}"
00000000000000000d36,0.0,213.0,20.0,-78.0,51.0,2525.0,-30.0,812.0,"{""type"":""MultiPoint"",""coordinates"":[]}"
00000000000000000d37,0.0,213.0,-33.0,-58.0,51.0,2588.0,-29.0,813.0,"{""type"":""MultiPoint"",""coordinates"":[]}"
00000000000000000cb9,0.0,75.0,114.0,111.0,51.0,2434.0,-24.0,687.0,"{""type"":""MultiPoint"",""coordinates"":[]}"
00000000000000000c33,0.0,115.0,-11.0,-16.0,51.0,2762.0,100.0,553.0,"{""type"":""MultiPoint"",""coordinates"":[]}"
00000000000000000c34,0.0,115.0,70.0,21.0,51.0,2663.0,95.0,554.0,"{""type"":""MultiPoint"",""coordinates"":[]}"
00000000000000000c36,0.0,115.0,20.0,-36.0,51.0,2676.0,10.0,556.0,"{""type"":""MultiPoint"",""coordinates"":[]}"
00000000000000000b18,0.0,182.0,29.0,33.0,51.0,2332.0,16.0,270.0,"{""type"":""MultiPoint"",""coordinates"":[]}"
00000000000000000cf7,0.0,190.0,15.0,-26.0,51.0,2342.0,-31.0,749.0,"{""type"":""MultiPoint"",""coordinates"":[]}"
00000000000000000b21,0.0,198.0,26.0,77.0,51.0,2461.0,60.0,279.0,"{""type"":""MultiPoint"",""coordinates"":[]}"
00000000000000000d35,0.0,214.0,-10.0,-82.0,51.0,2496.0,-32.0,811.0,"{""type"":""MultiPoint"",""coordinates"":[]}"
00000000000000000b44,0.0,167.0,-39.0,55.0,51.0,2610.0,44.0,314.0,"{""type"":""MultiPoint"",""coordinates"":[]}"
00000000000000000b54,0.0,183.0,25.0,-11.0,51.0,2607.0,-14.0,330.0,"{""type"":""MultiPoint"",""coordinates"":[]}"
00000000000000000b5c,0.0,207.0,87.0,8.0,51.0,2349.0,-6.0,338.0,"{""type"":""MultiPoint"",""coordinates"":[]}"
00000000000000000b61,0.0,215.0,63.0,20.0,51.0,2349.0,16.0,343.0,"{""type"":""MultiPoint"",""coordinates"":[]}"
00000000000000000d34,0.0,215.0,19.0,34.0,51.0,2474.0,25.0,810.0,"{""type"":""MultiPoint"",""coordinates"":[]}"
00000000000000000bea,0.0,54.0,-41.0,37.0,53.0,2359.0,62.0,480.0,"{""type"":""MultiPoint"",""coordinates"":[]}"
00000000000000000c08,0.0,81.0,34.0,59.0,53.0,2411.0,95.0,510.0,"{""type"":""MultiPoint"",""coordinates"":[]}"
00000000000000000beb,0.0,57.0,3.0,12.0,53.0,2618.0,106.0,481.0,"{""type"":""MultiPoint"",""coordinates"":[]}"
00000000000000000bec,0.0,57.0,-98.0,-34.0,53.0,2701.0,35.0,482.0,"{""type"":""MultiPoint"",""coordinates"":[]}"
00000000000000000cd3,0.0,190.0,-4.0,-18.0,53.0,2595.0,-9.0,713.0,"{""type"":""MultiPoint"",""coordinates"":[]}"
0000000000000000001f,0.0,176.0,19.0,-52.0,55.0,2684.0,-57.0,2980.0,"{""type"":""MultiPoint"",""coordinates"":[]}"
0000000000000000158f,0.0,176.0,4.0,-62.0,55.0,2744.0,-26.0,2983.0,"{""type"":""MultiPoint"",""coordinates"":[]}"
00000000000000001591,0.0,178.0,62.0,-10.0,55.0,2645.0,29.0,2985.0,"{""type"":""MultiPoint"",""coordinates"":[]}"
00000000000000000015,0.0,172.0,74.0,55.0,55.0,2854.0,40.0,2970.0,"{""type"":""MultiPoint"",""coordinates"":[]}"
00000000000000000016,0.0,173.0,68.0,28.0,55.0,2548.0,16.0,2971.0,"{""type"":""MultiPoint"",""coordinates"":[]}"
00000000000000000010,0.0,175.0,60.0,-48.0,55.0,2822.0,-37.0,2965.0,"{""type"":""MultiPoint"",""coordinates"":[]}"
00000000000000000019,0.0,175.0,85.0,5.0,55.0,2886.0,-8.0,2974.0,"{""type"":""MultiPoint"",""coordinates"":[]}"
00000000000000000c47,0.0,184.0,88.0,-20.0,59.0,2623.0,4.0,573.0,"{""type"":""MultiPoint"",""coordinates"":[]}"
00000000000000000bc6,0.0,177.0,-43.0,-24.0,59.0,2747.0,-40.0,444.0,"{""type"":""MultiPoint"",""coordinates"":[]}"
00000000000000000c7e,0.0,177.0,97.0,7.0,59.0,2466.0,39.0,628.0,"{""type"":""MultiPoint"",""coordinates"":[]}"
00000000000000000c8e,0.0,177.0,72.0,-27.0,59.0,2478.0,13.0,644.0,"{""type"":""MultiPoint"",""coordinates"":[]}"
00000000000000000c90,0.0,177.0,57.0,-34.0,59.0,2526.0,2.0,646.0,"{""type"":""MultiPoint"",""coordinates"":[]}"
00000000000000000ca8,0.0,177.0,51.0,6.0,59.0,2509.0,18.0,670.0,"{""type"":""MultiPoint"",""coordinates"":[]}"
00000000000000000c51,0.0,178.0,71.0,50.0,59.0,2781.0,35.0,583.0,"{""type"":""MultiPoint"",""coordinates"":[]}"
00000000000000000c5e,0.0,178.0,107.0,38.0,59.0,2684.0,33.0,596.0,"{""type"":""MultiPoint"",""coordinates"":[]}"
00000000000000000c61,0.0,178.0,109.0,41.0,59.0,2740.0,27.0,599.0,"{""type"":""MultiPoint"",""coordinates"":[]}"
00000000000000000c72,0.0,178.0,77.0,33.0,59.0,2689.0,21.0,616.0,"{""type"":""MultiPoint"",""coordinates"":[]}"
00000000000000000bc7,0.0,180.0,53.0,-7.0,59.0,2621.0,-30.0,445.0,"{""type"":""MultiPoint"",""coordinates"":[]}"
00000000000000000bc9,0.0,180.0,25.0,-10.0,59.0,2572.0,-13.0,447.0,"{""type"":""MultiPoint"",""coordinates"":[]}"
00000000000000000bc8,0.0,181.0,-186.0,-230.0,59.0,3014.0,-119.0,446.0,"{""type"":""MultiPoint"",""coordinates"":[]}"
00000000000000000c80,0.0,175.0,51.0,-49.0,59.0,2652.0,-25.0,630.0,"{""type"":""MultiPoint"",""coordinates"":[]}"
00000000000000000caa,0.0,175.0,61.0,-16.0,59.0,2608.0,-13.0,672.0,"{""type"":""MultiPoint"",""coordinates"":[]}"
00000000000000000c46,0.0,183.0,36.0,-18.0,59.0,2637.0,-17.0,572.0,"{""type"":""MultiPoint"",""coordinates"":[]}"
00000000000000000c6d,0.0,183.0,58.0,14.0,59.0,2739.0,19.0,611.0,"{""type"":""MultiPoint"",""coordinates"":[]}"
00000000000000000c7f,0.0,183.0,-27.0,-29.0,59.0,2702.0,8.0,629.0,"{""type"":""MultiPoint"",""coordinates"":[]}"
00000000000000000f84,0.0,12.0,94.0,-54.0,61.0,2514.0,13.0,1402.0,"{""type"":""MultiPoint"",""coordinates"":[]}"
00000000000000000f85,0.0,12.0,60.0,-62.0,61.0,2615.0,7.0,1403.0,"{""type"":""MultiPoint"",""coordinates"":[]}"
00000000000000000f86,0.0,12.0,29.0,-57.0,61.0,2370.0,5.0,1404.0,"{""type"":""MultiPoint"",""coordinates"":[]}"
00000000000000000f88,0.0,12.0,34.0,-23.0,61.0,2616.0,32.0,1406.0,"{""type"":""MultiPoint"",""coordinates"":[]}"
00000000000000000f87,0.0,13.0,47.0,-8.0,61.0,2390.0,24.0,1405.0,"{""type"":""MultiPoint"",""coordinates"":[]}"
00000000000000000f61,0.0,15.0,32.0,26.0,61.0,2692.0,63.0,1367.0,"{""type"":""MultiPoint"",""coordinates"":[]}"
00000000000000000f64,0.0,15.0,-2.0,63.0,61.0,2574.0,106.0,1370.0,"{""type"":""MultiPoint"",""coordinates"":[]}"
00000000000000000f7c,0.0,19.0,-32.0,-49.0,61.0,2714.0,10.0,1394.0,"{""type"":""MultiPoint"",""coordinates"":[]}"
00000000000000000f7d,0.0,19.0,-41.0,-90.0,61.0,2823.0,-18.0,1395.0,"{""type"":""MultiPoint"",""coordinates"":[]}"
00000000000000000f7e,0.0,19.0,-6.0,-35.0,61.0,2726.0,19.0,1396.0,"{""type"":""MultiPoint"",""coordinates"":[]}"
00000000000000000f74,0.0,28.0,-16.0,-34.0,61.0,2405.0,8.0,1386.0,"{""type"":""MultiPoint"",""coordinates"":[]}"
00000000000000000d8e,0.0,184.0,118.0,15.0,61.0,2639.0,25.0,900.0,"{""type"":""MultiPoint"",""coordinates"":[]}"
00000000000000000d92,0.0,184.0,102.0,-31.0,61.0,2524.0,4.0,904.0,"{""type"":""MultiPoint"",""coordinates"":[]}"
00000000000000000d93,0.0,184.0,19.0,3.0,61.0,2483.0,-17.0,905.0,"{""type"":""MultiPoint"",""coordinates"":[]}"
00000000000000000d94,0.0,184.0,33.0,12.0,61.0,2495.0,15.0,906.0,"{""type"":""MultiPoint"",""coordinates"":[]}"
00000000000000000d4e,0.0,177.0,107.0,0.0,61.0,2430.0,20.0,836.0,"{""type"":""MultiPoint"",""coordinates"":[]}"
00000000000000000d56,0.0,177.0,101.0,-31.0,61.0,2764.0,-16.0,844.0,"{""type"":""MultiPoint"",""coordinates"":[]}"
00000000000000000d95,0.0,183.0,85.0,8.0,61.0,2496.0,10.0,907.0,"{""type"":""MultiPoint"",""coordinates"":[]}"
00000000000000000d96,0.0,183.0,68.0,21.0,61.0,2537.0,8.0,908.0,"{""type"":""MultiPoint"",""coordinates"":[]}"
00000000000000000d97,0.0,183.0,78.0,26.0,61.0,2515.0,9.0,909.0,"{""type"":""MultiPoint"",""coordinates"":[]}"
00000000000000000d98,0.0,183.0,98.0,17.0,61.0,2475.0,-16.0,910.0,"{""type"":""MultiPoint"",""coordinates"":[]}"
00000000000000000d99,0.0,183.0,86.0,6.0,61.0,2510.0,15.0,911.0,"{""type"":""MultiPoint"",""coordinates"":[]}"
00000000000000000d9a,0.0,183.0,176.0,54.0,61.0,2438.0,26.0,912.0,"{""type"":""MultiPoint"",""coordinates"":[]}"
00000000000000000d9b,0.0,183.0,25.0,31.0,61.0,2530.0,37.0,913.0,"{""type"":""MultiPoint"",""coordinates"":[]}"
00000000000000000d9c,0.0,183.0,49.0,15.0,61.0,2566.0,18.0,914.0,"{""type"":""MultiPoint"",""coordinates"":[]}"
00000000000000000d9d,0.0,183.0,-28.0,5.0,61.0,2605.0,37.0,915.0,"{""type"":""MultiPoint"",""coordinates"":[]}"
00000000000000000fd1,0.0,76.0,-50.0,177.0,63.0,2872.0,28.0,1479.0,"{""type"":""MultiPoint"",""coordinates"":[]}"
00000000000000000fd2,0.0,85.0,18.0,234.0,63.0,2847.0,29.0,1480.0,"{""type"":""MultiPoint"",""coordinates"":[]}"
00000000000000000fa6,0.0,93.0,-15.0,147.0,63.0,2977.0,10.0,1436.0,"{""type"":""MultiPoint"",""coordinates"":[]}"
00000000000000000fa7,0.0,93.0,24.0,115.0,63.0,2967.0,-25.0,1437.0,"{""type"":""MultiPoint"",""coordinates"":[]}"
00000000000000000fd0,0.0,93.0,-47.0,254.0,63.0,2591.0,18.0,1478.0,"{""type"":""MultiPoint"",""coordinates"":[]}"
00000000000000000fdc,0.0,51.0,42.0,-38.0,63.0,2879.0,61.0,1490.0,"{""type"":""MultiPoint"",""coordinates"":[]}"
00000000000000000f9b,0.0,94.0,-45.0,198.0,63.0,2508.0,-24.0,1425.0,"{""type"":""MultiPoint"",""coordinates"":[]}"
00000000000000000e4b,0.0,190.0,86.0,81.0,63.0,2619.0,53.0,1089.0,"{""type"":""MultiPoint"",""coordinates"":[]}"
00000000000000000e4c,0.0,191.0,224.0,98.0,63.0,2790.0,77.0,1090.0,"{""type"":""MultiPoint"",""coordinates"":[]}"
00000000000000000e4e,0.0,191.0,46.0,86.0,63.0,2532.0,78.0,1092.0,"{""type"":""MultiPoint"",""coordinates"":[]}"
00000000000000001142,0.0,228.0,-45.0,11.0,66.0,2790.0,7.0,1848.0,"{""type"":""MultiPoint"",""coordinates"":[]}"
00000000000000001143,0.0,238.0,-111.0,-105.0,66.0,2661.0,-35.0,1849.0,"{""type"":""MultiPoint"",""coordinates"":[]}"
00000000000000001144,0.0,238.0,-100.0,-108.0,66.0,2717.0,-62.0,1850.0,"{""type"":""MultiPoint"",""coordinates"":[]}"
00000000000000001145,0.0,238.0,-96.0,-57.0,66.0,2692.0,-23.0,1851.0,"{""type"":""MultiPoint"",""coordinates"":[]}"
00000000000000001146,0.0,238.0,-97.0,-90.0,66.0,2725.0,-40.0,1852.0,"{""type"":""MultiPoint"",""coordinates"":[]}"
0000000000000000116a,0.0,116.0,-189.0,34.0,67.0,2662.0,48.0,1888.0,"{""type"":""MultiPoint"",""coordinates"":[]}"
0000000000000000116b,0.0,116.0,-123.0,57.0,67.0,2603.0,10.0,1889.0,"{""type"":""MultiPoint"",""coordinates"":[]}"
0000000000000000116c,0.0,116.0,65.0,99.0,67.0,2782.0,21.0,1890.0,"{""type"":""MultiPoint"",""coordinates"":[]}"
0000000000000000116e,0.0,116.0,-495.0,-145.0,67.0,2687.0,-80.0,1892.0,"{""type"":""MultiPoint"",""coordinates"":[]}"
000000000000000011a2,0.0,293.0,-19.0,-23.0,67.0,2729.0,1.0,1944.0,"{""type"":""MultiPoint"",""coordinates"":[]}"
000000000000000011a4,0.0,293.0,-116.0,-72.0,67.0,2741.0,-58.0,1946.0,"{""type"":""MultiPoint"",""coordinates"":[]}"
000000000000000011a5,0.0,293.0,-113.0,-94.0,67.0,2881.0,-101.0,1947.0,"{""type"":""MultiPoint"",""coordinates"":[]}"
000000000000000011a6,0.0,293.0,-78.0,-42.0,67.0,2801.0,-75.0,1948.0,"{""type"":""MultiPoint"",""coordinates"":[]}"
000000000000000011a7,0.0,293.0,-80.0,-103.0,67.0,2954.0,-90.0,1949.0,"{""type"":""MultiPoint"",""coordinates"":[]}"
000000000000000011a8,0.0,293.0,-104.0,-78.0,67.0,2840.0,-59.0,1950.0,"{""type"":""MultiPoint"",""coordinates"":[]}"
000000000000000011a9,0.0,293.0,-104.0,-14.0,67.0,2869.0,-34.0,1951.0,"{""type"":""MultiPoint"",""coordinates"":[]}"
0000000000000000116f,0.0,115.0,-79.0,132.0,67.0,2795.0,3.0,1893.0,"{""type"":""MultiPoint"",""coordinates"":[]}"
00000000000000001173,0.0,115.0,23.0,150.0,67.0,2740.0,45.0,1897.0,"{""type"":""MultiPoint"",""coordinates"":[]}"
000000000000000011ad,0.0,301.0,26.0,-46.0,67.0,2768.0,-30.0,1955.0,"{""type"":""MultiPoint"",""coordinates"":[]}"
00000000000000001c0e,2.5,417.0,442.0,118.0,36.0,2109.0,209.0,4646.0,"{""type"":""MultiPoint"",""coordinates"":[]}"
000000000000000014d6,2.5,554.0,311.0,248.0,36.0,2292.0,273.0,2764.0,"{""type"":""MultiPoint"",""coordinates"":[]}"
0000000000000000134f,2.5,714.0,333.0,349.0,36.0,2215.0,407.0,2373.0,"{""type"":""MultiPoint"",""coordinates"":[]}"
000000000000000003cb,2.5,63.0,693.0,435.0,36.0,2408.0,442.0,6476.0,"{""type"":""MultiPoint"",""coordinates"":[]}"
000000000000000003db,2.5,91.0,398.0,456.0,36.0,2293.0,438.0,6492.0,"{""type"":""MultiPoint"",""coordinates"":[]}"
0000000000000000189f,2.5,580.0,206.0,459.0,38.0,2345.0,446.0,3767.0,"{""type"":""MultiPoint"",""coordinates"":[]}"
000000000000000017e3,2.5,617.0,-68.0,348.0,38.0,2396.0,249.0,3579.0,"{""type"":""MultiPoint"",""coordinates"":[]}"
000000000000000017a2,2.5,558.0,91.0,261.0,38.0,2279.0,224.0,3514.0,"{""type"":""MultiPoint"",""coordinates"":[]}"
0000000000000000176e,2.5,476.0,264.0,393.0,38.0,2138.0,444.0,3462.0,"{""type"":""MultiPoint"",""coordinates"":[]}"
0000000000000000181c,2.5,568.0,127.0,213.0,38.0,2234.0,250.0,3636.0,"{""type"":""MultiPoint"",""coordinates"":[]}"
0000000000000000075a,2.5,297.0,281.0,252.0,44.0,2293.0,376.0,7387.0,"{""type"":""MultiPoint"",""coordinates"":[]}"
00000000000000000371,2.5,458.0,324.0,321.0,44.0,2277.0,418.0,6386.0,"{""type"":""MultiPoint"",""coordinates"":[]}"
00000000000000000592,2.5,355.0,-30.0,349.0,48.0,2427.0,266.0,6931.0,"{""type"":""MultiPoint"",""coordinates"":[]}"
00000000000000000eea,2.5,64.0,514.0,321.0,60.0,2062.0,585.0,1248.0,"{""type"":""MultiPoint"",""coordinates"":[]}"
00000000000000000a15,2.5,186.0,366.0,252.0,60.0,2266.0,370.0,11.0,"{""type"":""MultiPoint"",""coordinates"":[]}"
00000000000000001034,2.5,64.0,385.0,92.0,64.0,2292.0,220.0,1578.0,"{""type"":""MultiPoint"",""coordinates"":[]}"
0000000000000000020f,2.5,772.0,368.0,286.0,33.0,2307.0,333.0,6032.0,"{""type"":""MultiPoint"",""coordinates"":[]}"
00000000000000001c33,2.5,714.0,318.0,425.0,37.0,2199.0,477.0,4683.0,"{""type"":""MultiPoint"",""coordinates"":[]}"
00000000000000000477,2.5,600.0,462.0,134.0,37.0,2199.0,273.0,6648.0,"{""type"":""MultiPoint"",""coordinates"":[]}"
0000000000000000081f,2.5,313.0,296.0,349.0,43.0,2090.0,514.0,7584.0,"{""type"":""MultiPoint"",""coordinates"":[]}"
00000000000000001e4b,2.5,343.0,154.0,221.0,45.0,2509.0,325.0,5219.0,"{""type"":""MultiPoint"",""coordinates"":[]}"
00000000000000001e5b,2.5,281.0,454.0,215.0,45.0,2409.0,269.0,5235.0,"{""type"":""MultiPoint"",""coordinates"":[]}"
00000000000000001e6b,2.5,345.0,462.0,264.0,45.0,2171.0,415.0,5251.0,"{""type"":""MultiPoint"",""coordinates"":[]}"
00000000000000001e44,2.5,333.0,432.0,231.0,45.0,2282.0,400.0,5212.0,"{""type"":""MultiPoint"",""coordinates"":[]}"
0000000000000000015c,2.5,216.0,184.0,256.0,49.0,2404.0,319.0,5853.0,"{""type"":""MultiPoint"",""coordinates"":[]}"
000000000000000000f2,2.5,272.0,267.0,271.0,49.0,2150.0,455.0,5747.0,"{""type"":""MultiPoint"",""coordinates"":[]}"
00000000000000000119,2.5,272.0,271.0,272.0,49.0,2148.0,457.0,5786.0,"{""type"":""MultiPoint"",""coordinates"":[]}"
000000000000000006eb,2.5,352.0,-30.0,372.0,49.0,2657.0,283.0,7276.0,"{""type"":""MultiPoint"",""coordinates"":[]}"
000000000000000000f1,2.5,273.0,137.0,202.0,49.0,2314.0,365.0,5746.0,"{""type"":""MultiPoint"",""coordinates"":[]}"
00000000000000000118,2.5,273.0,133.0,201.0,49.0,2315.0,365.0,5785.0,"{""type"":""MultiPoint"",""coordinates"":[]}"
0000000000000000015d,2.5,210.0,300.0,123.0,49.0,2362.0,281.0,5854.0,"{""type"":""MultiPoint"",""coordinates"":[]}"
00000000000000000058,2.5,260.0,50.0,355.0,49.0,2494.0,390.0,5593.0,"{""type"":""MultiPoint"",""coordinates"":[]}"
000000000000000000d8,2.5,292.0,496.0,262.0,49.0,2172.0,403.0,5721.0,"{""type"":""MultiPoint"",""coordinates"":[]}"
00000000000000000edc,2.5,158.0,303.0,364.0,49.0,2298.0,411.0,1234.0,"{""type"":""MultiPoint"",""coordinates"":[]}"
000000000000000000c5,2.5,269.0,744.0,284.0,49.0,2053.0,479.0,5702.0,"{""type"":""MultiPoint"",""coordinates"":[]}"
00000000000000000ec1,2.5,159.0,535.0,212.0,49.0,2476.0,247.0,1207.0,"{""type"":""MultiPoint"",""coordinates"":[]}"
000000000000000000f3,2.5,271.0,314.0,174.0,49.0,2239.0,350.0,5748.0,"{""type"":""MultiPoint"",""coordinates"":[]}"
0000000000000000011a,2.5,271.0,315.0,176.0,49.0,2237.0,352.0,5787.0,"{""type"":""MultiPoint"",""coordinates"":[]}"
00000000000000000b9f,2.5,179.0,401.0,273.0,59.0,2285.0,416.0,405.0,"{""type"":""MultiPoint"",""coordinates"":[]}"
00000000000000000c5c,2.5,183.0,-30.0,149.0,59.0,2434.0,370.0,594.0,"{""type"":""MultiPoint"",""coordinates"":[]}"
00000000000000000f99,2.5,97.0,536.0,454.0,63.0,2056.0,396.0,1423.0,"{""type"":""MultiPoint"",""coordinates"":[]}"
0000000000000000118c,2.5,114.0,412.0,230.0,67.0,2396.0,224.0,1922.0,"{""type"":""MultiPoint"",""coordinates"":[]}"
00000000000000001190,2.5,302.0,631.0,341.0,67.0,1911.0,592.0,1926.0,"{""type"":""MultiPoint"",""coordinates"":[]}"
00000000000000001477,2.75,642.0,529.0,221.0,36.0,2091.0,450.0,2669.0,"{""type"":""MultiPoint"",""coordinates"":[]}"
00000000000000001544,2.75,743.0,183.0,231.0,36.0,2331.0,376.0,2874.0,"{""type"":""MultiPoint"",""coordinates"":[]}"
000000000000000014e5,2.75,531.0,887.0,368.0,36.0,1740.0,547.0,2779.0,"{""type"":""MultiPoint"",""coordinates"":[]}"
000000000000000012fe,2.75,598.0,420.0,312.0,36.0,2132.0,442.0,2292.0,"{""type"":""MultiPoint"",""coordinates"":[]}"
0000000000000000147a,2.75,568.0,390.0,313.0,36.0,2161.0,485.0,2672.0,"{""type"":""MultiPoint"",""coordinates"":[]}"
000000000000000014d0,2.75,538.0,862.0,352.0,36.0,1656.0,587.0,2758.0,"{""type"":""MultiPoint"",""coordinates"":[]}"
0000000000000000144e,2.75,541.0,452.0,232.0,36.0,2035.0,515.0,2628.0,"{""type"":""MultiPoint"",""coordinates"":[]}"
0000000000000000151b,2.75,735.0,124.0,268.0,36.0,2353.0,310.0,2833.0,"{""type"":""MultiPoint"",""coordinates"":[]}"
000000000000000017b2,2.75,592.0,84.0,311.0,38.0,2402.0,357.0,3530.0,"{""type"":""MultiPoint"",""coordinates"":[]}"
00000000000000001c9e,2.75,530.0,358.0,240.0,38.0,2261.0,291.0,4790.0,"{""type"":""MultiPoint"",""coordinates"":[]}"
00000000000000001759,2.75,475.0,563.0,400.0,38.0,1848.0,563.0,3441.0,"{""type"":""MultiPoint"",""coordinates"":[]}"
00000000000000000497,2.75,635.0,538.0,227.0,38.0,2139.0,344.0,6680.0,"{""type"":""MultiPoint"",""coordinates"":[]}"
00000000000000001758,2.75,479.0,470.0,430.0,38.0,1918.0,571.0,3440.0,"{""type"":""MultiPoint"",""coordinates"":[]}"
0000000000000000176c,2.75,543.0,405.0,291.0,38.0,2043.0,428.0,3460.0,"{""type"":""MultiPoint"",""coordinates"":[]}"
000000000000000009ac,2.75,258.0,700.0,259.0,44.0,1806.0,489.0,7981.0,"{""type"":""MultiPoint"",""coordinates"":[]}"
000000000000000003a4,2.75,505.0,496.0,413.0,44.0,1987.0,527.0,6437.0,"{""type"":""MultiPoint"",""coordinates"":[]}"
000000000000000002d0,2.75,575.0,328.0,305.0,44.0,2180.0,438.0,6225.0,"{""type"":""MultiPoint"",""coordinates"":[]}"
00000000000000001f15,2.75,295.0,397.0,395.0,48.0,2198.0,463.0,5421.0,"{""type"":""MultiPoint"",""coordinates"":[]}"
0000000000000000065c,2.75,381.0,83.0,519.0,48.0,2298.0,473.0,7133.0,"{""type"":""MultiPoint"",""coordinates"":[]}"
00000000000000000a3d,2.75,186.0,468.0,262.0,60.0,2113.0,467.0,51.0,"{""type"":""MultiPoint"",""coordinates"":[]}"
000000000000000016fe,2.75,466.0,664.0,250.0,37.0,2066.0,375.0,3350.0,"{""type"":""MultiPoint"",""coordinates"":[]}"
00000000000000001728,2.75,466.0,667.0,253.0,37.0,2064.0,377.0,3392.0,"{""type"":""MultiPoint"",""coordinates"":[]}"
000000000000000016ec,2.75,762.0,184.0,285.0,37.0,2292.0,369.0,3332.0,"{""type"":""MultiPoint"",""coordinates"":[]}"
000000000000000018bf,2.75,568.0,333.0,561.0,39.0,2071.0,580.0,3799.0,"{""type"":""MultiPoint"",""coordinates"":[]}"
00000000000000001909,2.75,435.0,74.0,186.0,41.0,2461.0,177.0,3873.0,"{""type"":""MultiPoint"",""coordinates"":[]}"
0000000000000000190c,2.75,437.0,137.0,360.0,41.0,2350.0,394.0,3876.0,"{""type"":""MultiPoint"",""coordinates"":[]}"
00000000000000001a10,2.75,683.0,552.0,370.0,41.0,2029.0,462.0,4136.0,"{""type"":""MultiPoint"",""coordinates"":[]}"
00000000000000001907,2.75,438.0,366.0,250.0,41.0,2357.0,328.0,3871.0,"{""type"":""MultiPoint"",""coordinates"":[]}"
000000000000000019c6,2.75,590.0,592.0,450.0,41.0,1918.0,528.0,4062.0,"{""type"":""MultiPoint"",""coordinates"":[]}"
000000000000000019f1,2.75,701.0,482.0,206.0,41.0,2074.0,340.0,4105.0,"{""type"":""MultiPoint"",""coordinates"":[]}"
0000000000000000083d,2.75,322.0,462.0,353.0,43.0,2064.0,467.0,7614.0,"{""type"":""MultiPoint"",""coordinates"":[]}"
000000000000000008b0,2.75,342.0,169.0,256.0,43.0,2413.0,315.0,7729.0,"{""type"":""MultiPoint"",""coordinates"":[]}"
00000000000000000870,2.75,379.0,45.0,141.0,43.0,2523.0,227.0,7665.0,"{""type"":""MultiPoint"",""coordinates"":[]}"
00000000000000000024,2.75,288.0,428.0,376.0,49.0,2131.0,480.0,5541.0,"{""type"":""MultiPoint"",""coordinates"":[]}"
00000000000000000731,2.75,179.0,626.0,471.0,49.0,1784.0,641.0,7346.0,"{""type"":""MultiPoint"",""coordinates"":[]}"
00000000000000000e8d,2.75,187.0,155.0,482.0,49.0,2192.0,472.0,1155.0,"{""type"":""MultiPoint"",""coordinates"":[]}"
00000000000000000eab,2.75,156.0,855.0,398.0,49.0,2114.0,467.0,1185.0,"{""type"":""MultiPoint"",""coordinates"":[]}"
00000000000000000e8c,2.75,188.0,175.0,339.0,49.0,2443.0,321.0,1154.0,"{""type"":""MultiPoint"",""coordinates"":[]}"
000000000000000000bc,2.75,281.0,197.0,285.0,49.0,2357.0,334.0,5693.0,"{""type"":""MultiPoint"",""coordinates"":[]}"
00000000000000000e8b,2.75,189.0,278.0,417.0,49.0,2472.0,367.0,1153.0,"{""type"":""MultiPoint"",""coordinates"":[]}"
00000000000000000e6e,2.75,175.0,61.0,285.0,49.0,2535.0,288.0,1124.0,"{""type"":""MultiPoint"",""coordinates"":[]}"
00000000000000000e87,2.75,191.0,615.0,82.0,49.0,2574.0,183.0,1149.0,"{""type"":""MultiPoint"",""coordinates"":[]}"
00000000000000000b9e,2.75,179.0,249.0,112.0,59.0,2387.0,345.0,404.0,"{""type"":""MultiPoint"",""coordinates"":[]}"
00000000000000000f69,2.75,23.0,265.0,129.0,61.0,2348.0,280.0,1375.0,"{""type"":""MultiPoint"",""coordinates"":[]}"
00000000000000001138,2.75,227.0,560.0,274.0,66.0,1903.0,535.0,1838.0,"{""type"":""MultiPoint"",""coordinates"":[]}"
00000000000000001121,2.75,228.0,369.0,197.0,66.0,2302.0,357.0,1815.0,"{""type"":""MultiPoint"",""coordinates"":[]}"
000000000000000011b0,2.75,300.0,520.0,369.0,67.0,1926.0,556.0,1958.0,"{""type"":""MultiPoint"",""coordinates"":[]}"
000000000000000011ba,2.75,301.0,603.0,309.0,67.0,1930.0,564.0,1968.0,"{""type"":""MultiPoint"",""coordinates"":[]}"
000000000000000015a7,2.38,928.0,396.0,219.0,36.0,2351.0,335.0,3007.0,"{""type"":""MultiPoint"",""coordinates"":[]}"
0000000000000000153d,2.38,711.0,111.0,231.0,36.0,2351.0,302.0,2867.0,"{""type"":""MultiPoint"",""coordinates"":[]}"
0000000000000000040b,2.38,121.0,300.0,372.0,36.0,2423.0,364.0,6540.0,"{""type"":""MultiPoint"",""coordinates"":[]}"
0000000000000000160e,2.38,470.0,728.0,382.0,36.0,1964.0,555.0,3110.0,"{""type"":""MultiPoint"",""coordinates"":[]}"
00000000000000001488,2.38,532.0,313.0,197.0,36.0,2293.0,378.0,2686.0,"{""type"":""MultiPoint"",""coordinates"":[]}"
00000000000000001449,2.38,602.0,330.0,131.0,36.0,2395.0,319.0,2623.0,"{""type"":""MultiPoint"",""coordinates"":[]}"
000000000000000015cb,2.38,446.0,421.0,126.0,36.0,2017.0,197.0,3043.0,"{""type"":""MultiPoint"",""coordinates"":[]}"
00000000000000001393,2.38,671.0,259.0,217.0,36.0,2261.0,256.0,2441.0,"{""type"":""MultiPoint"",""coordinates"":[]}"
0000000000000000177c,2.38,483.0,45.0,275.0,38.0,2353.0,274.0,3476.0,"{""type"":""MultiPoint"",""coordinates"":[]}"
000000000000000002d4,2.38,609.0,345.0,342.0,44.0,2182.0,447.0,6229.0,"{""type"":""MultiPoint"",""coordinates"":[]}"
00000000000000001f0e,2.38,324.0,125.0,160.0,48.0,2429.0,180.0,5414.0,"{""type"":""MultiPoint"",""coordinates"":[]}"
00000000000000001f3d,2.38,212.0,532.0,264.0,48.0,2616.0,283.0,5461.0,"{""type"":""MultiPoint"",""coordinates"":[]}"
000000000000000005db,2.38,626.0,76.0,310.0,48.0,2497.0,301.0,7004.0,"{""type"":""MultiPoint"",""coordinates"":[]}"
00000000000000000698,2.38,378.0,103.0,221.0,48.0,2374.0,189.0,7193.0,"{""type"":""MultiPoint"",""coordinates"":[]}"
00000000000000000685,2.38,394.0,-88.0,367.0,48.0,2564.0,304.0,7174.0,"{""type"":""MultiPoint"",""coordinates"":[]}"
00000000000000001f49,2.38,254.0,-29.0,223.0,48.0,2442.0,281.0,5473.0,"{""type"":""MultiPoint"",""coordinates"":[]}"
00000000000000000696,2.38,380.0,-14.0,401.0,48.0,2315.0,316.0,7191.0,"{""type"":""MultiPoint"",""coordinates"":[]}"
00000000000000001d1b,2.38,159.0,70.0,95.0,54.0,2528.0,227.0,4915.0,"{""type"":""MultiPoint"",""coordinates"":[]}"
00000000000000000aa7,2.38,93.0,247.0,357.0,56.0,2269.0,444.0,157.0,"{""type"":""MultiPoint"",""coordinates"":[]}"
00000000000000000a78,2.38,86.0,254.0,412.0,56.0,2148.0,566.0,110.0,"{""type"":""MultiPoint"",""coordinates"":[]}"
00000000000000000a14,2.38,186.0,357.0,219.0,60.0,2198.0,407.0,10.0,"{""type"":""MultiPoint"",""coordinates"":[]}"
00000000000000000f16,2.38,59.0,221.0,152.0,60.0,2320.0,324.0,1292.0,"{""type"":""MultiPoint"",""coordinates"":[]}"
00000000000000000a54,2.38,183.0,491.0,267.0,60.0,2044.0,513.0,74.0,"{""type"":""MultiPoint"",""coordinates"":[]}"
00000000000000001001,2.38,30.0,881.0,121.0,64.0,2345.0,315.0,1527.0,"{""type"":""MultiPoint"",""coordinates"":[]}"
0000000000000000110c,2.38,178.0,945.0,389.0,65.0,1724.0,676.0,1794.0,"{""type"":""MultiPoint"",""coordinates"":[]}"
00000000000000001110,2.38,175.0,615.0,386.0,65.0,1866.0,655.0,1798.0,"{""type"":""MultiPoint"",""coordinates"":[]}"
0000000000000000109f,2.38,231.0,525.0,345.0,65.0,2243.0,543.0,1685.0,"{""type"":""MultiPoint"",""coordinates"":[]}"
000000000000000001b3,2.38,1015.0,352.0,359.0,33.0,2307.0,263.0,5940.0,"{""type"":""MultiPoint"",""coordinates"":[]}"
000000000000000001ae,2.38,1084.0,403.0,110.0,33.0,2260.0,165.0,5935.0,"{""type"":""MultiPoint"",""coordinates"":[]}"
00000000000000000006,2.38,672.0,95.0,223.0,37.0,2389.0,219.0,2955.0,"{""type"":""MultiPoint"",""coordinates"":[]}"
00000000000000001ae9,2.38,515.0,596.0,287.0,37.0,2157.0,394.0,4353.0,"{""type"":""MultiPoint"",""coordinates"":[]}"
00000000000000001b09,2.38,686.0,4.0,342.0,37.0,2390.0,326.0,4385.0,"{""type"":""MultiPoint"",""coordinates"":[]}"
0000000000000000046f,2.38,598.0,52.0,110.0,37.0,2484.0,147.0,6640.0,"{""type"":""MultiPoint"",""coordinates"":[]}"
0000000000000000195d,2.38,586.0,172.0,194.0,41.0,2562.0,220.0,3957.0,"{""type"":""MultiPoint"",""coordinates"":[]}"
00000000000000001a34,2.38,407.0,22.0,459.0,41.0,2615.0,438.0,4172.0,"{""type"":""MultiPoint"",""coordinates"":[]}"
0000000000000000195b,2.38,591.0,163.0,200.0,41.0,2632.0,249.0,3955.0,"{""type"":""MultiPoint"",""coordinates"":[]}"
00000000000000001944,2.38,392.0,51.0,311.0,41.0,2562.0,324.0,3932.0,"{""type"":""MultiPoint"",""coordinates"":[]}"
000000000000000009de,2.38,323.0,339.0,340.0,45.0,2157.0,416.0,8031.0,"{""type"":""MultiPoint"",""coordinates"":[]}"
00000000000000000a07,2.38,237.0,411.0,303.0,45.0,1981.0,542.0,8072.0,"{""type"":""MultiPoint"",""coordinates"":[]}"
00000000000000000dab,2.38,30.0,364.0,234.0,47.0,2458.0,300.0,929.0,"{""type"":""MultiPoint"",""coordinates"":[]}"
000000000000000005fe,2.38,418.0,261.0,330.0,49.0,2310.0,340.0,7039.0,"{""type"":""MultiPoint"",""coordinates"":[]}"
00000000000000000085,2.38,292.0,396.0,278.0,49.0,2226.0,418.0,5638.0,"{""type"":""MultiPoint"",""coordinates"":[]}"
00000000000000000c14,2.38,147.0,191.0,156.0,51.0,2560.0,234.0,522.0,"{""type"":""MultiPoint"",""coordinates"":[]}"
00000000000000000c83,2.38,176.0,305.0,233.0,59.0,2311.0,374.0,633.0,"{""type"":""MultiPoint"",""coordinates"":[]}"
00000000000000000f8b,2.38,13.0,585.0,187.0,61.0,2002.0,466.0,1409.0,"{""type"":""MultiPoint"",""coordinates"":[]}"
00000000000000001120,2.38,228.0,324.0,265.0,66.0,2145.0,416.0,1814.0,"{""type"":""MultiPoint"",""coordinates"":[]}"
00000000000000001bf8,2.14,608.0,409.0,347.0,36.0,2147.0,514.0,4624.0,"{""type"":""MultiPoint"",""coordinates"":[]}"
0000000000000000125a,2.14,714.0,179.0,246.0,36.0,2372.0,295.0,2128.0,"{""type"":""MultiPoint"",""coordinates"":[]}"
0000000000000000150e,2.14,621.0,165.0,258.0,36.0,2403.0,200.0,2820.0,"{""type"":""MultiPoint"",""coordinates"":[]}"
0000000000000000161d,2.14,565.0,-14.0,267.0,36.0,2446.0,260.0,3125.0,"{""type"":""MultiPoint"",""coordinates"":[]}"
00000000000000001312,2.14,694.0,85.0,188.0,36.0,2529.0,155.0,2312.0,"{""type"":""MultiPoint"",""coordinates"":[]}"
00000000000000001427,2.14,1135.0,278.0,131.0,36.0,2159.0,292.0,2589.0,"{""type"":""MultiPoint"",""coordinates"":[]}"
00000000000000000401,2.14,123.0,159.0,153.0,36.0,2697.0,162.0,6530.0,"{""type"":""MultiPoint"",""coordinates"":[]}"
000000000000000012b0,2.14,761.0,163.0,67.0,36.0,2328.0,167.0,2214.0,"{""type"":""MultiPoint"",""coordinates"":[]}"
000000000000000004bb,2.14,116.0,-5.0,111.0,38.0,3076.0,170.0,6716.0,"{""type"":""MultiPoint"",""coordinates"":[]}"
00000000000000001878,2.14,770.0,346.0,293.0,38.0,2430.0,414.0,3728.0,"{""type"":""MultiPoint"",""coordinates"":[]}"
000000000000000018d0,2.14,581.0,-66.0,392.0,38.0,2457.0,366.0,3816.0,"{""type"":""MultiPoint"",""coordinates"":[]}"
00000000000000000518,2.14,138.0,250.0,117.0,38.0,2761.0,145.0,6809.0,"{""type"":""MultiPoint"",""coordinates"":[]}"
000000000000000004da,2.14,139.0,614.0,271.0,38.0,2436.0,330.0,6747.0,"{""type"":""MultiPoint"",""coordinates"":[]}"
0000000000000000185d,2.14,508.0,181.0,155.0,38.0,2306.0,173.0,3701.0,"{""type"":""MultiPoint"",""coordinates"":[]}"
00000000000000001778,2.14,541.0,644.0,188.0,38.0,2040.0,328.0,3472.0,"{""type"":""MultiPoint"",""coordinates"":[]}"
00000000000000000dd3,2.14,23.0,137.0,293.0,48.0,2371.0,442.0,969.0,"{""type"":""MultiPoint"",""coordinates"":[]}"
00000000000000000567,2.14,546.0,81.0,150.0,48.0,2603.0,102.0,6888.0,"{""type"":""MultiPoint"",""coordinates"":[]}"
00000000000000000665,2.14,361.0,69.0,320.0,48.0,2445.0,287.0,7142.0,"{""type"":""MultiPoint"",""coordinates"":[]}"
00000000000000001f3c,2.14,207.0,-106.0,19.0,48.0,2869.0,144.0,5460.0,"{""type"":""MultiPoint"",""coordinates"":[]}"
00000000000000001061,2.14,60.0,925.0,374.0,64.0,2127.0,553.0,1623.0,"{""type"":""MultiPoint"",""coordinates"":[]}"
00000000000000001026,2.14,64.0,535.0,376.0,64.0,1915.0,598.0,1564.0,"{""type"":""MultiPoint"",""coordinates"":[]}"
00000000000000000fde,2.14,59.0,492.0,104.0,64.0,2135.0,413.0,1492.0,"{""type"":""MultiPoint"",""coordinates"":[]}"
00000000000000001e86,2.14,97.0,-124.0,18.0,37.0,2952.0,70.0,5278.0,"{""type"":""MultiPoint"",""coordinates"":[]}"
00000000000000001b1d,2.14,587.0,49.0,220.0,37.0,2391.0,249.0,4405.0,"{""type"":""MultiPoint"",""coordinates"":[]}"
000000000000000016bc,2.14,639.0,304.0,298.0,37.0,2453.0,423.0,3284.0,"{""type"":""MultiPoint"",""coordinates"":[]}"
0000000000000000054d,2.14,105.0,86.0,142.0,39.0,2795.0,235.0,6862.0,"{""type"":""MultiPoint"",""coordinates"":[]}"
00000000000000001952,2.14,593.0,132.0,172.0,41.0,2546.0,256.0,3946.0,"{""type"":""MultiPoint"",""coordinates"":[]}"
00000000000000001c6b,2.14,593.0,44.0,281.0,41.0,2655.0,327.0,4739.0,"{""type"":""MultiPoint"",""coordinates"":[]}"
000000000000000019e7,2.14,426.0,-18.0,304.0,41.0,2527.0,332.0,4095.0,"{""type"":""MultiPoint"",""coordinates"":[]}"
0000000000000000081b,2.14,316.0,314.0,337.0,43.0,2080.0,497.0,7580.0,"{""type"":""MultiPoint"",""coordinates"":[]}"
00000000000000001e6e,2.14,349.0,700.0,231.0,45.0,2300.0,332.0,5254.0,"{""type"":""MultiPoint"",""coordinates"":[]}"
00000000000000001e6a,2.14,350.0,163.0,258.0,45.0,2313.0,304.0,5250.0,"{""type"":""MultiPoint"",""coordinates"":[]}"
00000000000000001e57,2.14,271.0,53.0,133.0,45.0,2417.0,200.0,5231.0,"{""type"":""MultiPoint"",""coordinates"":[]}"
00000000000000000da7,2.14,29.0,38.0,140.0,47.0,2530.0,230.0,925.0,"{""type"":""MultiPoint"",""coordinates"":[]}"
00000000000000000dac,2.14,30.0,178.0,149.0,47.0,2632.0,130.0,930.0,"{""type"":""MultiPoint"",""coordinates"":[]}"
00000000000000000071,2.14,306.0,412.0,111.0,49.0,2438.0,182.0,5618.0,"{""type"":""MultiPoint"",""coordinates"":[]}"
00000000000000000722,2.14,194.0,68.0,202.0,49.0,2415.0,243.0,7331.0,"{""type"":""MultiPoint"",""coordinates"":[]}"
000000000000000000ce,2.14,292.0,325.0,72.0,49.0,2468.0,233.0,5711.0,"{""type"":""MultiPoint"",""coordinates"":[]}"
00000000000000000144,2.14,271.0,-39.0,226.0,49.0,2444.0,238.0,5829.0,"{""type"":""MultiPoint"",""coordinates"":[]}"
00000000000000000c5d,2.14,178.0,294.0,261.0,59.0,2197.0,459.0,595.0,"{""type"":""MultiPoint"",""coordinates"":[]}"
00000000000000000bb1,2.14,179.0,163.0,210.0,59.0,2482.0,251.0,423.0,"{""type"":""MultiPoint"",""coordinates"":[]}"
00000000000000001123,2.14,228.0,174.0,274.0,66.0,2452.0,334.0,1817.0,"{""type"":""MultiPoint"",""coordinates"":[]}"
0000000000000000115e,2.14,116.0,281.0,370.0,67.0,2183.0,412.0,1876.0,"{""type"":""MultiPoint"",""coordinates"":[]}"
00000000000000001178,2.14,115.0,831.0,339.0,67.0,2089.0,395.0,1902.0,"{""type"":""MultiPoint"",""coordinates"":[]}"
000000000000000013c3,2.52,833.0,411.0,276.0,36.0,2108.0,397.0,2489.0,"{""type"":""MultiPoint"",""coordinates"":[]}"
000000000000000014cd,2.52,522.0,538.0,262.0,36.0,1980.0,423.0,2755.0,"{""type"":""MultiPoint"",""coordinates"":[]}"
000000000000000015a4,2.52,942.0,208.0,252.0,36.0,2508.0,280.0,3004.0,"{""type"":""MultiPoint"",""coordinates"":[]}"
000000000000000015a9,2.52,783.0,278.0,359.0,36.0,2296.0,409.0,3009.0,"{""type"":""MultiPoint"",""coordinates"":[]}"
00000000000000001325,2.52,665.0,453.0,380.0,36.0,2034.0,455.0,2331.0,"{""type"":""MultiPoint"",""coordinates"":[]}"
00000000000000001cde,2.52,649.0,-88.0,334.0,38.0,2565.0,220.0,4854.0,"{""type"":""MultiPoint"",""coordinates"":[]}"
00000000000000001ca0,2.52,529.0,262.0,377.0,38.0,2134.0,477.0,4792.0,"{""type"":""MultiPoint"",""coordinates"":[]}"
0000000000000000176a,2.52,540.0,370.0,304.0,38.0,2063.0,428.0,3458.0,"{""type"":""MultiPoint"",""coordinates"":[]}"
0000000000000000096b,2.52,273.0,407.0,294.0,44.0,2010.0,457.0,7916.0,"{""type"":""MultiPoint"",""coordinates"":[]}"
00000000000000001e11,2.52,578.0,18.0,204.0,44.0,2436.0,156.0,5161.0,"{""type"":""MultiPoint"",""coordinates"":[]}"
0000000000000000036a,2.52,516.0,411.0,243.0,44.0,2348.0,288.0,6379.0,"{""type"":""MultiPoint"",""coordinates"":[]}"
0000000000000000096c,2.52,275.0,243.0,328.0,44.0,2238.0,390.0,7917.0,"{""type"":""MultiPoint"",""coordinates"":[]}"
000000000000000009a5,2.52,269.0,474.0,304.0,44.0,1901.0,559.0,7974.0,"{""type"":""MultiPoint"",""coordinates"":[]}"
000000000000000003a2,2.52,398.0,943.0,393.0,44.0,1900.0,580.0,6435.0,"{""type"":""MultiPoint"",""coordinates"":[]}"
000000000000000006ed,2.52,298.0,126.0,463.0,48.0,2211.0,456.0,7278.0,"{""type"":""MultiPoint"",""coordinates"":[]}"
00000000000000001efb,2.52,347.0,-32.0,291.0,48.0,2439.0,278.0,5395.0,"{""type"":""MultiPoint"",""coordinates"":[]}"
00000000000000000a44,2.52,184.0,300.0,314.0,60.0,2164.0,452.0,58.0,"{""type"":""MultiPoint"",""coordinates"":[]}"
00000000000000000e19,2.52,188.0,444.0,204.0,60.0,2116.0,448.0,1039.0,"{""type"":""MultiPoint"",""coordinates"":[]}"
00000000000000001008,2.52,29.0,212.0,-89.0,64.0,2587.0,123.0,1534.0,"{""type"":""MultiPoint"",""coordinates"":[]}"
00000000000000000b83,2.52,146.0,266.0,179.0,64.0,2267.0,260.0,377.0,"{""type"":""MultiPoint"",""coordinates"":[]}"
00000000000000000b87,2.52,146.0,114.0,258.0,64.0,2617.0,281.0,381.0,"{""type"":""MultiPoint"",""coordinates"":[]}"
0000000000000000110f,2.52,176.0,629.0,334.0,65.0,1854.0,646.0,1797.0,"{""type"":""MultiPoint"",""coordinates"":[]}"
00000000000000001112,2.52,174.0,669.0,384.0,65.0,1828.0,649.0,1800.0,"{""type"":""MultiPoint"",""coordinates"":[]}"
000000000000000011e5,2.52,504.0,469.0,257.0,35.0,2204.0,428.0,2011.0,"{""type"":""MultiPoint"",""coordinates"":[]}"
0000000000000000044e,2.52,920.0,343.0,225.0,37.0,2289.0,362.0,6607.0,"{""type"":""MultiPoint"",""coordinates"":[]}"
000000000000000019bf,2.52,590.0,716.0,394.0,41.0,1897.0,533.0,4055.0,"{""type"":""MultiPoint"",""coordinates"":[]}"
0000000000000000194b,2.52,592.0,68.0,227.0,41.0,2592.0,285.0,3939.0,"{""type"":""MultiPoint"",""coordinates"":[]}"
000000000000000019a4,2.52,412.0,107.0,472.0,41.0,2463.0,452.0,4028.0,"{""type"":""MultiPoint"",""coordinates"":[]}"
00000000000000000069,2.52,306.0,452.0,148.0,49.0,2502.0,159.0,5610.0,"{""type"":""MultiPoint"",""coordinates"":[]}"
00000000000000000717,2.52,156.0,-112.0,249.0,49.0,2532.0,279.0,7320.0,"{""type"":""MultiPoint"",""coordinates"":[]}"
00000000000000000702,2.52,166.0,-198.0,413.0,49.0,2698.0,391.0,7299.0,"{""type"":""MultiPoint"",""coordinates"":[]}"
00000000000000000733,2.52,190.0,131.0,461.0,49.0,2192.0,440.0,7348.0,"{""type"":""MultiPoint"",""coordinates"":[]}"
00000000000000000ed9,2.52,190.0,327.0,303.0,49.0,2492.0,345.0,1231.0,"{""type"":""MultiPoint"",""coordinates"":[]}"
00000000000000000129,2.52,198.0,685.0,338.0,49.0,2426.0,375.0,5802.0,"{""type"":""MultiPoint"",""coordinates"":[]}"
00000000000000000bb8,2.52,179.0,40.0,230.0,59.0,2524.0,271.0,430.0,"{""type"":""MultiPoint"",""coordinates"":[]}"
00000000000000000f57,2.52,25.0,2.0,273.0,61.0,2452.0,298.0,1357.0,"{""type"":""MultiPoint"",""coordinates"":[]}"
00000000000000000f6f,2.52,26.0,457.0,187.0,61.0,2099.0,401.0,1381.0,"{""type"":""MultiPoint"",""coordinates"":[]}"
00000000000000000d7c,2.52,180.0,631.0,278.0,61.0,2070.0,467.0,882.0,"{""type"":""MultiPoint"",""coordinates"":[]}"
00000000000000000fce,2.52,90.0,584.0,406.0,63.0,2021.0,391.0,1476.0,"{""type"":""MultiPoint"",""coordinates"":[]}"
000000000000000011b4,2.52,301.0,445.0,299.0,67.0,2070.0,463.0,1962.0,"{""type"":""MultiPoint"",""coordinates"":[]}"
000000000000000011bb,2.52,301.0,463.0,284.0,67.0,2075.0,484.0,1969.0,"{""type"":""MultiPoint"",""coordinates"":[]}"
00000000000000001193,2.52,302.0,551.0,315.0,67.0,1923.0,572.0,1929.0,"{""type"":""MultiPoint"",""coordinates"":[]}"
000000000000000003f4,2.15,121.0,755.0,442.0,36.0,2305.0,414.0,6517.0,"{""type"":""MultiPoint"",""coordinates"":[]}"
00000000000000001610,2.15,472.0,418.0,393.0,36.0,2192.0,483.0,3112.0,"{""type"":""MultiPoint"",""coordinates"":[]}"
0000000000000000135d,2.15,656.0,-57.0,209.0,36.0,2604.0,173.0,2387.0,"{""type"":""MultiPoint"",""coordinates"":[]}"
00000000000000001598,2.15,991.0,246.0,86.0,36.0,2639.0,174.0,2992.0,"{""type"":""MultiPoint"",""coordinates"":[]}"
00000000000000001c7f,2.15,497.0,-13.0,83.0,38.0,2377.0,118.0,4759.0,"{""type"":""MultiPoint"",""coordinates"":[]}"
000000000000000017c8,2.15,615.0,39.0,138.0,38.0,2417.0,127.0,3552.0,"{""type"":""MultiPoint"",""coordinates"":[]}"
00000000000000001cd6,2.15,656.0,65.0,158.0,38.0,2379.0,139.0,4846.0,"{""type"":""MultiPoint"",""coordinates"":[]}"
00000000000000001c82,2.15,489.0,120.0,62.0,38.0,2336.0,108.0,4762.0,"{""type"":""MultiPoint"",""coordinates"":[]}"
00000000000000001cc6,2.15,532.0,-43.0,132.0,38.0,2351.0,184.0,4830.0,"{""type"":""MultiPoint"",""coordinates"":[]}"
0000000000000000036e,2.15,416.0,357.0,350.0,44.0,2317.0,420.0,6383.0,"{""type"":""MultiPoint"",""coordinates"":[]}"
0000000000000000036c,2.15,434.0,31.0,254.0,44.0,2671.0,200.0,6381.0,"{""type"":""MultiPoint"",""coordinates"":[]}"
00000000000000000998,2.15,279.0,348.0,184.0,44.0,2208.0,265.0,7961.0,"{""type"":""MultiPoint"",""coordinates"":[]}"
00000000000000001f16,2.15,297.0,206.0,307.0,48.0,2298.0,313.0,5422.0,"{""type"":""MultiPoint"",""coordinates"":[]}"
00000000000000001f66,2.15,315.0,-42.0,172.0,48.0,2591.0,187.0,5502.0,"{""type"":""MultiPoint"",""coordinates"":[]}"
00000000000000000a6d,2.15,86.0,222.0,437.0,56.0,2199.0,409.0,99.0,"{""type"":""MultiPoint"",""coordinates"":[]}"
00000000000000000a9e,2.15,87.0,419.0,438.0,56.0,2269.0,474.0,148.0,"{""type"":""MultiPoint"",""coordinates"":[]}"
00000000000000001aa2,2.15,772.0,41.0,158.0,37.0,2386.0,115.0,4282.0,"{""type"":""MultiPoint"",""coordinates"":[]}"
00000000000000001ae6,2.15,517.0,513.0,287.0,37.0,2227.0,362.0,4350.0,"{""type"":""MultiPoint"",""coordinates"":[]}"
00000000000000000455,2.15,878.0,293.0,231.0,37.0,2460.0,289.0,6614.0,"{""type"":""MultiPoint"",""coordinates"":[]}"
000000000000000016d2,2.15,726.0,-18.0,310.0,37.0,2394.0,282.0,3306.0,"{""type"":""MultiPoint"",""coordinates"":[]}"
00000000000000001c35,2.15,762.0,28.0,61.0,37.0,2700.0,70.0,4685.0,"{""type"":""MultiPoint"",""coordinates"":[]}"
00000000000000001709,2.15,446.0,623.0,301.0,37.0,2232.0,361.0,3361.0,"{""type"":""MultiPoint"",""coordinates"":[]}"
00000000000000001732,2.15,446.0,625.0,299.0,37.0,2230.0,363.0,3402.0,"{""type"":""MultiPoint"",""coordinates"":[]}"
000000000000000019c5,2.15,587.0,456.0,186.0,41.0,2236.0,258.0,4061.0,"{""type"":""MultiPoint"",""coordinates"":[]}"
00000000000000001949,2.15,557.0,52.0,197.0,41.0,2516.0,203.0,3937.0,"{""type"":""MultiPoint"",""coordinates"":[]}"
00000000000000001946,2.15,391.0,30.0,292.0,41.0,2502.0,304.0,3934.0,"{""type"":""MultiPoint"",""coordinates"":[]}"
00000000000000001999,2.15,393.0,13.0,277.0,41.0,2508.0,265.0,4017.0,"{""type"":""MultiPoint"",""coordinates"":[]}"
000000000000000019e2,2.15,596.0,344.0,161.0,41.0,2331.0,203.0,4090.0,"{""type"":""MultiPoint"",""coordinates"":[]}"
00000000000000000813,2.15,323.0,24.0,420.0,43.0,2259.0,375.0,7572.0,"{""type"":""MultiPoint"",""coordinates"":[]}"
000000000000000000d2,2.15,288.0,358.0,26.0,49.0,2647.0,125.0,5715.0,"{""type"":""MultiPoint"",""coordinates"":[]}"
000000000000000006ec,2.15,355.0,1.0,325.0,49.0,2580.0,281.0,7277.0,"{""type"":""MultiPoint"",""coordinates"":[]}"
0000000000000000007f,2.15,308.0,-2.0,250.0,49.0,2595.0,232.0,5632.0,"{""type"":""MultiPoint"",""coordinates"":[]}"
00000000000000000ec3,2.15,172.0,261.0,314.0,49.0,2462.0,348.0,1209.0,"{""type"":""MultiPoint"",""coordinates"":[]}"
00000000000000000740,2.15,315.0,340.0,264.0,49.0,2384.0,307.0,7361.0,"{""type"":""MultiPoint"",""coordinates"":[]}"
00000000000000000e53,2.15,159.0,312.0,239.0,49.0,2564.0,244.0,1097.0,"{""type"":""MultiPoint"",""coordinates"":[]}"
00000000000000000bf0,2.15,63.0,96.0,206.0,53.0,2422.0,282.0,486.0,"{""type"":""MultiPoint"",""coordinates"":[]}"
00000000000000000c58,2.15,178.0,233.0,145.0,59.0,2373.0,345.0,590.0,"{""type"":""MultiPoint"",""coordinates"":[]}"
00000000000000000fbf,2.15,91.0,801.0,357.0,63.0,1955.0,404.0,1461.0,"{""type"":""MultiPoint"",""coordinates"":[]}"
0000000000000000111c,2.15,228.0,75.0,166.0,66.0,2549.0,225.0,1810.0,"{""type"":""MultiPoint"",""coordinates"":[]}"
0000000000000000114c,2.15,116.0,328.0,242.0,67.0,2235.0,361.0,1858.0,"{""type"":""MultiPoint"",""coordinates"":[]}"
00000000000000001165,2.15,115.0,592.0,407.0,67.0,2032.0,474.0,1883.0,"{""type"":""MultiPoint"",""coordinates"":[]}"
00000000000000001d30,2.03,146.0,33.0,-51.0,30.0,2781.0,-30.0,4936.0,"{""type"":""MultiPoint"",""coordinates"":[]}"
000000000000000014c1,2.03,575.0,293.0,143.0,36.0,2361.0,177.0,2743.0,"{""type"":""MultiPoint"",""coordinates"":[]}"
00000000000000001c8c,2.03,487.0,77.0,76.0,38.0,2324.0,102.0,4772.0,"{""type"":""MultiPoint"",""coordinates"":[]}"
0000000000000000049a,2.03,692.0,509.0,126.0,38.0,2148.0,294.0,6683.0,"{""type"":""MultiPoint"",""coordinates"":[]}"
000000000000000004f9,2.03,115.0,133.0,192.0,38.0,2803.0,213.0,6778.0,"{""type"":""MultiPoint"",""coordinates"":[]}"
00000000000000001873,2.03,766.0,178.0,203.0,38.0,2754.0,242.0,3723.0,"{""type"":""MultiPoint"",""coordinates"":[]}"
00000000000000000341,2.03,593.0,142.0,76.0,44.0,2582.0,159.0,6338.0,"{""type"":""MultiPoint"",""coordinates"":[]}"
00000000000000000339,2.03,599.0,-31.0,178.0,44.0,2592.0,104.0,6330.0,"{""type"":""MultiPoint"",""coordinates"":[]}"
0000000000000000057d,2.03,82.0,-238.0,269.0,48.0,2616.0,243.0,6910.0,"{""type"":""MultiPoint"",""coordinates"":[]}"
0000000000000000069a,2.03,381.0,-45.0,264.0,48.0,2485.0,223.0,7195.0,"{""type"":""MultiPoint"",""coordinates"":[]}"
00000000000000000a63,2.03,86.0,251.0,440.0,56.0,2379.0,448.0,89.0,"{""type"":""MultiPoint"",""coordinates"":[]}"
00000000000000000f37,2.03,58.0,-15.0,-42.0,60.0,2796.0,-44.0,1325.0,"{""type"":""MultiPoint"",""coordinates"":[]}"
00000000000000000e32,2.03,201.0,572.0,365.0,62.0,2223.0,480.0,1064.0,"{""type"":""MultiPoint"",""coordinates"":[]}"
00000000000000001080,2.03,60.0,567.0,81.0,64.0,2708.0,192.0,1654.0,"{""type"":""MultiPoint"",""coordinates"":[]}"
00000000000000001093,2.03,62.0,287.0,296.0,64.0,2440.0,365.0,1673.0,"{""type"":""MultiPoint"",""coordinates"":[]}"
00000000000000001022,2.03,64.0,183.0,366.0,64.0,2344.0,450.0,1560.0,"{""type"":""MultiPoint"",""coordinates"":[]}"
00000000000000001041,2.03,37.0,91.0,434.0,64.0,2403.0,371.0,1591.0,"{""type"":""MultiPoint"",""coordinates"":[]}"
0000000000000000105a,2.03,59.0,578.0,226.0,64.0,2363.0,404.0,1616.0,"{""type"":""MultiPoint"",""coordinates"":[]}"
000000000000000010e5,2.03,146.0,390.0,230.0,65.0,2263.0,398.0,1755.0,"{""type"":""MultiPoint"",""coordinates"":[]}"
00000000000000001103,2.03,174.0,825.0,262.0,65.0,1981.0,607.0,1785.0,"{""type"":""MultiPoint"",""coordinates"":[]}"
00000000000000000196,2.03,983.0,194.0,271.0,33.0,2383.0,165.0,5911.0,"{""type"":""MultiPoint"",""coordinates"":[]}"
00000000000000001c2e,2.03,674.0,79.0,94.0,37.0,2317.0,130.0,4678.0,"{""type"":""MultiPoint"",""coordinates"":[]}"
00000000000000001c4f,2.03,649.0,339.0,202.0,37.0,2470.0,254.0,4711.0,"{""type"":""MultiPoint"",""coordinates"":[]}"
000000000000000016e8,2.03,783.0,127.0,355.0,37.0,2644.0,336.0,3328.0,"{""type"":""MultiPoint"",""coordinates"":[]}"
00000000000000001b61,2.03,592.0,255.0,126.0,37.0,2347.0,190.0,4473.0,"{""type"":""MultiPoint"",""coordinates"":[]}"
00000000000000001bb1,2.03,667.0,139.0,202.0,37.0,2333.0,183.0,4553.0,"{""type"":""MultiPoint"",""coordinates"":[]}"
00000000000000001a41,2.03,639.0,235.0,244.0,37.0,2417.0,358.0,4185.0,"{""type"":""MultiPoint"",""coordinates"":[]}"
000000000000000019e6,2.03,426.0,49.0,54.0,41.0,2301.0,41.0,4094.0,"{""type"":""MultiPoint"",""coordinates"":[]}"
00000000000000000851,2.03,386.0,63.0,80.0,43.0,2623.0,132.0,7634.0,"{""type"":""MultiPoint"",""coordinates"":[]}"
00000000000000000884,2.03,330.0,58.0,338.0,43.0,2369.0,339.0,7685.0,"{""type"":""MultiPoint"",""coordinates"":[]}"
00000000000000001e24,2.03,341.0,27.0,176.0,45.0,2462.0,198.0,5180.0,"{""type"":""MultiPoint"",""coordinates"":[]}"
00000000000000001e1f,2.03,357.0,45.0,158.0,45.0,2642.0,156.0,5175.0,"{""type"":""MultiPoint"",""coordinates"":[]}"
00000000000000001e39,2.03,326.0,63.0,179.0,45.0,2427.0,315.0,5201.0,"{""type"":""MultiPoint"",""coordinates"":[]}"
00000000000000001e6d,2.03,348.0,471.0,238.0,45.0,2293.0,351.0,5253.0,"{""type"":""MultiPoint"",""coordinates"":[]}"
00000000000000000315,2.03,219.0,495.0,394.0,47.0,2258.0,442.0,6294.0,"{""type"":""MultiPoint"",""coordinates"":[]}"
00000000000000000738,2.03,168.0,-16.0,160.0,49.0,2513.0,192.0,7353.0,"{""type"":""MultiPoint"",""coordinates"":[]}"
00000000000000001f57,2.03,273.0,6.0,143.0,49.0,2670.0,136.0,5487.0,"{""type"":""MultiPoint"",""coordinates"":[]}"
00000000000000001f5a,2.03,274.0,46.0,161.0,49.0,2569.0,121.0,5490.0,"{""type"":""MultiPoint"",""coordinates"":[]}"
00000000000000000705,2.03,163.0,-164.0,155.0,49.0,2616.0,206.0,7302.0,"{""type"":""MultiPoint"",""coordinates"":[]}"
00000000000000001f77,2.03,278.0,-152.0,45.0,49.0,2594.0,95.0,5519.0,"{""type"":""MultiPoint"",""coordinates"":[]}"
00000000000000000cd9,2.03,201.0,12.0,81.0,51.0,2399.0,282.0,719.0,"{""type"":""MultiPoint"",""coordinates"":[]}"
00000000000000000d21,2.03,210.0,-29.0,-54.0,51.0,2681.0,75.0,791.0,"{""type"":""MultiPoint"",""coordinates"":[]}"
00000000000000000ce2,2.03,196.0,38.0,85.0,51.0,2461.0,201.0,728.0,"{""type"":""MultiPoint"",""coordinates"":[]}"
00000000000000000fc1,2.03,91.0,546.0,360.0,63.0,1962.0,392.0,1463.0,"{""type"":""MultiPoint"",""coordinates"":[]}"
0000000000000000115b,2.03,116.0,454.0,175.0,67.0,2425.0,274.0,1873.0,"{""type"":""MultiPoint"",""coordinates"":[]}"
00000000000000001d26,1.83,147.0,82.0,189.0,30.0,2864.0,192.0,4926.0,"{""type"":""MultiPoint"",""coordinates"":[]}"
00000000000000001d84,1.83,147.0,88.0,-23.0,30.0,2956.0,28.0,5020.0,"{""type"":""MultiPoint"",""coordinates"":[]}"
00000000000000001d5c,1.83,143.0,53.0,-112.0,30.0,2816.0,-50.0,4980.0,"{""type"":""MultiPoint"",""coordinates"":[]}"
0000000000000000160f,1.83,465.0,626.0,346.0,36.0,2166.0,483.0,3111.0,"{""type"":""MultiPoint"",""coordinates"":[]}"
000000000000000015f1,1.83,526.0,271.0,148.0,36.0,2463.0,183.0,3081.0,"{""type"":""MultiPoint"",""coordinates"":[]}"
00000000000000001290,1.83,695.0,29.0,225.0,36.0,2392.0,243.0,2182.0,"{""type"":""MultiPoint"",""coordinates"":[]}"
0000000000000000136b,1.83,665.0,-17.0,179.0,36.0,2559.0,151.0,2401.0,"{""type"":""MultiPoint"",""coordinates"":[]}"
00000000000000001860,1.83,517.0,5.0,186.0,38.0,2386.0,186.0,3704.0,"{""type"":""MultiPoint"",""coordinates"":[]}"
000000000000000018c6,1.83,584.0,-14.0,250.0,38.0,2542.0,204.0,3806.0,"{""type"":""MultiPoint"",""coordinates"":[]}"
00000000000000001855,1.83,504.0,11.0,72.0,38.0,2334.0,49.0,3693.0,"{""type"":""MultiPoint"",""coordinates"":[]}"
00000000000000000965,1.83,288.0,154.0,237.0,44.0,2309.0,225.0,7910.0,"{""type"":""MultiPoint"",""coordinates"":[]}"
000000000000000002d3,1.83,577.0,194.0,269.0,44.0,2320.0,299.0,6228.0,"{""type"":""MultiPoint"",""coordinates"":[]}"
00000000000000000372,1.83,516.0,234.0,180.0,44.0,2490.0,221.0,6387.0,"{""type"":""MultiPoint"",""coordinates"":[]}"
00000000000000000595,1.83,350.0,-29.0,148.0,48.0,2411.0,93.0,6934.0,"{""type"":""MultiPoint"",""coordinates"":[]}"
00000000000000000f31,1.83,47.0,-126.0,-87.0,60.0,2821.0,-81.0,1319.0,"{""type"":""MultiPoint"",""coordinates"":[]}"
000000000000000010ae,1.83,224.0,156.0,306.0,65.0,2188.0,413.0,1700.0,"{""type"":""MultiPoint"",""coordinates"":[]}"
00000000000000000205,1.83,801.0,303.0,178.0,33.0,2429.0,251.0,6022.0,"{""type"":""MultiPoint"",""coordinates"":[]}"
000000000000000011e6,1.83,476.0,162.0,280.0,35.0,2262.0,415.0,2012.0,"{""type"":""MultiPoint"",""coordinates"":[]}"
000000000000000016f5,1.83,437.0,274.0,184.0,37.0,2281.0,236.0,3341.0,"{""type"":""MultiPoint"",""coordinates"":[]}"
00000000000000001720,1.83,437.0,288.0,174.0,37.0,2282.0,227.0,3384.0,"{""type"":""MultiPoint"",""coordinates"":[]}"
00000000000000001d0f,1.83,636.0,435.0,249.0,37.0,2400.0,339.0,4903.0,"{""type"":""MultiPoint"",""coordinates"":[]}"
00000000000000001a0f,1.83,717.0,97.0,121.0,41.0,2437.0,136.0,4135.0,"{""type"":""MultiPoint"",""coordinates"":[]}"
000000000000000019c0,1.83,597.0,420.0,203.0,41.0,2265.0,272.0,4056.0,"{""type"":""MultiPoint"",""coordinates"":[]}"
000000000000000008a8,1.83,345.0,19.0,172.0,43.0,2849.0,181.0,7721.0,"{""type"":""MultiPoint"",""coordinates"":[]}"
000000000000000007e3,1.83,301.0,-7.0,193.0,43.0,2401.0,241.0,7524.0,"{""type"":""MultiPoint"",""coordinates"":[]}"
00000000000000001e19,1.83,375.0,235.0,78.0,45.0,2618.0,120.0,5169.0,"{""type"":""MultiPoint"",""coordinates"":[]}"
00000000000000001e52,1.83,332.0,71.0,106.0,45.0,2402.0,145.0,5226.0,"{""type"":""MultiPoint"",""coordinates"":[]}"
00000000000000001e63,1.83,286.0,153.0,73.0,45.0,2555.0,210.0,5243.0,"{""type"":""MultiPoint"",""coordinates"":[]}"
000000000000000000ec,1.83,278.0,-15.0,218.0,49.0,2474.0,259.0,5741.0,"{""type"":""MultiPoint"",""coordinates"":[]}"
00000000000000000113,1.83,278.0,-16.0,218.0,49.0,2475.0,259.0,5780.0,"{""type"":""MultiPoint"",""coordinates"":[]}"
00000000000000000724,1.83,297.0,231.0,206.0,49.0,2365.0,260.0,7333.0,"{""type"":""MultiPoint"",""coordinates"":[]}"
000000000000000000e4,1.83,283.0,-42.0,233.0,49.0,2525.0,318.0,5733.0,"{""type"":""MultiPoint"",""coordinates"":[]}"
0000000000000000010b,1.83,283.0,-42.0,233.0,49.0,2525.0,318.0,5772.0,"{""type"":""MultiPoint"",""coordinates"":[]}"
00000000000000000edd,1.83,159.0,618.0,277.0,49.0,2270.0,298.0,1235.0,"{""type"":""MultiPoint"",""coordinates"":[]}"
00000000000000000e01,1.83,56.0,514.0,195.0,51.0,2276.0,422.0,1015.0,"{""type"":""MultiPoint"",""coordinates"":[]}"
00000000000000000cf9,1.83,192.0,80.0,-26.0,51.0,2453.0,206.0,751.0,"{""type"":""MultiPoint"",""coordinates"":[]}"
00000000000000000d14,1.83,210.0,125.0,121.0,51.0,2657.0,141.0,778.0,"{""type"":""MultiPoint"",""coordinates"":[]}"
00000000000000000dee,1.83,57.0,680.0,191.0,51.0,2237.0,413.0,996.0,"{""type"":""MultiPoint"",""coordinates"":[]}"
00000000000000000c6a,1.83,184.0,84.0,283.0,59.0,2343.0,446.0,608.0,"{""type"":""MultiPoint"",""coordinates"":[]}"
0000000000000000113e,1.83,227.0,198.0,-55.0,66.0,2562.0,121.0,1844.0,"{""type"":""MultiPoint"",""coordinates"":[]}"
0000000000000000115a,1.83,116.0,96.0,136.0,67.0,2544.0,256.0,1872.0,"{""type"":""MultiPoint"",""coordinates"":[]}"
00000000000000001153,1.83,115.0,472.0,229.0,67.0,2451.0,267.0,1865.0,"{""type"":""MultiPoint"",""coordinates"":[]}"
000000000000000003c5,2.31,62.0,715.0,414.0,36.0,2344.0,462.0,6470.0,"{""type"":""MultiPoint"",""coordinates"":[]}"
00000000000000001368,2.31,581.0,247.0,289.0,36.0,2326.0,301.0,2398.0,"{""type"":""MultiPoint"",""coordinates"":[]}"
0000000000000000143e,2.31,1173.0,199.0,130.0,36.0,2271.0,202.0,2612.0,"{""type"":""MultiPoint"",""coordinates"":[]}"
000000000000000015b3,2.31,939.0,457.0,127.0,36.0,2350.0,248.0,3019.0,"{""type"":""MultiPoint"",""coordinates"":[]}"
00000000000000001cb0,2.31,530.0,77.0,313.0,38.0,2350.0,332.0,4808.0,"{""type"":""MultiPoint"",""coordinates"":[]}"
00000000000000001c94,2.31,493.0,53.0,177.0,38.0,2375.0,223.0,4780.0,"{""type"":""MultiPoint"",""coordinates"":[]}"
0000000000000000039e,2.31,504.0,312.0,348.0,44.0,2150.0,483.0,6431.0,"{""type"":""MultiPoint"",""coordinates"":[]}"
000000000000000009cd,2.31,266.0,106.0,420.0,44.0,2141.0,429.0,8014.0,"{""type"":""MultiPoint"",""coordinates"":[]}"
00000000000000001ed1,2.31,384.0,91.0,113.0,46.0,2434.0,145.0,5353.0,"{""type"":""MultiPoint"",""coordinates"":[]}"
00000000000000000dcb,2.31,24.0,15.0,247.0,48.0,2535.0,308.0,961.0,"{""type"":""MultiPoint"",""coordinates"":[]}"
00000000000000001f6d,2.31,320.0,335.0,155.0,48.0,2840.0,184.0,5509.0,"{""type"":""MultiPoint"",""coordinates"":[]}"
0000000000000000060e,2.31,467.0,-40.0,301.0,48.0,2448.0,233.0,7055.0,"{""type"":""MultiPoint"",""coordinates"":[]}"
000000000000000005da,2.31,625.0,329.0,378.0,48.0,2278.0,424.0,7003.0,"{""type"":""MultiPoint"",""coordinates"":[]}"
0000000000000000067e,2.31,378.0,-16.0,177.0,48.0,2437.0,95.0,7167.0,"{""type"":""MultiPoint"",""coordinates"":[]}"
0000000000000000065e,2.31,394.0,-8.0,370.0,48.0,2529.0,313.0,7135.0,"{""type"":""MultiPoint"",""coordinates"":[]}"
00000000000000000aa9,2.31,93.0,266.0,313.0,56.0,2242.0,466.0,159.0,"{""type"":""MultiPoint"",""coordinates"":[]}"
00000000000000000a9a,2.31,87.0,225.0,316.0,56.0,2472.0,263.0,144.0,"{""type"":""MultiPoint"",""coordinates"":[]}"
00000000000000000a9d,2.31,87.0,359.0,469.0,56.0,2148.0,527.0,147.0,"{""type"":""MultiPoint"",""coordinates"":[]}"
0000000000000000105f,2.31,60.0,913.0,374.0,64.0,2032.0,564.0,1621.0,"{""type"":""MultiPoint"",""coordinates"":[]}"
00000000000000000b84,2.31,146.0,137.0,245.0,64.0,2591.0,278.0,378.0,"{""type"":""MultiPoint"",""coordinates"":[]}"
000000000000000010e1,2.31,130.0,495.0,240.0,65.0,2549.0,337.0,1751.0,"{""type"":""MultiPoint"",""coordinates"":[]}"
000000000000000010a0,2.31,231.0,824.0,340.0,65.0,2066.0,580.0,1686.0,"{""type"":""MultiPoint"",""coordinates"":[]}"
0000000000000000018a,2.31,1014.0,287.0,259.0,33.0,2379.0,203.0,5899.0,"{""type"":""MultiPoint"",""coordinates"":[]}"
00000000000000001b96,2.31,612.0,115.0,101.0,37.0,2489.0,102.0,4526.0,"{""type"":""MultiPoint"",""coordinates"":[]}"
000000000000000016dc,2.31,789.0,209.0,287.0,37.0,2623.0,275.0,3316.0,"{""type"":""MultiPoint"",""coordinates"":[]}"
000000000000000018e0,2.31,561.0,-86.0,282.0,39.0,2641.0,239.0,3832.0,"{""type"":""MultiPoint"",""coordinates"":[]}"
000000000000000018ab,2.31,573.0,47.0,453.0,39.0,2456.0,371.0,3779.0,"{""type"":""MultiPoint"",""coordinates"":[]}"
00000000000000001945,2.31,390.0,192.0,409.0,41.0,2360.0,475.0,3933.0,"{""type"":""MultiPoint"",""coordinates"":[]}"
00000000000000001995,2.31,414.0,106.0,461.0,41.0,2546.0,424.0,4013.0,"{""type"":""MultiPoint"",""coordinates"":[]}"
0000000000000000085e,2.31,371.0,-32.0,120.0,43.0,2613.0,201.0,7647.0,"{""type"":""MultiPoint"",""coordinates"":[]}"
00000000000000000886,2.31,329.0,139.0,402.0,43.0,2416.0,372.0,7687.0,"{""type"":""MultiPoint"",""coordinates"":[]}"
000000000000000007c3,2.31,317.0,148.0,170.0,43.0,2236.0,225.0,7492.0,"{""type"":""MultiPoint"",""coordinates"":[]}"
00000000000000001e71,2.31,352.0,384.0,356.0,45.0,2043.0,544.0,5257.0,"{""type"":""MultiPoint"",""coordinates"":[]}"
00000000000000001e69,2.31,353.0,414.0,339.0,45.0,2083.0,525.0,5249.0,"{""type"":""MultiPoint"",""coordinates"":[]}"
00000000000000000087,2.31,292.0,408.0,258.0,49.0,2292.0,378.0,5640.0,"{""type"":""MultiPoint"",""coordinates"":[]}"
0000000000000000007e,2.31,309.0,-1.0,289.0,49.0,2458.0,304.0,5631.0,"{""type"":""MultiPoint"",""coordinates"":[]}"
00000000000000000138,2.31,203.0,319.0,375.0,49.0,2303.0,457.0,5817.0,"{""type"":""MultiPoint"",""coordinates"":[]}"
00000000000000000047,2.31,280.0,-97.0,139.0,49.0,2587.0,230.0,5576.0,"{""type"":""MultiPoint"",""coordinates"":[]}"
00000000000000000bca,2.31,147.0,3.0,279.0,51.0,2296.0,367.0,448.0,"{""type"":""MultiPoint"",""coordinates"":[]}"
00000000000000000d1e,2.31,211.0,27.0,-118.0,51.0,2621.0,89.0,788.0,"{""type"":""MultiPoint"",""coordinates"":[]}"
00000000000000000cd2,2.31,177.0,177.0,236.0,53.0,2366.0,298.0,712.0,"{""type"":""MultiPoint"",""coordinates"":[]}"
00000000000000000c70,2.31,177.0,250.0,183.0,59.0,2314.0,366.0,614.0,"{""type"":""MultiPoint"",""coordinates"":[]}"
00000000000000000f63,2.31,15.0,189.0,202.0,61.0,2436.0,315.0,1369.0,"{""type"":""MultiPoint"",""coordinates"":[]}"
00000000000000000f6c,2.31,23.0,300.0,159.0,61.0,2274.0,314.0,1378.0,"{""type"":""MultiPoint"",""coordinates"":[]}"
00000000000000000fcf,2.31,90.0,560.0,382.0,63.0,2029.0,388.0,1477.0,"{""type"":""MultiPoint"",""coordinates"":[]}"
00000000000000000e2a,2.31,180.0,512.0,295.0,63.0,2053.0,504.0,1056.0,"{""type"":""MultiPoint"",""coordinates"":[]}"
000000000000000003f6,2.19,120.0,559.0,390.0,36.0,2383.0,390.0,6519.0,"{""type"":""MultiPoint"",""coordinates"":[]}"
000000000000000004a0,2.19,598.0,396.0,260.0,38.0,2263.0,371.0,6689.0,"{""type"":""MultiPoint"",""coordinates"":[]}"
0000000000000000039a,2.19,434.0,297.0,51.0,44.0,2781.0,101.0,6427.0,"{""type"":""MultiPoint"",""coordinates"":[]}"
000000000000000002dd,2.19,647.0,174.0,50.0,44.0,2629.0,90.0,6238.0,"{""type"":""MultiPoint"",""coordinates"":[]}"
000000000000000002eb,2.19,543.0,196.0,356.0,44.0,2367.0,396.0,6252.0,"{""type"":""MultiPoint"",""coordinates"":[]}"
0000000000000000060b,2.19,472.0,27.0,371.0,48.0,2403.0,292.0,7052.0,"{""type"":""MultiPoint"",""coordinates"":[]}"
0000000000000000067f,2.19,365.0,-100.0,216.0,48.0,2517.0,156.0,7168.0,"{""type"":""MultiPoint"",""coordinates"":[]}"
00000000000000000aab,2.19,93.0,226.0,357.0,56.0,2161.0,528.0,161.0,"{""type"":""MultiPoint"",""coordinates"":[]}"
00000000000000000a64,2.19,86.0,189.0,456.0,56.0,2310.0,464.0,90.0,"{""type"":""MultiPoint"",""coordinates"":[]}"
00000000000000000f1b,2.19,52.0,-123.0,9.0,60.0,2577.0,66.0,1297.0,"{""type"":""MultiPoint"",""coordinates"":[]}"
00000000000000000f38,2.19,56.0,-25.0,-6.0,60.0,2693.0,78.0,1326.0,"{""type"":""MultiPoint"",""coordinates"":[]}"
00000000000000000f3b,2.19,56.0,216.0,-25.0,60.0,2601.0,46.0,1329.0,"{""type"":""MultiPoint"",""coordinates"":[]}"
00000000000000000f11,2.19,62.0,225.0,363.0,60.0,2333.0,465.0,1287.0,"{""type"":""MultiPoint"",""coordinates"":[]}"
00000000000000001077,2.19,54.0,853.0,177.0,64.0,2158.0,450.0,1645.0,"{""type"":""MultiPoint"",""coordinates"":[]}"
0000000000000000106b,2.19,56.0,1209.0,316.0,64.0,2025.0,548.0,1633.0,"{""type"":""MultiPoint"",""coordinates"":[]}"
00000000000000001039,2.19,64.0,-47.0,249.0,64.0,2466.0,368.0,1583.0,"{""type"":""MultiPoint"",""coordinates"":[]}"
000000000000000010bb,2.19,221.0,288.0,53.0,65.0,2591.0,191.0,1713.0,"{""type"":""MultiPoint"",""coordinates"":[]}"
000000000000000016bf,2.19,704.0,361.0,231.0,37.0,2435.0,321.0,3287.0,"{""type"":""MultiPoint"",""coordinates"":[]}"
00000000000000001ac9,2.19,746.0,25.0,214.0,37.0,2501.0,213.0,4321.0,"{""type"":""MultiPoint"",""coordinates"":[]}"
00000000000000001b07,2.19,683.0,54.0,120.0,37.0,2292.0,131.0,4383.0,"{""type"":""MultiPoint"",""coordinates"":[]}"
00000000000000000452,2.19,907.0,532.0,302.0,37.0,2458.0,324.0,6611.0,"{""type"":""MultiPoint"",""coordinates"":[]}"
0000000000000000044f,2.19,944.0,529.0,279.0,37.0,2273.0,428.0,6608.0,"{""type"":""MultiPoint"",""coordinates"":[]}"
00000000000000001b50,2.19,602.0,91.0,230.0,37.0,2313.0,280.0,4456.0,"{""type"":""MultiPoint"",""coordinates"":[]}"
0000000000000000054e,2.19,108.0,254.0,222.0,39.0,2672.0,215.0,6863.0,"{""type"":""MultiPoint"",""coordinates"":[]}"
00000000000000001990,2.19,481.0,37.0,311.0,41.0,2597.0,297.0,4008.0,"{""type"":""MultiPoint"",""coordinates"":[]}"
00000000000000001c62,2.19,594.0,-16.0,351.0,41.0,2650.0,336.0,4730.0,"{""type"":""MultiPoint"",""coordinates"":[]}"
0000000000000000081e,2.19,320.0,124.0,407.0,43.0,2268.0,443.0,7583.0,"{""type"":""MultiPoint"",""coordinates"":[]}"
0000000000000000080c,2.19,333.0,269.0,365.0,43.0,2220.0,449.0,7565.0,"{""type"":""MultiPoint"",""coordinates"":[]}"
0000000000000000076c,2.19,290.0,79.0,222.0,45.0,2343.0,270.0,7405.0,"{""type"":""MultiPoint"",""coordinates"":[]}"
00000000000000001e28,2.19,332.0,366.0,239.0,45.0,2272.0,388.0,5184.0,"{""type"":""MultiPoint"",""coordinates"":[]}"
000000000000000009e7,2.19,317.0,488.0,466.0,45.0,1959.0,542.0,8040.0,"{""type"":""MultiPoint"",""coordinates"":[]}"
00000000000000000070,2.19,306.0,295.0,149.0,49.0,2516.0,174.0,5617.0,"{""type"":""MultiPoint"",""coordinates"":[]}"
00000000000000000143,2.19,265.0,211.0,77.0,49.0,2681.0,172.0,5828.0,"{""type"":""MultiPoint"",""coordinates"":[]}"
00000000000000000b59,2.19,177.0,104.0,322.0,51.0,2411.0,255.0,335.0,"{""type"":""MultiPoint"",""coordinates"":[]}"
00000000000000000bd7,2.19,98.0,96.0,235.0,51.0,2342.0,292.0,461.0,"{""type"":""MultiPoint"",""coordinates"":[]}"
00000000000000000c97,2.19,176.0,-134.0,248.0,59.0,2763.0,280.0,653.0,"{""type"":""MultiPoint"",""coordinates"":[]}"
00000000000000000bb7,2.19,179.0,96.0,206.0,59.0,2556.0,254.0,429.0,"{""type"":""MultiPoint"",""coordinates"":[]}"
00000000000000000f71,2.19,27.0,644.0,282.0,61.0,2011.0,446.0,1383.0,"{""type"":""MultiPoint"",""coordinates"":[]}"
00000000000000000d91,2.19,184.0,354.0,289.0,61.0,2166.0,489.0,903.0,"{""type"":""MultiPoint"",""coordinates"":[]}"
00000000000000000fa3,2.19,93.0,72.0,455.0,63.0,2453.0,246.0,1433.0,"{""type"":""MultiPoint"",""coordinates"":[]}"
00000000000000000fc8,2.19,91.0,567.0,420.0,63.0,2013.0,418.0,1470.0,"{""type"":""MultiPoint"",""coordinates"":[]}"
00000000000000001159,2.19,115.0,295.0,189.0,67.0,2354.0,336.0,1871.0,"{""type"":""MultiPoint"",""coordinates"":[]}"
0000000000000000117f,2.19,115.0,834.0,379.0,67.0,2181.0,349.0,1909.0,"{""type"":""MultiPoint"",""coordinates"":[]}"
000000000000000003ef,2.44,120.0,733.0,426.0,36.0,2125.0,447.0,6512.0,"{""type"":""MultiPoint"",""coordinates"":[]}"
0000000000000000150d,2.44,614.0,413.0,242.0,36.0,2214.0,273.0,2819.0,"{""type"":""MultiPoint"",""coordinates"":[]}"
00000000000000001577,2.44,655.0,311.0,261.0,36.0,2279.0,232.0,2925.0,"{""type"":""MultiPoint"",""coordinates"":[]}"
0000000000000000138d,2.44,631.0,371.0,157.0,36.0,2322.0,250.0,2435.0,"{""type"":""MultiPoint"",""coordinates"":[]}"
0000000000000000189e,2.44,582.0,81.0,440.0,38.0,2508.0,394.0,3766.0,"{""type"":""MultiPoint"",""coordinates"":[]}"
000000000000000017bb,2.44,593.0,441.0,239.0,38.0,2197.0,326.0,3539.0,"{""type"":""MultiPoint"",""coordinates"":[]}"
000000000000000017a3,2.44,564.0,-65.0,281.0,38.0,2405.0,193.0,3515.0,"{""type"":""MultiPoint"",""coordinates"":[]}"
00000000000000000385,2.44,467.0,440.0,262.0,44.0,2268.0,383.0,6406.0,"{""type"":""MultiPoint"",""coordinates"":[]}"
00000000000000000980,2.44,234.0,476.0,279.0,44.0,2098.0,414.0,7937.0,"{""type"":""MultiPoint"",""coordinates"":[]}"
0000000000000000034c,2.44,591.0,486.0,237.0,44.0,2085.0,450.0,6349.0,"{""type"":""MultiPoint"",""coordinates"":[]}"
00000000000000000263,2.44,560.0,222.0,245.0,44.0,2368.0,279.0,6116.0,"{""type"":""MultiPoint"",""coordinates"":[]}"
0000000000000000033f,2.44,593.0,-47.0,119.0,44.0,2573.0,108.0,6336.0,"{""type"":""MultiPoint"",""coordinates"":[]}"
0000000000000000075e,2.44,299.0,26.0,275.0,44.0,2379.0,296.0,7391.0,"{""type"":""MultiPoint"",""coordinates"":[]}"
00000000000000000250,2.44,598.0,120.0,240.0,44.0,2426.0,267.0,6097.0,"{""type"":""MultiPoint"",""coordinates"":[]}"
00000000000000000674,2.44,356.0,-16.0,302.0,48.0,2267.0,207.0,7157.0,"{""type"":""MultiPoint"",""coordinates"":[]}"
00000000000000001d22,2.44,156.0,40.0,330.0,54.0,2385.0,443.0,4922.0,"{""type"":""MultiPoint"",""coordinates"":[]}"
00000000000000000a2b,2.44,187.0,407.0,245.0,60.0,2246.0,385.0,33.0,"{""type"":""MultiPoint"",""coordinates"":[]}"
00000000000000001023,2.44,64.0,535.0,381.0,64.0,1961.0,564.0,1561.0,"{""type"":""MultiPoint"",""coordinates"":[]}"
00000000000000001032,2.44,64.0,717.0,187.0,64.0,2298.0,320.0,1576.0,"{""type"":""MultiPoint"",""coordinates"":[]}"
00000000000000001bae,2.44,608.0,209.0,127.0,37.0,2456.0,167.0,4550.0,"{""type"":""MultiPoint"",""coordinates"":[]}"
000000000000000016be,2.44,736.0,234.0,446.0,37.0,2248.0,473.0,3286.0,"{""type"":""MultiPoint"",""coordinates"":[]}"
000000000000000016bd,2.44,651.0,279.0,308.0,37.0,2337.0,404.0,3285.0,"{""type"":""MultiPoint"",""coordinates"":[]}"
00000000000000001b36,2.44,752.0,67.0,2.0,37.0,2755.0,56.0,4430.0,"{""type"":""MultiPoint"",""coordinates"":[]}"
000000000000000016c3,2.44,763.0,299.0,385.0,37.0,2197.0,484.0,3291.0,"{""type"":""MultiPoint"",""coordinates"":[]}"
00000000000000001d0d,2.44,637.0,366.0,332.0,37.0,2373.0,371.0,4901.0,"{""type"":""MultiPoint"",""coordinates"":[]}"
0000000000000000085c,2.44,375.0,-17.0,141.0,43.0,2583.0,199.0,7645.0,"{""type"":""MultiPoint"",""coordinates"":[]}"
000000000000000007ad,2.44,313.0,376.0,222.0,43.0,2121.0,354.0,7470.0,"{""type"":""MultiPoint"",""coordinates"":[]}"
00000000000000000881,2.44,330.0,270.0,334.0,43.0,2311.0,380.0,7682.0,"{""type"":""MultiPoint"",""coordinates"":[]}"
000000000000000007c4,2.44,315.0,310.0,228.0,43.0,2139.0,345.0,7493.0,"{""type"":""MultiPoint"",""coordinates"":[]}"
00000000000000001e6c,2.44,342.0,254.0,365.0,45.0,2183.0,488.0,5252.0,"{""type"":""MultiPoint"",""coordinates"":[]}"
00000000000000000ee0,2.44,153.0,524.0,355.0,49.0,2524.0,352.0,1238.0,"{""type"":""MultiPoint"",""coordinates"":[]}"
00000000000000000075,2.44,307.0,111.0,278.0,49.0,2509.0,249.0,5622.0,"{""type"":""MultiPoint"",""coordinates"":[]}"
0000000000000000073f,2.44,203.0,176.0,386.0,49.0,2230.0,336.0,7360.0,"{""type"":""MultiPoint"",""coordinates"":[]}"
000000000000000000e5,2.44,281.0,137.0,258.0,49.0,2366.0,345.0,5734.0,"{""type"":""MultiPoint"",""coordinates"":[]}"
0000000000000000010c,2.44,281.0,135.0,258.0,49.0,2368.0,344.0,5773.0,"{""type"":""MultiPoint"",""coordinates"":[]}"
00000000000000001f73,2.44,298.0,410.0,386.0,49.0,2097.0,494.0,5515.0,"{""type"":""MultiPoint"",""coordinates"":[]}"
00000000000000000b32,2.44,172.0,364.0,386.0,51.0,2145.0,437.0,296.0,"{""type"":""MultiPoint"",""coordinates"":[]}"
00000000000000000f81,2.44,20.0,384.0,198.0,61.0,2141.0,383.0,1399.0,"{""type"":""MultiPoint"",""coordinates"":[]}"
00000000000000000f97,2.44,97.0,464.0,447.0,63.0,2056.0,392.0,1421.0,"{""type"":""MultiPoint"",""coordinates"":[]}"
00000000000000001116,2.44,242.0,545.0,245.0,66.0,1889.0,556.0,1804.0,"{""type"":""MultiPoint"",""coordinates"":[]}"
00000000000000001423,2.21,1136.0,201.0,179.0,36.0,2280.0,284.0,2585.0,"{""type"":""MultiPoint"",""coordinates"":[]}"
0000000000000000049e,2.21,677.0,256.0,181.0,38.0,2491.0,219.0,6687.0,"{""type"":""MultiPoint"",""coordinates"":[]}"
000000000000000018c3,2.21,584.0,152.0,285.0,38.0,2513.0,227.0,3803.0,"{""type"":""MultiPoint"",""coordinates"":[]}"
0000000000000000177f,2.21,511.0,-19.0,275.0,38.0,2345.0,222.0,3479.0,"{""type"":""MultiPoint"",""coordinates"":[]}"
000000000000000017fe,2.21,574.0,-41.0,235.0,38.0,2390.0,166.0,3606.0,"{""type"":""MultiPoint"",""coordinates"":[]}"
0000000000000000099d,2.21,257.0,419.0,343.0,44.0,1957.0,531.0,7966.0,"{""type"":""MultiPoint"",""coordinates"":[]}"
00000000000000001e10,2.21,578.0,4.0,93.0,44.0,2508.0,93.0,5160.0,"{""type"":""MultiPoint"",""coordinates"":[]}"
0000000000000000092b,2.21,290.0,489.0,231.0,44.0,2279.0,338.0,7852.0,"{""type"":""MultiPoint"",""coordinates"":[]}"
00000000000000000795,2.21,266.0,703.0,356.0,44.0,1789.0,579.0,7446.0,"{""type"":""MultiPoint"",""coordinates"":[]}"
00000000000000000dc3,2.21,26.0,100.0,216.0,48.0,2436.0,389.0,953.0,"{""type"":""MultiPoint"",""coordinates"":[]}"
00000000000000000dc7,2.21,26.0,141.0,411.0,48.0,2216.0,524.0,957.0,"{""type"":""MultiPoint"",""coordinates"":[]}"
00000000000000000dc9,2.21,26.0,-197.0,492.0,48.0,2729.0,442.0,959.0,"{""type"":""MultiPoint"",""coordinates"":[]}"
00000000000000000dc8,2.21,27.0,-123.0,252.0,48.0,2333.0,436.0,958.0,"{""type"":""MultiPoint"",""coordinates"":[]}"
000000000000000006aa,2.21,386.0,218.0,213.0,48.0,2468.0,235.0,7211.0,"{""type"":""MultiPoint"",""coordinates"":[]}"
0000000000000000064f,2.21,388.0,-1.0,109.0,48.0,2418.0,50.0,7120.0,"{""type"":""MultiPoint"",""coordinates"":[]}"
0000000000000000065a,2.21,377.0,0.0,448.0,48.0,2475.0,399.0,7131.0,"{""type"":""MultiPoint"",""coordinates"":[]}"
00000000000000000deb,2.21,57.0,601.0,359.0,52.0,1907.0,608.0,993.0,"{""type"":""MultiPoint"",""coordinates"":[]}"
00000000000000000a75,2.21,87.0,77.0,405.0,56.0,2415.0,443.0,107.0,"{""type"":""MultiPoint"",""coordinates"":[]}"
00000000000000000f19,2.21,53.0,-180.0,-12.0,60.0,2616.0,77.0,1295.0,"{""type"":""MultiPoint"",""coordinates"":[]}"
00000000000000000a47,2.21,181.0,239.0,221.0,60.0,2254.0,407.0,61.0,"{""type"":""MultiPoint"",""coordinates"":[]}"
00000000000000001067,2.21,58.0,595.0,421.0,64.0,2319.0,455.0,1629.0,"{""type"":""MultiPoint"",""coordinates"":[]}"
00000000000000001071,2.21,60.0,64.0,-184.0,64.0,2815.0,82.0,1639.0,"{""type"":""MultiPoint"",""coordinates"":[]}"
00000000000000001072,2.21,60.0,-22.0,-261.0,64.0,2904.0,118.0,1640.0,"{""type"":""MultiPoint"",""coordinates"":[]}"
000000000000000010b0,2.21,224.0,331.0,291.0,65.0,2206.0,395.0,1702.0,"{""type"":""MultiPoint"",""coordinates"":[]}"
000000000000000011df,2.21,643.0,505.0,240.0,35.0,2090.0,323.0,2005.0,"{""type"":""MultiPoint"",""coordinates"":[]}"
00000000000000001b19,2.21,585.0,43.0,263.0,37.0,2456.0,276.0,4401.0,"{""type"":""MultiPoint"",""coordinates"":[]}"
00000000000000000434,2.21,1015.0,0.0,60.0,37.0,2757.0,108.0,6581.0,"{""type"":""MultiPoint"",""coordinates"":[]}"
00000000000000001b93,2.21,664.0,152.0,293.0,37.0,2402.0,296.0,4523.0,"{""type"":""MultiPoint"",""coordinates"":[]}"
0000000000000000164b,2.21,794.0,18.0,163.0,37.0,2322.0,155.0,3171.0,"{""type"":""MultiPoint"",""coordinates"":[]}"
00000000000000001b77,2.21,606.0,51.0,189.0,37.0,2305.0,170.0,4495.0,"{""type"":""MultiPoint"",""coordinates"":[]}"
000000000000000005fc,2.21,417.0,27.0,300.0,49.0,2560.0,209.0,7037.0,"{""type"":""MultiPoint"",""coordinates"":[]}"
0000000000000000015a,2.21,217.0,154.0,193.0,49.0,2572.0,211.0,5851.0,"{""type"":""MultiPoint"",""coordinates"":[]}"
00000000000000001f55,2.21,276.0,39.0,121.0,49.0,2555.0,97.0,5485.0,"{""type"":""MultiPoint"",""coordinates"":[]}"
00000000000000000e06,2.21,57.0,762.0,295.0,51.0,2104.0,499.0,1020.0,"{""type"":""MultiPoint"",""coordinates"":[]}"
00000000000000000c29,2.21,142.0,321.0,353.0,51.0,2304.0,361.0,543.0,"{""type"":""MultiPoint"",""coordinates"":[]}"
00000000000000000bb2,2.21,179.0,241.0,253.0,59.0,2376.0,346.0,424.0,"{""type"":""MultiPoint"",""coordinates"":[]}"
00000000000000000d90,2.21,184.0,403.0,238.0,61.0,2198.0,450.0,902.0,"{""type"":""MultiPoint"",""coordinates"":[]}"
00000000000000000d5c,2.21,177.0,294.0,293.0,61.0,2319.0,429.0,850.0,"{""type"":""MultiPoint"",""coordinates"":[]}"
00000000000000000fca,2.21,90.0,668.0,320.0,63.0,2160.0,313.0,1472.0,"{""type"":""MultiPoint"",""coordinates"":[]}"
00000000000000000f8f,2.21,99.0,352.0,395.0,63.0,2112.0,423.0,1413.0,"{""type"":""MultiPoint"",""coordinates"":[]}"
000000000000000011b2,2.21,301.0,308.0,88.0,67.0,2504.0,291.0,1960.0,"{""type"":""MultiPoint"",""coordinates"":[]}"
000000000000000011b7,2.21,301.0,430.0,197.0,67.0,2292.0,383.0,1965.0,"{""type"":""MultiPoint"",""coordinates"":[]}"
